2026-09-17 13:57:13,659:WARNING:
'cuml' is a soft dependency and not included in the pycaret installation. Please run: `pip install cuml` to install.
2026-09-17 13:57:13,659:WARNING:
'cuml' is a soft dependency and not included in the pycaret installation. Please run: `pip install cuml` to install.
2026-09-17 13:57:13,659:WARNING:
'cuml' is a soft dependency and not included in the pycaret installation. Please run: `pip install cuml` to install.
2026-09-17 13:57:13,659:WARNING:
'cuml' is a soft dependency and not included in the pycaret installation. Please run: `pip install cuml` to install.
2026-09-17 13:57:14,397:INFO:PyCaret ClassificationExperiment
2026-09-17 13:57:14,397:INFO:Logging name: clf-default-name
2026-09-17 13:57:14,397:INFO:ML Usecase: MLUsecase.CLASSIFICATION
2026-09-17 13:57:14,397:INFO:version 3.3.2
2026-09-17 13:57:14,397:INFO:Initializing setup()
2026-09-17 13:57:14,397:INFO:self.USI: 18d5
2026-09-17 13:57:14,397:INFO:self._variable_keys: {'gpu_n_jobs_param', 'exp_id', 'y_test', 'X_train', 'fold_generator', 'data', 'target_param', 'logging_param', 'is_multiclass', 'USI', 'log_plots_param', 'n_jobs_param', 'gpu_param', 'html_param', '_ml_usecase', 'fold_groups_param', 'X_test', 'pipeline', 'fold_shuffle_param', 'fix_imbalance', 'seed', 'X', 'y', 'idx', 'memory', '_available_plots', 'y_train', 'exp_name_log'}
2026-09-17 13:57:14,397:INFO:Checking environment
2026-09-17 13:57:14,397:INFO:python_version: 3.11.0
2026-09-17 13:57:14,397:INFO:python_build: ('main', 'Oct 24 2022 18:26:48')
2026-09-17 13:57:14,397:INFO:machine: AMD64
2026-09-17 13:57:14,407:INFO:platform: Windows-10-10.0.26200-SP0
2026-09-17 13:57:14,407:INFO:Memory: svmem(total=16869548032, available=2848735232, percent=83.1, used=14020812800, free=2848735232)
2026-09-17 13:57:14,407:INFO:Physical Core: 14
2026-09-17 13:57:14,407:INFO:Logical Core: 20
2026-09-17 13:57:14,407:INFO:Checking libraries
2026-09-17 13:57:14,407:INFO:System:
2026-09-17 13:57:14,407:INFO:    python: 3.11.0 (main, Oct 24 2022, 18:26:48) [MSC v.1933 64 bit (AMD64)]
2026-09-17 13:57:14,407:INFO:executable: C:\Users\Putra\AppData\Local\Programs\Python\Python311\python.exe
2026-09-17 13:57:14,407:INFO:   machine: Windows-10-10.0.26200-SP0
2026-09-17 13:57:14,407:INFO:PyCaret required dependencies:
2026-09-17 13:57:14,408:WARNING:C:\Users\Putra\AppData\Local\Programs\Python\Python311\Lib\site-packages\_distutils_hack\__init__.py:33: UserWarning: Setuptools is replacing distutils.
  warnings.warn("Setuptools is replacing distutils.")

2026-09-17 13:57:14,427:INFO:                 pip: 26.2.1
2026-09-17 13:57:14,427:INFO:          setuptools: 65.5.0
2026-09-17 13:57:14,427:INFO:             pycaret: 3.3.2
2026-09-17 13:57:14,427:INFO:             IPython: 9.17.1
2026-09-17 13:57:14,427:INFO:          ipywidgets: 8.1.9
2026-09-17 13:57:14,429:INFO:                tqdm: 4.70.1
2026-09-17 13:57:14,429:INFO:               numpy: 1.26.4
2026-09-17 13:57:14,429:INFO:              pandas: 2.1.4
2026-09-17 13:57:14,429:INFO:              jinja2: 3.1.6
2026-09-17 13:57:14,429:INFO:               scipy: 1.11.4
2026-09-17 13:57:14,429:INFO:              joblib: 1.3.2
2026-09-17 13:57:14,429:INFO:             sklearn: 1.4.2
2026-09-17 13:57:14,429:INFO:                pyod: 3.4.0
2026-09-17 13:57:14,429:INFO:            imblearn: 0.14.2
2026-09-17 13:57:14,429:INFO:   category_encoders: 2.7.0
2026-09-17 13:57:14,429:INFO:            lightgbm: 4.7.0
2026-09-17 13:57:14,429:INFO:               numba: 0.67.0
2026-09-17 13:57:14,429:INFO:            requests: 2.34.2
2026-09-17 13:57:14,429:INFO:          matplotlib: 3.7.5
2026-09-17 13:57:14,429:INFO:          scikitplot: 0.3.7
2026-09-17 13:57:14,429:INFO:         yellowbrick: 1.5
2026-09-17 13:57:14,429:INFO:              plotly: 6.9.0
2026-09-17 13:57:14,429:INFO:    plotly-resampler: Not installed
2026-09-17 13:57:14,429:INFO:             kaleido: 1.4.0
2026-09-17 13:57:14,429:INFO:           schemdraw: 0.15
2026-09-17 13:57:14,429:INFO:         statsmodels: 0.15.0
2026-09-17 13:57:14,429:INFO:              sktime: 0.26.0
2026-09-17 13:57:14,429:INFO:               tbats: 1.1.3
2026-09-17 13:57:14,429:INFO:            pmdarima: 2.0.4
2026-09-17 13:57:14,429:INFO:              psutil: 7.2.2
2026-09-17 13:57:14,429:INFO:          markupsafe: 3.0.3
2026-09-17 13:57:14,429:INFO:             pickle5: Not installed
2026-09-17 13:57:14,429:INFO:         cloudpickle: 3.1.2
2026-09-17 13:57:14,429:INFO:         deprecation: 2.1.0
2026-09-17 13:57:14,429:INFO:              xxhash: 4.0.1
2026-09-17 13:57:14,429:INFO:           wurlitzer: Not installed
2026-09-17 13:57:14,429:INFO:PyCaret optional dependencies:
2026-09-17 13:57:14,452:INFO:                shap: Not installed
2026-09-17 13:57:14,452:INFO:           interpret: Not installed
2026-09-17 13:57:14,452:INFO:                umap: Not installed
2026-09-17 13:57:14,452:INFO:     ydata_profiling: Not installed
2026-09-17 13:57:14,452:INFO:  explainerdashboard: Not installed
2026-09-17 13:57:14,452:INFO:             autoviz: Not installed
2026-09-17 13:57:14,452:INFO:           fairlearn: Not installed
2026-09-17 13:57:14,452:INFO:          deepchecks: Not installed
2026-09-17 13:57:14,452:INFO:             xgboost: 2.1.4
2026-09-17 13:57:14,452:INFO:            catboost: Not installed
2026-09-17 13:57:14,452:INFO:              kmodes: Not installed
2026-09-17 13:57:14,452:INFO:             mlxtend: Not installed
2026-09-17 13:57:14,452:INFO:       statsforecast: Not installed
2026-09-17 13:57:14,452:INFO:        tune_sklearn: Not installed
2026-09-17 13:57:14,452:INFO:                 ray: Not installed
2026-09-17 13:57:14,452:INFO:            hyperopt: Not installed
2026-09-17 13:57:14,452:INFO:              optuna: Not installed
2026-09-17 13:57:14,453:INFO:               skopt: Not installed
2026-09-17 13:57:14,453:INFO:              mlflow: Not installed
2026-09-17 13:57:14,453:INFO:              gradio: Not installed
2026-09-17 13:57:14,453:INFO:             fastapi: Not installed
2026-09-17 13:57:14,453:INFO:             uvicorn: Not installed
2026-09-17 13:57:14,453:INFO:              m2cgen: Not installed
2026-09-17 13:57:14,453:INFO:           evidently: Not installed
2026-09-17 13:57:14,453:INFO:               fugue: Not installed
2026-09-17 13:57:14,453:INFO:           streamlit: Not installed
2026-09-17 13:57:14,453:INFO:             prophet: Not installed
2026-09-17 13:57:14,453:INFO:None
2026-09-17 13:57:14,453:INFO:Set up data.
2026-09-17 13:57:14,458:INFO:Set up folding strategy.
2026-09-17 13:57:14,458:INFO:Set up train/test split.
2026-09-17 13:57:14,464:INFO:Set up index.
2026-09-17 13:57:14,466:INFO:Assigning column types.
2026-09-17 13:57:14,469:INFO:Engine successfully changes for model 'lr' to 'sklearn'.
2026-09-17 13:57:14,491:INFO:Engine for model 'knn' has not been set explicitly, hence returning None.
2026-09-17 13:57:14,494:INFO:Engine for model 'rbfsvm' has not been set explicitly, hence returning None.
2026-09-17 13:57:14,512:INFO:Soft dependency imported: xgboost: 2.1.4
2026-09-17 13:57:14,513:WARNING:
'catboost' is a soft dependency and not included in the pycaret installation. Please run: `pip install catboost` to install.
Alternately, you can install this by running `pip install pycaret[models]`
2026-09-17 13:57:14,534:INFO:Engine for model 'knn' has not been set explicitly, hence returning None.
2026-09-17 13:57:14,534:INFO:Engine for model 'rbfsvm' has not been set explicitly, hence returning None.
2026-09-17 13:57:14,547:INFO:Soft dependency imported: xgboost: 2.1.4
2026-09-17 13:57:14,548:WARNING:
'catboost' is a soft dependency and not included in the pycaret installation. Please run: `pip install catboost` to install.
Alternately, you can install this by running `pip install pycaret[models]`
2026-09-17 13:57:14,548:INFO:Engine successfully changes for model 'knn' to 'sklearn'.
2026-09-17 13:57:14,571:INFO:Engine for model 'rbfsvm' has not been set explicitly, hence returning None.
2026-09-17 13:57:14,585:INFO:Soft dependency imported: xgboost: 2.1.4
2026-09-17 13:57:14,586:WARNING:
'catboost' is a soft dependency and not included in the pycaret installation. Please run: `pip install catboost` to install.
Alternately, you can install this by running `pip install pycaret[models]`
2026-09-17 13:57:14,608:INFO:Engine for model 'rbfsvm' has not been set explicitly, hence returning None.
2026-09-17 13:57:14,621:INFO:Soft dependency imported: xgboost: 2.1.4
2026-09-17 13:57:14,623:WARNING:
'catboost' is a soft dependency and not included in the pycaret installation. Please run: `pip install catboost` to install.
Alternately, you can install this by running `pip install pycaret[models]`
2026-09-17 13:57:14,624:INFO:Engine successfully changes for model 'rbfsvm' to 'sklearn'.
2026-09-17 13:57:14,658:INFO:Soft dependency imported: xgboost: 2.1.4
2026-09-17 13:57:14,660:WARNING:
'catboost' is a soft dependency and not included in the pycaret installation. Please run: `pip install catboost` to install.
Alternately, you can install this by running `pip install pycaret[models]`
2026-09-17 13:57:14,695:INFO:Soft dependency imported: xgboost: 2.1.4
2026-09-17 13:57:14,696:WARNING:
'catboost' is a soft dependency and not included in the pycaret installation. Please run: `pip install catboost` to install.
Alternately, you can install this by running `pip install pycaret[models]`
2026-09-17 13:57:14,698:INFO:Preparing preprocessing pipeline...
2026-09-17 13:57:14,701:INFO:Set up simple imputation.
2026-09-17 13:57:14,701:INFO:Set up column name cleaning.
2026-09-17 13:57:14,715:INFO:Finished creating preprocessing pipeline.
2026-09-17 13:57:14,718:INFO:Pipeline: Pipeline(memory=FastMemory(location=C:\Users\Putra\AppData\Local\Temp\joblib),
         steps=[('numerical_imputer',
                 TransformerWrapper(exclude=None,
                                    include=['sepal length (cm)',
                                             'sepal width (cm)',
                                             'petal length (cm)',
                                             'petal width (cm)'],
                                    transformer=SimpleImputer(add_indicator=False,
                                                              copy=True,
                                                              fill_value=None,
                                                              keep_empty_features=False,
                                                              missing_values=nan,
                                                              strategy='mean'...
                ('categorical_imputer',
                 TransformerWrapper(exclude=None, include=[],
                                    transformer=SimpleImputer(add_indicator=False,
                                                              copy=True,
                                                              fill_value=None,
                                                              keep_empty_features=False,
                                                              missing_values=nan,
                                                              strategy='most_frequent'))),
                ('clean_column_names',
                 TransformerWrapper(exclude=None, include=None,
                                    transformer=CleanColumnNames(match='[\\]\\[\\,\\{\\}\\"\\:]+')))],
         verbose=False)
2026-09-17 13:57:14,718:INFO:Creating final display dataframe.
2026-09-17 13:57:14,749:INFO:Setup _display_container:                     Description             Value
0                    Session id              5710
1                        Target            Target
2                   Target type        Multiclass
3           Original data shape          (150, 5)
4        Transformed data shape          (150, 5)
5   Transformed train set shape          (105, 5)
6    Transformed test set shape           (45, 5)
7              Numeric features                 4
8                    Preprocess              True
9               Imputation type            simple
10           Numeric imputation              mean
11       Categorical imputation              mode
12               Fold Generator   StratifiedKFold
13                  Fold Number                10
14                     CPU Jobs                -1
15                      Use GPU             False
16               Log Experiment             False
17              Experiment Name  clf-default-name
18                          USI              18d5
2026-09-17 13:57:14,787:INFO:Soft dependency imported: xgboost: 2.1.4
2026-09-17 13:57:14,788:WARNING:
'catboost' is a soft dependency and not included in the pycaret installation. Please run: `pip install catboost` to install.
Alternately, you can install this by running `pip install pycaret[models]`
2026-09-17 13:57:14,826:INFO:Soft dependency imported: xgboost: 2.1.4
2026-09-17 13:57:14,828:WARNING:
'catboost' is a soft dependency and not included in the pycaret installation. Please run: `pip install catboost` to install.
Alternately, you can install this by running `pip install pycaret[models]`
2026-09-17 13:57:14,829:INFO:setup() successfully completed in 0.43s...............
2026-09-17 13:57:14,829:INFO:Initializing compare_models()
2026-09-17 13:57:14,829:INFO:compare_models(self=<pycaret.classification.oop.ClassificationExperiment object at 0x000001FB642DFCD0>, include=None, exclude=None, fold=None, round=4, cross_validation=True, sort=Accuracy, n_select=1, budget_time=None, turbo=True, errors=ignore, fit_kwargs=None, groups=None, experiment_custom_tags=None, probability_threshold=None, verbose=True, parallel=None, caller_params={'self': <pycaret.classification.oop.ClassificationExperiment object at 0x000001FB642DFCD0>, 'include': None, 'exclude': None, 'fold': None, 'round': 4, 'cross_validation': True, 'sort': 'Accuracy', 'n_select': 1, 'budget_time': None, 'turbo': True, 'errors': 'ignore', 'fit_kwargs': None, 'groups': None, 'experiment_custom_tags': None, 'probability_threshold': None, 'engine': None, 'verbose': True, 'parallel': None, '__class__': <class 'pycaret.classification.oop.ClassificationExperiment'>})
2026-09-17 13:57:14,829:INFO:Checking exceptions
2026-09-17 13:57:14,832:INFO:Preparing display monitor
2026-09-17 13:57:14,835:INFO:Initializing Logistic Regression
2026-09-17 13:57:14,836:INFO:Total runtime is 1.683235168457031e-05 minutes
2026-09-17 13:57:14,836:INFO:SubProcess create_model() called ==================================
2026-09-17 13:57:14,836:INFO:Initializing create_model()
2026-09-17 13:57:14,836:INFO:create_model(self=<pycaret.classification.oop.ClassificationExperiment object at 0x000001FB642DFCD0>, estimator=lr, fold=StratifiedKFold(n_splits=10, random_state=None, shuffle=False), round=4, cross_validation=True, predict=True, fit_kwargs={}, groups=None, refit=False, probability_threshold=None, experiment_custom_tags=None, verbose=False, system=False, add_to_model_list=True, metrics=None, display=<pycaret.internal.display.display.CommonDisplay object at 0x000001FB6AD5ED10>, model_only=True, return_train_score=False, error_score=0.0, kwargs={})
2026-09-17 13:57:14,836:INFO:Checking exceptions
2026-09-17 13:57:14,836:INFO:Importing libraries
2026-09-17 13:57:14,836:INFO:Copying training dataset
2026-09-17 13:57:14,837:INFO:Defining folds
2026-09-17 13:57:14,837:INFO:Declaring metric variables
2026-09-17 13:57:14,837:INFO:Importing untrained model
2026-09-17 13:57:14,837:INFO:Logistic Regression Imported successfully
2026-09-17 13:57:14,837:INFO:Starting cross validation
2026-09-17 13:57:14,838:INFO:Cross validating with StratifiedKFold(n_splits=10, random_state=None, shuffle=False), n_jobs=-1
2026-09-17 13:57:16,940:WARNING:C:\Users\Putra\AppData\Local\Programs\Python\Python311\Lib\site-packages\_distutils_hack\__init__.py:33: UserWarning: Setuptools is replacing distutils.
  warnings.warn("Setuptools is replacing distutils.")

2026-09-17 13:57:16,952:WARNING:C:\Users\Putra\AppData\Local\Programs\Python\Python311\Lib\site-packages\_distutils_hack\__init__.py:33: UserWarning: Setuptools is replacing distutils.
  warnings.warn("Setuptools is replacing distutils.")

2026-09-17 13:57:16,957:WARNING:C:\Users\Putra\AppData\Local\Programs\Python\Python311\Lib\site-packages\_distutils_hack\__init__.py:33: UserWarning: Setuptools is replacing distutils.
  warnings.warn("Setuptools is replacing distutils.")

2026-09-17 13:57:16,964:WARNING:C:\Users\Putra\AppData\Local\Programs\Python\Python311\Lib\site-packages\_distutils_hack\__init__.py:33: UserWarning: Setuptools is replacing distutils.
  warnings.warn("Setuptools is replacing distutils.")

2026-09-17 13:57:16,967:WARNING:C:\Users\Putra\AppData\Local\Programs\Python\Python311\Lib\site-packages\_distutils_hack\__init__.py:33: UserWarning: Setuptools is replacing distutils.
  warnings.warn("Setuptools is replacing distutils.")

2026-09-17 13:57:16,971:WARNING:C:\Users\Putra\AppData\Local\Programs\Python\Python311\Lib\site-packages\_distutils_hack\__init__.py:33: UserWarning: Setuptools is replacing distutils.
  warnings.warn("Setuptools is replacing distutils.")

2026-09-17 13:57:16,971:WARNING:C:\Users\Putra\AppData\Local\Programs\Python\Python311\Lib\site-packages\_distutils_hack\__init__.py:33: UserWarning: Setuptools is replacing distutils.
  warnings.warn("Setuptools is replacing distutils.")

2026-09-17 13:57:16,974:WARNING:C:\Users\Putra\AppData\Local\Programs\Python\Python311\Lib\site-packages\_distutils_hack\__init__.py:33: UserWarning: Setuptools is replacing distutils.
  warnings.warn("Setuptools is replacing distutils.")

2026-09-17 13:57:16,978:WARNING:C:\Users\Putra\AppData\Local\Programs\Python\Python311\Lib\site-packages\_distutils_hack\__init__.py:33: UserWarning: Setuptools is replacing distutils.
  warnings.warn("Setuptools is replacing distutils.")

2026-09-17 13:57:16,980:WARNING:C:\Users\Putra\AppData\Local\Programs\Python\Python311\Lib\site-packages\_distutils_hack\__init__.py:33: UserWarning: Setuptools is replacing distutils.
  warnings.warn("Setuptools is replacing distutils.")

2026-09-17 13:57:17,510:WARNING:C:\Users\Putra\AppData\Local\Programs\Python\Python311\Lib\site-packages\pycaret\internal\metrics.py:204: FitFailedWarning: Metric 'make_scorer(roc_auc_score, response_method=('decision_function', 'predict_proba'), average=weighted, multi_class=ovr)' failed and error score 0.0 has been returned instead. If this is a custom metric, this usually means that the error is in the metric code. Full exception below:
Traceback (most recent call last):
  File "C:\Users\Putra\AppData\Local\Programs\Python\Python311\Lib\site-packages\pycaret\internal\metrics.py", line 196, in _score
    return super()._score(
           ^^^^^^^^^^^^^^^
  File "C:\Users\Putra\AppData\Local\Programs\Python\Python311\Lib\site-packages\sklearn\metrics\_scorer.py", line 350, in _score
    return self._sign * self._score_func(y_true, y_pred, **scoring_kwargs)
                        ^^^^^^^^^^^^^^^^^^^^^^^^^^^^^^^^^^^^^^^^^^^^^^^^^^
  File "C:\Users\Putra\AppData\Local\Programs\Python\Python311\Lib\site-packages\pycaret\internal\metrics.py", line 144, in __call__
    return self.score_func(y_true, y_pred, **kwargs)
           ^^^^^^^^^^^^^^^^^^^^^^^^^^^^^^^^^^^^^^^^^
  File "C:\Users\Putra\AppData\Local\Programs\Python\Python311\Lib\site-packages\sklearn\utils\_param_validation.py", line 213, in wrapper
    return func(*args, **kwargs)
           ^^^^^^^^^^^^^^^^^^^^^
  File "C:\Users\Putra\AppData\Local\Programs\Python\Python311\Lib\site-packages\sklearn\metrics\_ranking.py", line 634, in roc_auc_score
    return _multiclass_roc_auc_score(
           ^^^^^^^^^^^^^^^^^^^^^^^^^^
  File "C:\Users\Putra\AppData\Local\Programs\Python\Python311\Lib\site-packages\sklearn\metrics\_ranking.py", line 707, in _multiclass_roc_auc_score
    raise ValueError(
ValueError: Target scores need to be probabilities for multiclass roc_auc, i.e. they should sum up to 1.0 over classes

  warnings.warn(

2026-09-17 13:57:17,518:WARNING:C:\Users\Putra\AppData\Local\Programs\Python\Python311\Lib\site-packages\pycaret\internal\metrics.py:204: FitFailedWarning: Metric 'make_scorer(roc_auc_score, response_method=('decision_function', 'predict_proba'), average=weighted, multi_class=ovr)' failed and error score 0.0 has been returned instead. If this is a custom metric, this usually means that the error is in the metric code. Full exception below:
Traceback (most recent call last):
  File "C:\Users\Putra\AppData\Local\Programs\Python\Python311\Lib\site-packages\pycaret\internal\metrics.py", line 196, in _score
    return super()._score(
           ^^^^^^^^^^^^^^^
  File "C:\Users\Putra\AppData\Local\Programs\Python\Python311\Lib\site-packages\sklearn\metrics\_scorer.py", line 350, in _score
    return self._sign * self._score_func(y_true, y_pred, **scoring_kwargs)
                        ^^^^^^^^^^^^^^^^^^^^^^^^^^^^^^^^^^^^^^^^^^^^^^^^^^
  File "C:\Users\Putra\AppData\Local\Programs\Python\Python311\Lib\site-packages\pycaret\internal\metrics.py", line 144, in __call__
    return self.score_func(y_true, y_pred, **kwargs)
           ^^^^^^^^^^^^^^^^^^^^^^^^^^^^^^^^^^^^^^^^^
  File "C:\Users\Putra\AppData\Local\Programs\Python\Python311\Lib\site-packages\sklearn\utils\_param_validation.py", line 213, in wrapper
    return func(*args, **kwargs)
           ^^^^^^^^^^^^^^^^^^^^^
  File "C:\Users\Putra\AppData\Local\Programs\Python\Python311\Lib\site-packages\sklearn\metrics\_ranking.py", line 634, in roc_auc_score
    return _multiclass_roc_auc_score(
           ^^^^^^^^^^^^^^^^^^^^^^^^^^
  File "C:\Users\Putra\AppData\Local\Programs\Python\Python311\Lib\site-packages\sklearn\metrics\_ranking.py", line 707, in _multiclass_roc_auc_score
    raise ValueError(
ValueError: Target scores need to be probabilities for multiclass roc_auc, i.e. they should sum up to 1.0 over classes

  warnings.warn(

2026-09-17 13:57:17,522:WARNING:C:\Users\Putra\AppData\Local\Programs\Python\Python311\Lib\site-packages\pycaret\internal\metrics.py:204: FitFailedWarning: Metric 'make_scorer(roc_auc_score, response_method=('decision_function', 'predict_proba'), average=weighted, multi_class=ovr)' failed and error score 0.0 has been returned instead. If this is a custom metric, this usually means that the error is in the metric code. Full exception below:
Traceback (most recent call last):
  File "C:\Users\Putra\AppData\Local\Programs\Python\Python311\Lib\site-packages\pycaret\internal\metrics.py", line 196, in _score
    return super()._score(
           ^^^^^^^^^^^^^^^
  File "C:\Users\Putra\AppData\Local\Programs\Python\Python311\Lib\site-packages\sklearn\metrics\_scorer.py", line 350, in _score
    return self._sign * self._score_func(y_true, y_pred, **scoring_kwargs)
                        ^^^^^^^^^^^^^^^^^^^^^^^^^^^^^^^^^^^^^^^^^^^^^^^^^^
  File "C:\Users\Putra\AppData\Local\Programs\Python\Python311\Lib\site-packages\pycaret\internal\metrics.py", line 144, in __call__
    return self.score_func(y_true, y_pred, **kwargs)
           ^^^^^^^^^^^^^^^^^^^^^^^^^^^^^^^^^^^^^^^^^
  File "C:\Users\Putra\AppData\Local\Programs\Python\Python311\Lib\site-packages\sklearn\utils\_param_validation.py", line 213, in wrapper
    return func(*args, **kwargs)
           ^^^^^^^^^^^^^^^^^^^^^
  File "C:\Users\Putra\AppData\Local\Programs\Python\Python311\Lib\site-packages\sklearn\metrics\_ranking.py", line 634, in roc_auc_score
    return _multiclass_roc_auc_score(
           ^^^^^^^^^^^^^^^^^^^^^^^^^^
  File "C:\Users\Putra\AppData\Local\Programs\Python\Python311\Lib\site-packages\sklearn\metrics\_ranking.py", line 707, in _multiclass_roc_auc_score
    raise ValueError(
ValueError: Target scores need to be probabilities for multiclass roc_auc, i.e. they should sum up to 1.0 over classes

  warnings.warn(

2026-09-17 13:57:17,531:WARNING:C:\Users\Putra\AppData\Local\Programs\Python\Python311\Lib\site-packages\pycaret\internal\metrics.py:204: FitFailedWarning: Metric 'make_scorer(roc_auc_score, response_method=('decision_function', 'predict_proba'), average=weighted, multi_class=ovr)' failed and error score 0.0 has been returned instead. If this is a custom metric, this usually means that the error is in the metric code. Full exception below:
Traceback (most recent call last):
  File "C:\Users\Putra\AppData\Local\Programs\Python\Python311\Lib\site-packages\pycaret\internal\metrics.py", line 196, in _score
    return super()._score(
           ^^^^^^^^^^^^^^^
  File "C:\Users\Putra\AppData\Local\Programs\Python\Python311\Lib\site-packages\sklearn\metrics\_scorer.py", line 350, in _score
    return self._sign * self._score_func(y_true, y_pred, **scoring_kwargs)
                        ^^^^^^^^^^^^^^^^^^^^^^^^^^^^^^^^^^^^^^^^^^^^^^^^^^
  File "C:\Users\Putra\AppData\Local\Programs\Python\Python311\Lib\site-packages\pycaret\internal\metrics.py", line 144, in __call__
    return self.score_func(y_true, y_pred, **kwargs)
           ^^^^^^^^^^^^^^^^^^^^^^^^^^^^^^^^^^^^^^^^^
  File "C:\Users\Putra\AppData\Local\Programs\Python\Python311\Lib\site-packages\sklearn\utils\_param_validation.py", line 213, in wrapper
    return func(*args, **kwargs)
           ^^^^^^^^^^^^^^^^^^^^^
  File "C:\Users\Putra\AppData\Local\Programs\Python\Python311\Lib\site-packages\sklearn\metrics\_ranking.py", line 634, in roc_auc_score
    return _multiclass_roc_auc_score(
           ^^^^^^^^^^^^^^^^^^^^^^^^^^
  File "C:\Users\Putra\AppData\Local\Programs\Python\Python311\Lib\site-packages\sklearn\metrics\_ranking.py", line 707, in _multiclass_roc_auc_score
    raise ValueError(
ValueError: Target scores need to be probabilities for multiclass roc_auc, i.e. they should sum up to 1.0 over classes

  warnings.warn(

2026-09-17 13:57:17,534:WARNING:C:\Users\Putra\AppData\Local\Programs\Python\Python311\Lib\site-packages\pycaret\internal\metrics.py:204: FitFailedWarning: Metric 'make_scorer(roc_auc_score, response_method=('decision_function', 'predict_proba'), average=weighted, multi_class=ovr)' failed and error score 0.0 has been returned instead. If this is a custom metric, this usually means that the error is in the metric code. Full exception below:
Traceback (most recent call last):
  File "C:\Users\Putra\AppData\Local\Programs\Python\Python311\Lib\site-packages\pycaret\internal\metrics.py", line 196, in _score
    return super()._score(
           ^^^^^^^^^^^^^^^
  File "C:\Users\Putra\AppData\Local\Programs\Python\Python311\Lib\site-packages\sklearn\metrics\_scorer.py", line 350, in _score
    return self._sign * self._score_func(y_true, y_pred, **scoring_kwargs)
                        ^^^^^^^^^^^^^^^^^^^^^^^^^^^^^^^^^^^^^^^^^^^^^^^^^^
  File "C:\Users\Putra\AppData\Local\Programs\Python\Python311\Lib\site-packages\pycaret\internal\metrics.py", line 144, in __call__
    return self.score_func(y_true, y_pred, **kwargs)
           ^^^^^^^^^^^^^^^^^^^^^^^^^^^^^^^^^^^^^^^^^
  File "C:\Users\Putra\AppData\Local\Programs\Python\Python311\Lib\site-packages\sklearn\utils\_param_validation.py", line 213, in wrapper
    return func(*args, **kwargs)
           ^^^^^^^^^^^^^^^^^^^^^
  File "C:\Users\Putra\AppData\Local\Programs\Python\Python311\Lib\site-packages\sklearn\metrics\_ranking.py", line 634, in roc_auc_score
    return _multiclass_roc_auc_score(
           ^^^^^^^^^^^^^^^^^^^^^^^^^^
  File "C:\Users\Putra\AppData\Local\Programs\Python\Python311\Lib\site-packages\sklearn\metrics\_ranking.py", line 707, in _multiclass_roc_auc_score
    raise ValueError(
ValueError: Target scores need to be probabilities for multiclass roc_auc, i.e. they should sum up to 1.0 over classes

  warnings.warn(

2026-09-17 13:57:17,537:WARNING:C:\Users\Putra\AppData\Local\Programs\Python\Python311\Lib\site-packages\pycaret\internal\metrics.py:204: FitFailedWarning: Metric 'make_scorer(roc_auc_score, response_method=('decision_function', 'predict_proba'), average=weighted, multi_class=ovr)' failed and error score 0.0 has been returned instead. If this is a custom metric, this usually means that the error is in the metric code. Full exception below:
Traceback (most recent call last):
  File "C:\Users\Putra\AppData\Local\Programs\Python\Python311\Lib\site-packages\pycaret\internal\metrics.py", line 196, in _score
    return super()._score(
           ^^^^^^^^^^^^^^^
  File "C:\Users\Putra\AppData\Local\Programs\Python\Python311\Lib\site-packages\sklearn\metrics\_scorer.py", line 350, in _score
    return self._sign * self._score_func(y_true, y_pred, **scoring_kwargs)
                        ^^^^^^^^^^^^^^^^^^^^^^^^^^^^^^^^^^^^^^^^^^^^^^^^^^
  File "C:\Users\Putra\AppData\Local\Programs\Python\Python311\Lib\site-packages\pycaret\internal\metrics.py", line 144, in __call__
    return self.score_func(y_true, y_pred, **kwargs)
           ^^^^^^^^^^^^^^^^^^^^^^^^^^^^^^^^^^^^^^^^^
  File "C:\Users\Putra\AppData\Local\Programs\Python\Python311\Lib\site-packages\sklearn\utils\_param_validation.py", line 213, in wrapper
    return func(*args, **kwargs)
           ^^^^^^^^^^^^^^^^^^^^^
  File "C:\Users\Putra\AppData\Local\Programs\Python\Python311\Lib\site-packages\sklearn\metrics\_ranking.py", line 634, in roc_auc_score
    return _multiclass_roc_auc_score(
           ^^^^^^^^^^^^^^^^^^^^^^^^^^
  File "C:\Users\Putra\AppData\Local\Programs\Python\Python311\Lib\site-packages\sklearn\metrics\_ranking.py", line 707, in _multiclass_roc_auc_score
    raise ValueError(
ValueError: Target scores need to be probabilities for multiclass roc_auc, i.e. they should sum up to 1.0 over classes

  warnings.warn(

2026-09-17 13:57:17,540:WARNING:C:\Users\Putra\AppData\Local\Programs\Python\Python311\Lib\site-packages\pycaret\internal\metrics.py:204: FitFailedWarning: Metric 'make_scorer(roc_auc_score, response_method=('decision_function', 'predict_proba'), average=weighted, multi_class=ovr)' failed and error score 0.0 has been returned instead. If this is a custom metric, this usually means that the error is in the metric code. Full exception below:
Traceback (most recent call last):
  File "C:\Users\Putra\AppData\Local\Programs\Python\Python311\Lib\site-packages\pycaret\internal\metrics.py", line 196, in _score
    return super()._score(
           ^^^^^^^^^^^^^^^
  File "C:\Users\Putra\AppData\Local\Programs\Python\Python311\Lib\site-packages\sklearn\metrics\_scorer.py", line 350, in _score
    return self._sign * self._score_func(y_true, y_pred, **scoring_kwargs)
                        ^^^^^^^^^^^^^^^^^^^^^^^^^^^^^^^^^^^^^^^^^^^^^^^^^^
  File "C:\Users\Putra\AppData\Local\Programs\Python\Python311\Lib\site-packages\pycaret\internal\metrics.py", line 144, in __call__
    return self.score_func(y_true, y_pred, **kwargs)
           ^^^^^^^^^^^^^^^^^^^^^^^^^^^^^^^^^^^^^^^^^
  File "C:\Users\Putra\AppData\Local\Programs\Python\Python311\Lib\site-packages\sklearn\utils\_param_validation.py", line 213, in wrapper
    return func(*args, **kwargs)
           ^^^^^^^^^^^^^^^^^^^^^
  File "C:\Users\Putra\AppData\Local\Programs\Python\Python311\Lib\site-packages\sklearn\metrics\_ranking.py", line 634, in roc_auc_score
    return _multiclass_roc_auc_score(
           ^^^^^^^^^^^^^^^^^^^^^^^^^^
  File "C:\Users\Putra\AppData\Local\Programs\Python\Python311\Lib\site-packages\sklearn\metrics\_ranking.py", line 707, in _multiclass_roc_auc_score
    raise ValueError(
ValueError: Target scores need to be probabilities for multiclass roc_auc, i.e. they should sum up to 1.0 over classes

  warnings.warn(

2026-09-17 13:57:17,541:WARNING:C:\Users\Putra\AppData\Local\Programs\Python\Python311\Lib\site-packages\pycaret\internal\metrics.py:204: FitFailedWarning: Metric 'make_scorer(roc_auc_score, response_method=('decision_function', 'predict_proba'), average=weighted, multi_class=ovr)' failed and error score 0.0 has been returned instead. If this is a custom metric, this usually means that the error is in the metric code. Full exception below:
Traceback (most recent call last):
  File "C:\Users\Putra\AppData\Local\Programs\Python\Python311\Lib\site-packages\pycaret\internal\metrics.py", line 196, in _score
    return super()._score(
           ^^^^^^^^^^^^^^^
  File "C:\Users\Putra\AppData\Local\Programs\Python\Python311\Lib\site-packages\sklearn\metrics\_scorer.py", line 350, in _score
    return self._sign * self._score_func(y_true, y_pred, **scoring_kwargs)
                        ^^^^^^^^^^^^^^^^^^^^^^^^^^^^^^^^^^^^^^^^^^^^^^^^^^
  File "C:\Users\Putra\AppData\Local\Programs\Python\Python311\Lib\site-packages\pycaret\internal\metrics.py", line 144, in __call__
    return self.score_func(y_true, y_pred, **kwargs)
           ^^^^^^^^^^^^^^^^^^^^^^^^^^^^^^^^^^^^^^^^^
  File "C:\Users\Putra\AppData\Local\Programs\Python\Python311\Lib\site-packages\sklearn\utils\_param_validation.py", line 213, in wrapper
    return func(*args, **kwargs)
           ^^^^^^^^^^^^^^^^^^^^^
  File "C:\Users\Putra\AppData\Local\Programs\Python\Python311\Lib\site-packages\sklearn\metrics\_ranking.py", line 634, in roc_auc_score
    return _multiclass_roc_auc_score(
           ^^^^^^^^^^^^^^^^^^^^^^^^^^
  File "C:\Users\Putra\AppData\Local\Programs\Python\Python311\Lib\site-packages\sklearn\metrics\_ranking.py", line 707, in _multiclass_roc_auc_score
    raise ValueError(
ValueError: Target scores need to be probabilities for multiclass roc_auc, i.e. they should sum up to 1.0 over classes

  warnings.warn(

2026-09-17 13:57:17,556:WARNING:C:\Users\Putra\AppData\Local\Programs\Python\Python311\Lib\site-packages\pycaret\internal\metrics.py:204: FitFailedWarning: Metric 'make_scorer(roc_auc_score, response_method=('decision_function', 'predict_proba'), average=weighted, multi_class=ovr)' failed and error score 0.0 has been returned instead. If this is a custom metric, this usually means that the error is in the metric code. Full exception below:
Traceback (most recent call last):
  File "C:\Users\Putra\AppData\Local\Programs\Python\Python311\Lib\site-packages\pycaret\internal\metrics.py", line 196, in _score
    return super()._score(
           ^^^^^^^^^^^^^^^
  File "C:\Users\Putra\AppData\Local\Programs\Python\Python311\Lib\site-packages\sklearn\metrics\_scorer.py", line 350, in _score
    return self._sign * self._score_func(y_true, y_pred, **scoring_kwargs)
                        ^^^^^^^^^^^^^^^^^^^^^^^^^^^^^^^^^^^^^^^^^^^^^^^^^^
  File "C:\Users\Putra\AppData\Local\Programs\Python\Python311\Lib\site-packages\pycaret\internal\metrics.py", line 144, in __call__
    return self.score_func(y_true, y_pred, **kwargs)
           ^^^^^^^^^^^^^^^^^^^^^^^^^^^^^^^^^^^^^^^^^
  File "C:\Users\Putra\AppData\Local\Programs\Python\Python311\Lib\site-packages\sklearn\utils\_param_validation.py", line 213, in wrapper
    return func(*args, **kwargs)
           ^^^^^^^^^^^^^^^^^^^^^
  File "C:\Users\Putra\AppData\Local\Programs\Python\Python311\Lib\site-packages\sklearn\metrics\_ranking.py", line 634, in roc_auc_score
    return _multiclass_roc_auc_score(
           ^^^^^^^^^^^^^^^^^^^^^^^^^^
  File "C:\Users\Putra\AppData\Local\Programs\Python\Python311\Lib\site-packages\sklearn\metrics\_ranking.py", line 707, in _multiclass_roc_auc_score
    raise ValueError(
ValueError: Target scores need to be probabilities for multiclass roc_auc, i.e. they should sum up to 1.0 over classes

  warnings.warn(

2026-09-17 13:57:17,565:WARNING:C:\Users\Putra\AppData\Local\Programs\Python\Python311\Lib\site-packages\pycaret\internal\metrics.py:204: FitFailedWarning: Metric 'make_scorer(roc_auc_score, response_method=('decision_function', 'predict_proba'), average=weighted, multi_class=ovr)' failed and error score 0.0 has been returned instead. If this is a custom metric, this usually means that the error is in the metric code. Full exception below:
Traceback (most recent call last):
  File "C:\Users\Putra\AppData\Local\Programs\Python\Python311\Lib\site-packages\pycaret\internal\metrics.py", line 196, in _score
    return super()._score(
           ^^^^^^^^^^^^^^^
  File "C:\Users\Putra\AppData\Local\Programs\Python\Python311\Lib\site-packages\sklearn\metrics\_scorer.py", line 350, in _score
    return self._sign * self._score_func(y_true, y_pred, **scoring_kwargs)
                        ^^^^^^^^^^^^^^^^^^^^^^^^^^^^^^^^^^^^^^^^^^^^^^^^^^
  File "C:\Users\Putra\AppData\Local\Programs\Python\Python311\Lib\site-packages\pycaret\internal\metrics.py", line 144, in __call__
    return self.score_func(y_true, y_pred, **kwargs)
           ^^^^^^^^^^^^^^^^^^^^^^^^^^^^^^^^^^^^^^^^^
  File "C:\Users\Putra\AppData\Local\Programs\Python\Python311\Lib\site-packages\sklearn\utils\_param_validation.py", line 213, in wrapper
    return func(*args, **kwargs)
           ^^^^^^^^^^^^^^^^^^^^^
  File "C:\Users\Putra\AppData\Local\Programs\Python\Python311\Lib\site-packages\sklearn\metrics\_ranking.py", line 634, in roc_auc_score
    return _multiclass_roc_auc_score(
           ^^^^^^^^^^^^^^^^^^^^^^^^^^
  File "C:\Users\Putra\AppData\Local\Programs\Python\Python311\Lib\site-packages\sklearn\metrics\_ranking.py", line 707, in _multiclass_roc_auc_score
    raise ValueError(
ValueError: Target scores need to be probabilities for multiclass roc_auc, i.e. they should sum up to 1.0 over classes

  warnings.warn(

2026-09-17 13:57:17,588:INFO:Calculating mean and std
2026-09-17 13:57:17,592:INFO:Creating metrics dataframe
2026-09-17 13:57:17,598:INFO:Uploading results into container
2026-09-17 13:57:17,599:INFO:Uploading model into container now
2026-09-17 13:57:17,600:INFO:_master_model_container: 1
2026-09-17 13:57:17,600:INFO:_display_container: 2
2026-09-17 13:57:17,601:INFO:LogisticRegression(C=1.0, class_weight=None, dual=False, fit_intercept=True,
                   intercept_scaling=1, l1_ratio=None, max_iter=1000,
                   multi_class='auto', n_jobs=None, penalty='l2',
                   random_state=5710, solver='lbfgs', tol=0.0001, verbose=0,
                   warm_start=False)
2026-09-17 13:57:17,601:INFO:create_model() successfully completed......................................
2026-09-17 13:57:17,866:INFO:SubProcess create_model() end ==================================
2026-09-17 13:57:17,866:INFO:Creating metrics dataframe
2026-09-17 13:57:17,869:INFO:Initializing K Neighbors Classifier
2026-09-17 13:57:17,869:INFO:Total runtime is 0.05056982040405274 minutes
2026-09-17 13:57:17,869:INFO:SubProcess create_model() called ==================================
2026-09-17 13:57:17,869:INFO:Initializing create_model()
2026-09-17 13:57:17,869:INFO:create_model(self=<pycaret.classification.oop.ClassificationExperiment object at 0x000001FB642DFCD0>, estimator=knn, fold=StratifiedKFold(n_splits=10, random_state=None, shuffle=False), round=4, cross_validation=True, predict=True, fit_kwargs={}, groups=None, refit=False, probability_threshold=None, experiment_custom_tags=None, verbose=False, system=False, add_to_model_list=True, metrics=None, display=<pycaret.internal.display.display.CommonDisplay object at 0x000001FB6AD5ED10>, model_only=True, return_train_score=False, error_score=0.0, kwargs={})
2026-09-17 13:57:17,869:INFO:Checking exceptions
2026-09-17 13:57:17,869:INFO:Importing libraries
2026-09-17 13:57:17,869:INFO:Copying training dataset
2026-09-17 13:57:17,871:INFO:Defining folds
2026-09-17 13:57:17,871:INFO:Declaring metric variables
2026-09-17 13:57:17,871:INFO:Importing untrained model
2026-09-17 13:57:17,872:INFO:K Neighbors Classifier Imported successfully
2026-09-17 13:57:17,872:INFO:Starting cross validation
2026-09-17 13:57:17,872:INFO:Cross validating with StratifiedKFold(n_splits=10, random_state=None, shuffle=False), n_jobs=-1
2026-09-17 13:57:20,116:WARNING:C:\Users\Putra\AppData\Local\Programs\Python\Python311\Lib\site-packages\_distutils_hack\__init__.py:33: UserWarning: Setuptools is replacing distutils.
  warnings.warn("Setuptools is replacing distutils.")

2026-09-17 13:57:20,154:WARNING:C:\Users\Putra\AppData\Local\Programs\Python\Python311\Lib\site-packages\_distutils_hack\__init__.py:33: UserWarning: Setuptools is replacing distutils.
  warnings.warn("Setuptools is replacing distutils.")

2026-09-17 13:57:20,163:WARNING:C:\Users\Putra\AppData\Local\Programs\Python\Python311\Lib\site-packages\_distutils_hack\__init__.py:33: UserWarning: Setuptools is replacing distutils.
  warnings.warn("Setuptools is replacing distutils.")

2026-09-17 13:57:20,186:WARNING:C:\Users\Putra\AppData\Local\Programs\Python\Python311\Lib\site-packages\_distutils_hack\__init__.py:33: UserWarning: Setuptools is replacing distutils.
  warnings.warn("Setuptools is replacing distutils.")

2026-09-17 13:57:20,197:WARNING:C:\Users\Putra\AppData\Local\Programs\Python\Python311\Lib\site-packages\_distutils_hack\__init__.py:33: UserWarning: Setuptools is replacing distutils.
  warnings.warn("Setuptools is replacing distutils.")

2026-09-17 13:57:20,199:WARNING:C:\Users\Putra\AppData\Local\Programs\Python\Python311\Lib\site-packages\_distutils_hack\__init__.py:33: UserWarning: Setuptools is replacing distutils.
  warnings.warn("Setuptools is replacing distutils.")

2026-09-17 13:57:20,207:WARNING:C:\Users\Putra\AppData\Local\Programs\Python\Python311\Lib\site-packages\_distutils_hack\__init__.py:33: UserWarning: Setuptools is replacing distutils.
  warnings.warn("Setuptools is replacing distutils.")

2026-09-17 13:57:20,211:WARNING:C:\Users\Putra\AppData\Local\Programs\Python\Python311\Lib\site-packages\_distutils_hack\__init__.py:33: UserWarning: Setuptools is replacing distutils.
  warnings.warn("Setuptools is replacing distutils.")

2026-09-17 13:57:20,216:WARNING:C:\Users\Putra\AppData\Local\Programs\Python\Python311\Lib\site-packages\_distutils_hack\__init__.py:33: UserWarning: Setuptools is replacing distutils.
  warnings.warn("Setuptools is replacing distutils.")

2026-09-17 13:57:20,229:WARNING:C:\Users\Putra\AppData\Local\Programs\Python\Python311\Lib\site-packages\_distutils_hack\__init__.py:33: UserWarning: Setuptools is replacing distutils.
  warnings.warn("Setuptools is replacing distutils.")

2026-09-17 13:57:20,683:INFO:Calculating mean and std
2026-09-17 13:57:20,685:INFO:Creating metrics dataframe
2026-09-17 13:57:20,687:INFO:Uploading results into container
2026-09-17 13:57:20,688:INFO:Uploading model into container now
2026-09-17 13:57:20,689:INFO:_master_model_container: 2
2026-09-17 13:57:20,689:INFO:_display_container: 2
2026-09-17 13:57:20,689:INFO:KNeighborsClassifier(algorithm='auto', leaf_size=30, metric='minkowski',
                     metric_params=None, n_jobs=-1, n_neighbors=5, p=2,
                     weights='uniform')
2026-09-17 13:57:20,689:INFO:create_model() successfully completed......................................
2026-09-17 13:57:20,872:INFO:SubProcess create_model() end ==================================
2026-09-17 13:57:20,872:INFO:Creating metrics dataframe
2026-09-17 13:57:20,875:INFO:Initializing Naive Bayes
2026-09-17 13:57:20,875:INFO:Total runtime is 0.1006727377573649 minutes
2026-09-17 13:57:20,875:INFO:SubProcess create_model() called ==================================
2026-09-17 13:57:20,875:INFO:Initializing create_model()
2026-09-17 13:57:20,875:INFO:create_model(self=<pycaret.classification.oop.ClassificationExperiment object at 0x000001FB642DFCD0>, estimator=nb, fold=StratifiedKFold(n_splits=10, random_state=None, shuffle=False), round=4, cross_validation=True, predict=True, fit_kwargs={}, groups=None, refit=False, probability_threshold=None, experiment_custom_tags=None, verbose=False, system=False, add_to_model_list=True, metrics=None, display=<pycaret.internal.display.display.CommonDisplay object at 0x000001FB6AD5ED10>, model_only=True, return_train_score=False, error_score=0.0, kwargs={})
2026-09-17 13:57:20,875:INFO:Checking exceptions
2026-09-17 13:57:20,875:INFO:Importing libraries
2026-09-17 13:57:20,875:INFO:Copying training dataset
2026-09-17 13:57:20,878:INFO:Defining folds
2026-09-17 13:57:20,878:INFO:Declaring metric variables
2026-09-17 13:57:20,878:INFO:Importing untrained model
2026-09-17 13:57:20,878:INFO:Naive Bayes Imported successfully
2026-09-17 13:57:20,878:INFO:Starting cross validation
2026-09-17 13:57:20,878:INFO:Cross validating with StratifiedKFold(n_splits=10, random_state=None, shuffle=False), n_jobs=-1
2026-09-17 13:57:20,936:INFO:Calculating mean and std
2026-09-17 13:57:20,936:INFO:Creating metrics dataframe
2026-09-17 13:57:20,937:INFO:Uploading results into container
2026-09-17 13:57:20,937:INFO:Uploading model into container now
2026-09-17 13:57:20,937:INFO:_master_model_container: 3
2026-09-17 13:57:20,937:INFO:_display_container: 2
2026-09-17 13:57:20,937:INFO:GaussianNB(priors=None, var_smoothing=1e-09)
2026-09-17 13:57:20,937:INFO:create_model() successfully completed......................................
2026-09-17 13:57:20,985:INFO:SubProcess create_model() end ==================================
2026-09-17 13:57:20,985:INFO:Creating metrics dataframe
2026-09-17 13:57:20,987:INFO:Initializing Decision Tree Classifier
2026-09-17 13:57:20,987:INFO:Total runtime is 0.10254202286402384 minutes
2026-09-17 13:57:20,987:INFO:SubProcess create_model() called ==================================
2026-09-17 13:57:20,987:INFO:Initializing create_model()
2026-09-17 13:57:20,987:INFO:create_model(self=<pycaret.classification.oop.ClassificationExperiment object at 0x000001FB642DFCD0>, estimator=dt, fold=StratifiedKFold(n_splits=10, random_state=None, shuffle=False), round=4, cross_validation=True, predict=True, fit_kwargs={}, groups=None, refit=False, probability_threshold=None, experiment_custom_tags=None, verbose=False, system=False, add_to_model_list=True, metrics=None, display=<pycaret.internal.display.display.CommonDisplay object at 0x000001FB6AD5ED10>, model_only=True, return_train_score=False, error_score=0.0, kwargs={})
2026-09-17 13:57:20,987:INFO:Checking exceptions
2026-09-17 13:57:20,987:INFO:Importing libraries
2026-09-17 13:57:20,987:INFO:Copying training dataset
2026-09-17 13:57:20,989:INFO:Defining folds
2026-09-17 13:57:20,989:INFO:Declaring metric variables
2026-09-17 13:57:20,989:INFO:Importing untrained model
2026-09-17 13:57:20,989:INFO:Decision Tree Classifier Imported successfully
2026-09-17 13:57:20,989:INFO:Starting cross validation
2026-09-17 13:57:20,990:INFO:Cross validating with StratifiedKFold(n_splits=10, random_state=None, shuffle=False), n_jobs=-1
2026-09-17 13:57:21,026:INFO:Calculating mean and std
2026-09-17 13:57:21,026:INFO:Creating metrics dataframe
2026-09-17 13:57:21,026:INFO:Uploading results into container
2026-09-17 13:57:21,027:INFO:Uploading model into container now
2026-09-17 13:57:21,027:INFO:_master_model_container: 4
2026-09-17 13:57:21,027:INFO:_display_container: 2
2026-09-17 13:57:21,027:INFO:DecisionTreeClassifier(ccp_alpha=0.0, class_weight=None, criterion='gini',
                       max_depth=None, max_features=None, max_leaf_nodes=None,
                       min_impurity_decrease=0.0, min_samples_leaf=1,
                       min_samples_split=2, min_weight_fraction_leaf=0.0,
                       monotonic_cst=None, random_state=5710, splitter='best')
2026-09-17 13:57:21,027:INFO:create_model() successfully completed......................................
2026-09-17 13:57:21,078:INFO:SubProcess create_model() end ==================================
2026-09-17 13:57:21,078:INFO:Creating metrics dataframe
2026-09-17 13:57:21,080:INFO:Initializing SVM - Linear Kernel
2026-09-17 13:57:21,080:INFO:Total runtime is 0.10409028927485148 minutes
2026-09-17 13:57:21,080:INFO:SubProcess create_model() called ==================================
2026-09-17 13:57:21,080:INFO:Initializing create_model()
2026-09-17 13:57:21,080:INFO:create_model(self=<pycaret.classification.oop.ClassificationExperiment object at 0x000001FB642DFCD0>, estimator=svm, fold=StratifiedKFold(n_splits=10, random_state=None, shuffle=False), round=4, cross_validation=True, predict=True, fit_kwargs={}, groups=None, refit=False, probability_threshold=None, experiment_custom_tags=None, verbose=False, system=False, add_to_model_list=True, metrics=None, display=<pycaret.internal.display.display.CommonDisplay object at 0x000001FB6AD5ED10>, model_only=True, return_train_score=False, error_score=0.0, kwargs={})
2026-09-17 13:57:21,080:INFO:Checking exceptions
2026-09-17 13:57:21,080:INFO:Importing libraries
2026-09-17 13:57:21,080:INFO:Copying training dataset
2026-09-17 13:57:21,082:INFO:Defining folds
2026-09-17 13:57:21,082:INFO:Declaring metric variables
2026-09-17 13:57:21,082:INFO:Importing untrained model
2026-09-17 13:57:21,082:INFO:SVM - Linear Kernel Imported successfully
2026-09-17 13:57:21,082:INFO:Starting cross validation
2026-09-17 13:57:21,083:INFO:Cross validating with StratifiedKFold(n_splits=10, random_state=None, shuffle=False), n_jobs=-1
2026-09-17 13:57:21,121:WARNING:C:\Users\Putra\AppData\Local\Programs\Python\Python311\Lib\site-packages\pycaret\internal\metrics.py:204: FitFailedWarning: Metric 'make_scorer(roc_auc_score, response_method=('decision_function', 'predict_proba'), average=weighted, multi_class=ovr)' failed and error score 0.0 has been returned instead. If this is a custom metric, this usually means that the error is in the metric code. Full exception below:
Traceback (most recent call last):
  File "C:\Users\Putra\AppData\Local\Programs\Python\Python311\Lib\site-packages\pycaret\internal\metrics.py", line 196, in _score
    return super()._score(
           ^^^^^^^^^^^^^^^
  File "C:\Users\Putra\AppData\Local\Programs\Python\Python311\Lib\site-packages\sklearn\metrics\_scorer.py", line 350, in _score
    return self._sign * self._score_func(y_true, y_pred, **scoring_kwargs)
                        ^^^^^^^^^^^^^^^^^^^^^^^^^^^^^^^^^^^^^^^^^^^^^^^^^^
  File "C:\Users\Putra\AppData\Local\Programs\Python\Python311\Lib\site-packages\pycaret\internal\metrics.py", line 144, in __call__
    return self.score_func(y_true, y_pred, **kwargs)
           ^^^^^^^^^^^^^^^^^^^^^^^^^^^^^^^^^^^^^^^^^
  File "C:\Users\Putra\AppData\Local\Programs\Python\Python311\Lib\site-packages\sklearn\utils\_param_validation.py", line 213, in wrapper
    return func(*args, **kwargs)
           ^^^^^^^^^^^^^^^^^^^^^
  File "C:\Users\Putra\AppData\Local\Programs\Python\Python311\Lib\site-packages\sklearn\metrics\_ranking.py", line 634, in roc_auc_score
    return _multiclass_roc_auc_score(
           ^^^^^^^^^^^^^^^^^^^^^^^^^^
  File "C:\Users\Putra\AppData\Local\Programs\Python\Python311\Lib\site-packages\sklearn\metrics\_ranking.py", line 707, in _multiclass_roc_auc_score
    raise ValueError(
ValueError: Target scores need to be probabilities for multiclass roc_auc, i.e. they should sum up to 1.0 over classes

  warnings.warn(

2026-09-17 13:57:21,121:WARNING:C:\Users\Putra\AppData\Local\Programs\Python\Python311\Lib\site-packages\pycaret\internal\metrics.py:204: FitFailedWarning: Metric 'make_scorer(roc_auc_score, response_method=('decision_function', 'predict_proba'), average=weighted, multi_class=ovr)' failed and error score 0.0 has been returned instead. If this is a custom metric, this usually means that the error is in the metric code. Full exception below:
Traceback (most recent call last):
  File "C:\Users\Putra\AppData\Local\Programs\Python\Python311\Lib\site-packages\pycaret\internal\metrics.py", line 196, in _score
    return super()._score(
           ^^^^^^^^^^^^^^^
  File "C:\Users\Putra\AppData\Local\Programs\Python\Python311\Lib\site-packages\sklearn\metrics\_scorer.py", line 350, in _score
    return self._sign * self._score_func(y_true, y_pred, **scoring_kwargs)
                        ^^^^^^^^^^^^^^^^^^^^^^^^^^^^^^^^^^^^^^^^^^^^^^^^^^
  File "C:\Users\Putra\AppData\Local\Programs\Python\Python311\Lib\site-packages\pycaret\internal\metrics.py", line 144, in __call__
    return self.score_func(y_true, y_pred, **kwargs)
           ^^^^^^^^^^^^^^^^^^^^^^^^^^^^^^^^^^^^^^^^^
  File "C:\Users\Putra\AppData\Local\Programs\Python\Python311\Lib\site-packages\sklearn\utils\_param_validation.py", line 213, in wrapper
    return func(*args, **kwargs)
           ^^^^^^^^^^^^^^^^^^^^^
  File "C:\Users\Putra\AppData\Local\Programs\Python\Python311\Lib\site-packages\sklearn\metrics\_ranking.py", line 634, in roc_auc_score
    return _multiclass_roc_auc_score(
           ^^^^^^^^^^^^^^^^^^^^^^^^^^
  File "C:\Users\Putra\AppData\Local\Programs\Python\Python311\Lib\site-packages\sklearn\metrics\_ranking.py", line 707, in _multiclass_roc_auc_score
    raise ValueError(
ValueError: Target scores need to be probabilities for multiclass roc_auc, i.e. they should sum up to 1.0 over classes

  warnings.warn(

2026-09-17 13:57:21,122:WARNING:C:\Users\Putra\AppData\Local\Programs\Python\Python311\Lib\site-packages\pycaret\internal\metrics.py:204: FitFailedWarning: Metric 'make_scorer(roc_auc_score, response_method=('decision_function', 'predict_proba'), average=weighted, multi_class=ovr)' failed and error score 0.0 has been returned instead. If this is a custom metric, this usually means that the error is in the metric code. Full exception below:
Traceback (most recent call last):
  File "C:\Users\Putra\AppData\Local\Programs\Python\Python311\Lib\site-packages\pycaret\internal\metrics.py", line 196, in _score
    return super()._score(
           ^^^^^^^^^^^^^^^
  File "C:\Users\Putra\AppData\Local\Programs\Python\Python311\Lib\site-packages\sklearn\metrics\_scorer.py", line 350, in _score
    return self._sign * self._score_func(y_true, y_pred, **scoring_kwargs)
                        ^^^^^^^^^^^^^^^^^^^^^^^^^^^^^^^^^^^^^^^^^^^^^^^^^^
  File "C:\Users\Putra\AppData\Local\Programs\Python\Python311\Lib\site-packages\pycaret\internal\metrics.py", line 144, in __call__
    return self.score_func(y_true, y_pred, **kwargs)
           ^^^^^^^^^^^^^^^^^^^^^^^^^^^^^^^^^^^^^^^^^
  File "C:\Users\Putra\AppData\Local\Programs\Python\Python311\Lib\site-packages\sklearn\utils\_param_validation.py", line 213, in wrapper
    return func(*args, **kwargs)
           ^^^^^^^^^^^^^^^^^^^^^
  File "C:\Users\Putra\AppData\Local\Programs\Python\Python311\Lib\site-packages\sklearn\metrics\_ranking.py", line 634, in roc_auc_score
    return _multiclass_roc_auc_score(
           ^^^^^^^^^^^^^^^^^^^^^^^^^^
  File "C:\Users\Putra\AppData\Local\Programs\Python\Python311\Lib\site-packages\sklearn\metrics\_ranking.py", line 707, in _multiclass_roc_auc_score
    raise ValueError(
ValueError: Target scores need to be probabilities for multiclass roc_auc, i.e. they should sum up to 1.0 over classes

  warnings.warn(

2026-09-17 13:57:21,122:WARNING:C:\Users\Putra\AppData\Local\Programs\Python\Python311\Lib\site-packages\pycaret\internal\metrics.py:204: FitFailedWarning: Metric 'make_scorer(roc_auc_score, response_method=('decision_function', 'predict_proba'), average=weighted, multi_class=ovr)' failed and error score 0.0 has been returned instead. If this is a custom metric, this usually means that the error is in the metric code. Full exception below:
Traceback (most recent call last):
  File "C:\Users\Putra\AppData\Local\Programs\Python\Python311\Lib\site-packages\pycaret\internal\metrics.py", line 196, in _score
    return super()._score(
           ^^^^^^^^^^^^^^^
  File "C:\Users\Putra\AppData\Local\Programs\Python\Python311\Lib\site-packages\sklearn\metrics\_scorer.py", line 350, in _score
    return self._sign * self._score_func(y_true, y_pred, **scoring_kwargs)
                        ^^^^^^^^^^^^^^^^^^^^^^^^^^^^^^^^^^^^^^^^^^^^^^^^^^
  File "C:\Users\Putra\AppData\Local\Programs\Python\Python311\Lib\site-packages\pycaret\internal\metrics.py", line 144, in __call__
    return self.score_func(y_true, y_pred, **kwargs)
           ^^^^^^^^^^^^^^^^^^^^^^^^^^^^^^^^^^^^^^^^^
  File "C:\Users\Putra\AppData\Local\Programs\Python\Python311\Lib\site-packages\sklearn\utils\_param_validation.py", line 213, in wrapper
    return func(*args, **kwargs)
           ^^^^^^^^^^^^^^^^^^^^^
  File "C:\Users\Putra\AppData\Local\Programs\Python\Python311\Lib\site-packages\sklearn\metrics\_ranking.py", line 634, in roc_auc_score
    return _multiclass_roc_auc_score(
           ^^^^^^^^^^^^^^^^^^^^^^^^^^
  File "C:\Users\Putra\AppData\Local\Programs\Python\Python311\Lib\site-packages\sklearn\metrics\_ranking.py", line 707, in _multiclass_roc_auc_score
    raise ValueError(
ValueError: Target scores need to be probabilities for multiclass roc_auc, i.e. they should sum up to 1.0 over classes

  warnings.warn(

2026-09-17 13:57:21,122:WARNING:C:\Users\Putra\AppData\Local\Programs\Python\Python311\Lib\site-packages\pycaret\internal\metrics.py:204: FitFailedWarning: Metric 'make_scorer(roc_auc_score, response_method=('decision_function', 'predict_proba'), average=weighted, multi_class=ovr)' failed and error score 0.0 has been returned instead. If this is a custom metric, this usually means that the error is in the metric code. Full exception below:
Traceback (most recent call last):
  File "C:\Users\Putra\AppData\Local\Programs\Python\Python311\Lib\site-packages\pycaret\internal\metrics.py", line 196, in _score
    return super()._score(
           ^^^^^^^^^^^^^^^
  File "C:\Users\Putra\AppData\Local\Programs\Python\Python311\Lib\site-packages\sklearn\metrics\_scorer.py", line 350, in _score
    return self._sign * self._score_func(y_true, y_pred, **scoring_kwargs)
                        ^^^^^^^^^^^^^^^^^^^^^^^^^^^^^^^^^^^^^^^^^^^^^^^^^^
  File "C:\Users\Putra\AppData\Local\Programs\Python\Python311\Lib\site-packages\pycaret\internal\metrics.py", line 144, in __call__
    return self.score_func(y_true, y_pred, **kwargs)
           ^^^^^^^^^^^^^^^^^^^^^^^^^^^^^^^^^^^^^^^^^
  File "C:\Users\Putra\AppData\Local\Programs\Python\Python311\Lib\site-packages\sklearn\utils\_param_validation.py", line 213, in wrapper
    return func(*args, **kwargs)
           ^^^^^^^^^^^^^^^^^^^^^
  File "C:\Users\Putra\AppData\Local\Programs\Python\Python311\Lib\site-packages\sklearn\metrics\_ranking.py", line 634, in roc_auc_score
    return _multiclass_roc_auc_score(
           ^^^^^^^^^^^^^^^^^^^^^^^^^^
  File "C:\Users\Putra\AppData\Local\Programs\Python\Python311\Lib\site-packages\sklearn\metrics\_ranking.py", line 707, in _multiclass_roc_auc_score
    raise ValueError(
ValueError: Target scores need to be probabilities for multiclass roc_auc, i.e. they should sum up to 1.0 over classes

  warnings.warn(

2026-09-17 13:57:21,124:WARNING:C:\Users\Putra\AppData\Local\Programs\Python\Python311\Lib\site-packages\pycaret\internal\metrics.py:204: FitFailedWarning: Metric 'make_scorer(roc_auc_score, response_method=('decision_function', 'predict_proba'), average=weighted, multi_class=ovr)' failed and error score 0.0 has been returned instead. If this is a custom metric, this usually means that the error is in the metric code. Full exception below:
Traceback (most recent call last):
  File "C:\Users\Putra\AppData\Local\Programs\Python\Python311\Lib\site-packages\pycaret\internal\metrics.py", line 196, in _score
    return super()._score(
           ^^^^^^^^^^^^^^^
  File "C:\Users\Putra\AppData\Local\Programs\Python\Python311\Lib\site-packages\sklearn\metrics\_scorer.py", line 350, in _score
    return self._sign * self._score_func(y_true, y_pred, **scoring_kwargs)
                        ^^^^^^^^^^^^^^^^^^^^^^^^^^^^^^^^^^^^^^^^^^^^^^^^^^
  File "C:\Users\Putra\AppData\Local\Programs\Python\Python311\Lib\site-packages\pycaret\internal\metrics.py", line 144, in __call__
    return self.score_func(y_true, y_pred, **kwargs)
           ^^^^^^^^^^^^^^^^^^^^^^^^^^^^^^^^^^^^^^^^^
  File "C:\Users\Putra\AppData\Local\Programs\Python\Python311\Lib\site-packages\sklearn\utils\_param_validation.py", line 213, in wrapper
    return func(*args, **kwargs)
           ^^^^^^^^^^^^^^^^^^^^^
  File "C:\Users\Putra\AppData\Local\Programs\Python\Python311\Lib\site-packages\sklearn\metrics\_ranking.py", line 634, in roc_auc_score
    return _multiclass_roc_auc_score(
           ^^^^^^^^^^^^^^^^^^^^^^^^^^
  File "C:\Users\Putra\AppData\Local\Programs\Python\Python311\Lib\site-packages\sklearn\metrics\_ranking.py", line 707, in _multiclass_roc_auc_score
    raise ValueError(
ValueError: Target scores need to be probabilities for multiclass roc_auc, i.e. they should sum up to 1.0 over classes

  warnings.warn(

2026-09-17 13:57:21,125:WARNING:C:\Users\Putra\AppData\Local\Programs\Python\Python311\Lib\site-packages\pycaret\internal\metrics.py:204: FitFailedWarning: Metric 'make_scorer(roc_auc_score, response_method=('decision_function', 'predict_proba'), average=weighted, multi_class=ovr)' failed and error score 0.0 has been returned instead. If this is a custom metric, this usually means that the error is in the metric code. Full exception below:
Traceback (most recent call last):
  File "C:\Users\Putra\AppData\Local\Programs\Python\Python311\Lib\site-packages\pycaret\internal\metrics.py", line 196, in _score
    return super()._score(
           ^^^^^^^^^^^^^^^
  File "C:\Users\Putra\AppData\Local\Programs\Python\Python311\Lib\site-packages\sklearn\metrics\_scorer.py", line 350, in _score
    return self._sign * self._score_func(y_true, y_pred, **scoring_kwargs)
                        ^^^^^^^^^^^^^^^^^^^^^^^^^^^^^^^^^^^^^^^^^^^^^^^^^^
  File "C:\Users\Putra\AppData\Local\Programs\Python\Python311\Lib\site-packages\pycaret\internal\metrics.py", line 144, in __call__
    return self.score_func(y_true, y_pred, **kwargs)
           ^^^^^^^^^^^^^^^^^^^^^^^^^^^^^^^^^^^^^^^^^
  File "C:\Users\Putra\AppData\Local\Programs\Python\Python311\Lib\site-packages\sklearn\utils\_param_validation.py", line 213, in wrapper
    return func(*args, **kwargs)
           ^^^^^^^^^^^^^^^^^^^^^
  File "C:\Users\Putra\AppData\Local\Programs\Python\Python311\Lib\site-packages\sklearn\metrics\_ranking.py", line 634, in roc_auc_score
    return _multiclass_roc_auc_score(
           ^^^^^^^^^^^^^^^^^^^^^^^^^^
  File "C:\Users\Putra\AppData\Local\Programs\Python\Python311\Lib\site-packages\sklearn\metrics\_ranking.py", line 707, in _multiclass_roc_auc_score
    raise ValueError(
ValueError: Target scores need to be probabilities for multiclass roc_auc, i.e. they should sum up to 1.0 over classes

  warnings.warn(

2026-09-17 13:57:21,126:WARNING:C:\Users\Putra\AppData\Local\Programs\Python\Python311\Lib\site-packages\pycaret\internal\metrics.py:204: FitFailedWarning: Metric 'make_scorer(roc_auc_score, response_method=('decision_function', 'predict_proba'), average=weighted, multi_class=ovr)' failed and error score 0.0 has been returned instead. If this is a custom metric, this usually means that the error is in the metric code. Full exception below:
Traceback (most recent call last):
  File "C:\Users\Putra\AppData\Local\Programs\Python\Python311\Lib\site-packages\pycaret\internal\metrics.py", line 196, in _score
    return super()._score(
           ^^^^^^^^^^^^^^^
  File "C:\Users\Putra\AppData\Local\Programs\Python\Python311\Lib\site-packages\sklearn\metrics\_scorer.py", line 350, in _score
    return self._sign * self._score_func(y_true, y_pred, **scoring_kwargs)
                        ^^^^^^^^^^^^^^^^^^^^^^^^^^^^^^^^^^^^^^^^^^^^^^^^^^
  File "C:\Users\Putra\AppData\Local\Programs\Python\Python311\Lib\site-packages\pycaret\internal\metrics.py", line 144, in __call__
    return self.score_func(y_true, y_pred, **kwargs)
           ^^^^^^^^^^^^^^^^^^^^^^^^^^^^^^^^^^^^^^^^^
  File "C:\Users\Putra\AppData\Local\Programs\Python\Python311\Lib\site-packages\sklearn\utils\_param_validation.py", line 213, in wrapper
    return func(*args, **kwargs)
           ^^^^^^^^^^^^^^^^^^^^^
  File "C:\Users\Putra\AppData\Local\Programs\Python\Python311\Lib\site-packages\sklearn\metrics\_ranking.py", line 634, in roc_auc_score
    return _multiclass_roc_auc_score(
           ^^^^^^^^^^^^^^^^^^^^^^^^^^
  File "C:\Users\Putra\AppData\Local\Programs\Python\Python311\Lib\site-packages\sklearn\metrics\_ranking.py", line 707, in _multiclass_roc_auc_score
    raise ValueError(
ValueError: Target scores need to be probabilities for multiclass roc_auc, i.e. they should sum up to 1.0 over classes

  warnings.warn(

2026-09-17 13:57:21,127:WARNING:C:\Users\Putra\AppData\Local\Programs\Python\Python311\Lib\site-packages\sklearn\metrics\_classification.py:1509: UndefinedMetricWarning: Precision is ill-defined and being set to 0.0 in labels with no predicted samples. Use `zero_division` parameter to control this behavior.
  _warn_prf(average, modifier, f"{metric.capitalize()} is", len(result))

2026-09-17 13:57:21,128:WARNING:C:\Users\Putra\AppData\Local\Programs\Python\Python311\Lib\site-packages\pycaret\internal\metrics.py:204: FitFailedWarning: Metric 'make_scorer(roc_auc_score, response_method=('decision_function', 'predict_proba'), average=weighted, multi_class=ovr)' failed and error score 0.0 has been returned instead. If this is a custom metric, this usually means that the error is in the metric code. Full exception below:
Traceback (most recent call last):
  File "C:\Users\Putra\AppData\Local\Programs\Python\Python311\Lib\site-packages\pycaret\internal\metrics.py", line 196, in _score
    return super()._score(
           ^^^^^^^^^^^^^^^
  File "C:\Users\Putra\AppData\Local\Programs\Python\Python311\Lib\site-packages\sklearn\metrics\_scorer.py", line 350, in _score
    return self._sign * self._score_func(y_true, y_pred, **scoring_kwargs)
                        ^^^^^^^^^^^^^^^^^^^^^^^^^^^^^^^^^^^^^^^^^^^^^^^^^^
  File "C:\Users\Putra\AppData\Local\Programs\Python\Python311\Lib\site-packages\pycaret\internal\metrics.py", line 144, in __call__
    return self.score_func(y_true, y_pred, **kwargs)
           ^^^^^^^^^^^^^^^^^^^^^^^^^^^^^^^^^^^^^^^^^
  File "C:\Users\Putra\AppData\Local\Programs\Python\Python311\Lib\site-packages\sklearn\utils\_param_validation.py", line 213, in wrapper
    return func(*args, **kwargs)
           ^^^^^^^^^^^^^^^^^^^^^
  File "C:\Users\Putra\AppData\Local\Programs\Python\Python311\Lib\site-packages\sklearn\metrics\_ranking.py", line 634, in roc_auc_score
    return _multiclass_roc_auc_score(
           ^^^^^^^^^^^^^^^^^^^^^^^^^^
  File "C:\Users\Putra\AppData\Local\Programs\Python\Python311\Lib\site-packages\sklearn\metrics\_ranking.py", line 707, in _multiclass_roc_auc_score
    raise ValueError(
ValueError: Target scores need to be probabilities for multiclass roc_auc, i.e. they should sum up to 1.0 over classes

  warnings.warn(

2026-09-17 13:57:21,129:WARNING:C:\Users\Putra\AppData\Local\Programs\Python\Python311\Lib\site-packages\sklearn\metrics\_classification.py:1509: UndefinedMetricWarning: Precision is ill-defined and being set to 0.0 in labels with no predicted samples. Use `zero_division` parameter to control this behavior.
  _warn_prf(average, modifier, f"{metric.capitalize()} is", len(result))

2026-09-17 13:57:21,131:WARNING:C:\Users\Putra\AppData\Local\Programs\Python\Python311\Lib\site-packages\sklearn\metrics\_classification.py:1509: UndefinedMetricWarning: Precision is ill-defined and being set to 0.0 in labels with no predicted samples. Use `zero_division` parameter to control this behavior.
  _warn_prf(average, modifier, f"{metric.capitalize()} is", len(result))

2026-09-17 13:57:21,139:INFO:Calculating mean and std
2026-09-17 13:57:21,139:INFO:Creating metrics dataframe
2026-09-17 13:57:21,140:INFO:Uploading results into container
2026-09-17 13:57:21,141:INFO:Uploading model into container now
2026-09-17 13:57:21,141:INFO:_master_model_container: 5
2026-09-17 13:57:21,141:INFO:_display_container: 2
2026-09-17 13:57:21,141:INFO:SGDClassifier(alpha=0.0001, average=False, class_weight=None,
              early_stopping=False, epsilon=0.1, eta0=0.001, fit_intercept=True,
              l1_ratio=0.15, learning_rate='optimal', loss='hinge',
              max_iter=1000, n_iter_no_change=5, n_jobs=-1, penalty='l2',
              power_t=0.5, random_state=5710, shuffle=True, tol=0.001,
              validation_fraction=0.1, verbose=0, warm_start=False)
2026-09-17 13:57:21,141:INFO:create_model() successfully completed......................................
2026-09-17 13:57:21,193:INFO:SubProcess create_model() end ==================================
2026-09-17 13:57:21,193:INFO:Creating metrics dataframe
2026-09-17 13:57:21,194:INFO:Initializing Ridge Classifier
2026-09-17 13:57:21,194:INFO:Total runtime is 0.10599047342936198 minutes
2026-09-17 13:57:21,195:INFO:SubProcess create_model() called ==================================
2026-09-17 13:57:21,195:INFO:Initializing create_model()
2026-09-17 13:57:21,195:INFO:create_model(self=<pycaret.classification.oop.ClassificationExperiment object at 0x000001FB642DFCD0>, estimator=ridge, fold=StratifiedKFold(n_splits=10, random_state=None, shuffle=False), round=4, cross_validation=True, predict=True, fit_kwargs={}, groups=None, refit=False, probability_threshold=None, experiment_custom_tags=None, verbose=False, system=False, add_to_model_list=True, metrics=None, display=<pycaret.internal.display.display.CommonDisplay object at 0x000001FB6AD5ED10>, model_only=True, return_train_score=False, error_score=0.0, kwargs={})
2026-09-17 13:57:21,195:INFO:Checking exceptions
2026-09-17 13:57:21,195:INFO:Importing libraries
2026-09-17 13:57:21,195:INFO:Copying training dataset
2026-09-17 13:57:21,196:INFO:Defining folds
2026-09-17 13:57:21,196:INFO:Declaring metric variables
2026-09-17 13:57:21,196:INFO:Importing untrained model
2026-09-17 13:57:21,196:INFO:Ridge Classifier Imported successfully
2026-09-17 13:57:21,197:INFO:Starting cross validation
2026-09-17 13:57:21,197:INFO:Cross validating with StratifiedKFold(n_splits=10, random_state=None, shuffle=False), n_jobs=-1
2026-09-17 13:57:21,225:WARNING:C:\Users\Putra\AppData\Local\Programs\Python\Python311\Lib\site-packages\pycaret\internal\metrics.py:204: FitFailedWarning: Metric 'make_scorer(roc_auc_score, response_method=('decision_function', 'predict_proba'), average=weighted, multi_class=ovr)' failed and error score 0.0 has been returned instead. If this is a custom metric, this usually means that the error is in the metric code. Full exception below:
Traceback (most recent call last):
  File "C:\Users\Putra\AppData\Local\Programs\Python\Python311\Lib\site-packages\pycaret\internal\metrics.py", line 196, in _score
    return super()._score(
           ^^^^^^^^^^^^^^^
  File "C:\Users\Putra\AppData\Local\Programs\Python\Python311\Lib\site-packages\sklearn\metrics\_scorer.py", line 350, in _score
    return self._sign * self._score_func(y_true, y_pred, **scoring_kwargs)
                        ^^^^^^^^^^^^^^^^^^^^^^^^^^^^^^^^^^^^^^^^^^^^^^^^^^
  File "C:\Users\Putra\AppData\Local\Programs\Python\Python311\Lib\site-packages\pycaret\internal\metrics.py", line 144, in __call__
    return self.score_func(y_true, y_pred, **kwargs)
           ^^^^^^^^^^^^^^^^^^^^^^^^^^^^^^^^^^^^^^^^^
  File "C:\Users\Putra\AppData\Local\Programs\Python\Python311\Lib\site-packages\sklearn\utils\_param_validation.py", line 213, in wrapper
    return func(*args, **kwargs)
           ^^^^^^^^^^^^^^^^^^^^^
  File "C:\Users\Putra\AppData\Local\Programs\Python\Python311\Lib\site-packages\sklearn\metrics\_ranking.py", line 634, in roc_auc_score
    return _multiclass_roc_auc_score(
           ^^^^^^^^^^^^^^^^^^^^^^^^^^
  File "C:\Users\Putra\AppData\Local\Programs\Python\Python311\Lib\site-packages\sklearn\metrics\_ranking.py", line 707, in _multiclass_roc_auc_score
    raise ValueError(
ValueError: Target scores need to be probabilities for multiclass roc_auc, i.e. they should sum up to 1.0 over classes

  warnings.warn(

2026-09-17 13:57:21,225:WARNING:C:\Users\Putra\AppData\Local\Programs\Python\Python311\Lib\site-packages\pycaret\internal\metrics.py:204: FitFailedWarning: Metric 'make_scorer(roc_auc_score, response_method=('decision_function', 'predict_proba'), average=weighted, multi_class=ovr)' failed and error score 0.0 has been returned instead. If this is a custom metric, this usually means that the error is in the metric code. Full exception below:
Traceback (most recent call last):
  File "C:\Users\Putra\AppData\Local\Programs\Python\Python311\Lib\site-packages\pycaret\internal\metrics.py", line 196, in _score
    return super()._score(
           ^^^^^^^^^^^^^^^
  File "C:\Users\Putra\AppData\Local\Programs\Python\Python311\Lib\site-packages\sklearn\metrics\_scorer.py", line 350, in _score
    return self._sign * self._score_func(y_true, y_pred, **scoring_kwargs)
                        ^^^^^^^^^^^^^^^^^^^^^^^^^^^^^^^^^^^^^^^^^^^^^^^^^^
  File "C:\Users\Putra\AppData\Local\Programs\Python\Python311\Lib\site-packages\pycaret\internal\metrics.py", line 144, in __call__
    return self.score_func(y_true, y_pred, **kwargs)
           ^^^^^^^^^^^^^^^^^^^^^^^^^^^^^^^^^^^^^^^^^
  File "C:\Users\Putra\AppData\Local\Programs\Python\Python311\Lib\site-packages\sklearn\utils\_param_validation.py", line 213, in wrapper
    return func(*args, **kwargs)
           ^^^^^^^^^^^^^^^^^^^^^
  File "C:\Users\Putra\AppData\Local\Programs\Python\Python311\Lib\site-packages\sklearn\metrics\_ranking.py", line 634, in roc_auc_score
    return _multiclass_roc_auc_score(
           ^^^^^^^^^^^^^^^^^^^^^^^^^^
  File "C:\Users\Putra\AppData\Local\Programs\Python\Python311\Lib\site-packages\sklearn\metrics\_ranking.py", line 707, in _multiclass_roc_auc_score
    raise ValueError(
ValueError: Target scores need to be probabilities for multiclass roc_auc, i.e. they should sum up to 1.0 over classes

  warnings.warn(

2026-09-17 13:57:21,226:WARNING:C:\Users\Putra\AppData\Local\Programs\Python\Python311\Lib\site-packages\pycaret\internal\metrics.py:204: FitFailedWarning: Metric 'make_scorer(roc_auc_score, response_method=('decision_function', 'predict_proba'), average=weighted, multi_class=ovr)' failed and error score 0.0 has been returned instead. If this is a custom metric, this usually means that the error is in the metric code. Full exception below:
Traceback (most recent call last):
  File "C:\Users\Putra\AppData\Local\Programs\Python\Python311\Lib\site-packages\pycaret\internal\metrics.py", line 196, in _score
    return super()._score(
           ^^^^^^^^^^^^^^^
  File "C:\Users\Putra\AppData\Local\Programs\Python\Python311\Lib\site-packages\sklearn\metrics\_scorer.py", line 350, in _score
    return self._sign * self._score_func(y_true, y_pred, **scoring_kwargs)
                        ^^^^^^^^^^^^^^^^^^^^^^^^^^^^^^^^^^^^^^^^^^^^^^^^^^
  File "C:\Users\Putra\AppData\Local\Programs\Python\Python311\Lib\site-packages\pycaret\internal\metrics.py", line 144, in __call__
    return self.score_func(y_true, y_pred, **kwargs)
           ^^^^^^^^^^^^^^^^^^^^^^^^^^^^^^^^^^^^^^^^^
  File "C:\Users\Putra\AppData\Local\Programs\Python\Python311\Lib\site-packages\sklearn\utils\_param_validation.py", line 213, in wrapper
    return func(*args, **kwargs)
           ^^^^^^^^^^^^^^^^^^^^^
  File "C:\Users\Putra\AppData\Local\Programs\Python\Python311\Lib\site-packages\sklearn\metrics\_ranking.py", line 634, in roc_auc_score
    return _multiclass_roc_auc_score(
           ^^^^^^^^^^^^^^^^^^^^^^^^^^
  File "C:\Users\Putra\AppData\Local\Programs\Python\Python311\Lib\site-packages\sklearn\metrics\_ranking.py", line 707, in _multiclass_roc_auc_score
    raise ValueError(
ValueError: Target scores need to be probabilities for multiclass roc_auc, i.e. they should sum up to 1.0 over classes

  warnings.warn(

2026-09-17 13:57:21,226:WARNING:C:\Users\Putra\AppData\Local\Programs\Python\Python311\Lib\site-packages\pycaret\internal\metrics.py:204: FitFailedWarning: Metric 'make_scorer(roc_auc_score, response_method=('decision_function', 'predict_proba'), average=weighted, multi_class=ovr)' failed and error score 0.0 has been returned instead. If this is a custom metric, this usually means that the error is in the metric code. Full exception below:
Traceback (most recent call last):
  File "C:\Users\Putra\AppData\Local\Programs\Python\Python311\Lib\site-packages\pycaret\internal\metrics.py", line 196, in _score
    return super()._score(
           ^^^^^^^^^^^^^^^
  File "C:\Users\Putra\AppData\Local\Programs\Python\Python311\Lib\site-packages\sklearn\metrics\_scorer.py", line 350, in _score
    return self._sign * self._score_func(y_true, y_pred, **scoring_kwargs)
                        ^^^^^^^^^^^^^^^^^^^^^^^^^^^^^^^^^^^^^^^^^^^^^^^^^^
  File "C:\Users\Putra\AppData\Local\Programs\Python\Python311\Lib\site-packages\pycaret\internal\metrics.py", line 144, in __call__
    return self.score_func(y_true, y_pred, **kwargs)
           ^^^^^^^^^^^^^^^^^^^^^^^^^^^^^^^^^^^^^^^^^
  File "C:\Users\Putra\AppData\Local\Programs\Python\Python311\Lib\site-packages\sklearn\utils\_param_validation.py", line 213, in wrapper
    return func(*args, **kwargs)
           ^^^^^^^^^^^^^^^^^^^^^
  File "C:\Users\Putra\AppData\Local\Programs\Python\Python311\Lib\site-packages\sklearn\metrics\_ranking.py", line 634, in roc_auc_score
    return _multiclass_roc_auc_score(
           ^^^^^^^^^^^^^^^^^^^^^^^^^^
  File "C:\Users\Putra\AppData\Local\Programs\Python\Python311\Lib\site-packages\sklearn\metrics\_ranking.py", line 707, in _multiclass_roc_auc_score
    raise ValueError(
ValueError: Target scores need to be probabilities for multiclass roc_auc, i.e. they should sum up to 1.0 over classes

  warnings.warn(

2026-09-17 13:57:21,226:WARNING:C:\Users\Putra\AppData\Local\Programs\Python\Python311\Lib\site-packages\pycaret\internal\metrics.py:204: FitFailedWarning: Metric 'make_scorer(roc_auc_score, response_method=('decision_function', 'predict_proba'), average=weighted, multi_class=ovr)' failed and error score 0.0 has been returned instead. If this is a custom metric, this usually means that the error is in the metric code. Full exception below:
Traceback (most recent call last):
  File "C:\Users\Putra\AppData\Local\Programs\Python\Python311\Lib\site-packages\pycaret\internal\metrics.py", line 196, in _score
    return super()._score(
           ^^^^^^^^^^^^^^^
  File "C:\Users\Putra\AppData\Local\Programs\Python\Python311\Lib\site-packages\sklearn\metrics\_scorer.py", line 350, in _score
    return self._sign * self._score_func(y_true, y_pred, **scoring_kwargs)
                        ^^^^^^^^^^^^^^^^^^^^^^^^^^^^^^^^^^^^^^^^^^^^^^^^^^
  File "C:\Users\Putra\AppData\Local\Programs\Python\Python311\Lib\site-packages\pycaret\internal\metrics.py", line 144, in __call__
    return self.score_func(y_true, y_pred, **kwargs)
           ^^^^^^^^^^^^^^^^^^^^^^^^^^^^^^^^^^^^^^^^^
  File "C:\Users\Putra\AppData\Local\Programs\Python\Python311\Lib\site-packages\sklearn\utils\_param_validation.py", line 213, in wrapper
    return func(*args, **kwargs)
           ^^^^^^^^^^^^^^^^^^^^^
  File "C:\Users\Putra\AppData\Local\Programs\Python\Python311\Lib\site-packages\sklearn\metrics\_ranking.py", line 634, in roc_auc_score
    return _multiclass_roc_auc_score(
           ^^^^^^^^^^^^^^^^^^^^^^^^^^
  File "C:\Users\Putra\AppData\Local\Programs\Python\Python311\Lib\site-packages\sklearn\metrics\_ranking.py", line 707, in _multiclass_roc_auc_score
    raise ValueError(
ValueError: Target scores need to be probabilities for multiclass roc_auc, i.e. they should sum up to 1.0 over classes

  warnings.warn(

2026-09-17 13:57:21,227:WARNING:C:\Users\Putra\AppData\Local\Programs\Python\Python311\Lib\site-packages\pycaret\internal\metrics.py:204: FitFailedWarning: Metric 'make_scorer(roc_auc_score, response_method=('decision_function', 'predict_proba'), average=weighted, multi_class=ovr)' failed and error score 0.0 has been returned instead. If this is a custom metric, this usually means that the error is in the metric code. Full exception below:
Traceback (most recent call last):
  File "C:\Users\Putra\AppData\Local\Programs\Python\Python311\Lib\site-packages\pycaret\internal\metrics.py", line 196, in _score
    return super()._score(
           ^^^^^^^^^^^^^^^
  File "C:\Users\Putra\AppData\Local\Programs\Python\Python311\Lib\site-packages\sklearn\metrics\_scorer.py", line 350, in _score
    return self._sign * self._score_func(y_true, y_pred, **scoring_kwargs)
                        ^^^^^^^^^^^^^^^^^^^^^^^^^^^^^^^^^^^^^^^^^^^^^^^^^^
  File "C:\Users\Putra\AppData\Local\Programs\Python\Python311\Lib\site-packages\pycaret\internal\metrics.py", line 144, in __call__
    return self.score_func(y_true, y_pred, **kwargs)
           ^^^^^^^^^^^^^^^^^^^^^^^^^^^^^^^^^^^^^^^^^
  File "C:\Users\Putra\AppData\Local\Programs\Python\Python311\Lib\site-packages\sklearn\utils\_param_validation.py", line 213, in wrapper
    return func(*args, **kwargs)
           ^^^^^^^^^^^^^^^^^^^^^
  File "C:\Users\Putra\AppData\Local\Programs\Python\Python311\Lib\site-packages\sklearn\metrics\_ranking.py", line 634, in roc_auc_score
    return _multiclass_roc_auc_score(
           ^^^^^^^^^^^^^^^^^^^^^^^^^^
  File "C:\Users\Putra\AppData\Local\Programs\Python\Python311\Lib\site-packages\sklearn\metrics\_ranking.py", line 707, in _multiclass_roc_auc_score
    raise ValueError(
ValueError: Target scores need to be probabilities for multiclass roc_auc, i.e. they should sum up to 1.0 over classes

  warnings.warn(

2026-09-17 13:57:21,227:WARNING:C:\Users\Putra\AppData\Local\Programs\Python\Python311\Lib\site-packages\pycaret\internal\metrics.py:204: FitFailedWarning: Metric 'make_scorer(roc_auc_score, response_method=('decision_function', 'predict_proba'), average=weighted, multi_class=ovr)' failed and error score 0.0 has been returned instead. If this is a custom metric, this usually means that the error is in the metric code. Full exception below:
Traceback (most recent call last):
  File "C:\Users\Putra\AppData\Local\Programs\Python\Python311\Lib\site-packages\pycaret\internal\metrics.py", line 196, in _score
    return super()._score(
           ^^^^^^^^^^^^^^^
  File "C:\Users\Putra\AppData\Local\Programs\Python\Python311\Lib\site-packages\sklearn\metrics\_scorer.py", line 350, in _score
    return self._sign * self._score_func(y_true, y_pred, **scoring_kwargs)
                        ^^^^^^^^^^^^^^^^^^^^^^^^^^^^^^^^^^^^^^^^^^^^^^^^^^
  File "C:\Users\Putra\AppData\Local\Programs\Python\Python311\Lib\site-packages\pycaret\internal\metrics.py", line 144, in __call__
    return self.score_func(y_true, y_pred, **kwargs)
           ^^^^^^^^^^^^^^^^^^^^^^^^^^^^^^^^^^^^^^^^^
  File "C:\Users\Putra\AppData\Local\Programs\Python\Python311\Lib\site-packages\sklearn\utils\_param_validation.py", line 213, in wrapper
    return func(*args, **kwargs)
           ^^^^^^^^^^^^^^^^^^^^^
  File "C:\Users\Putra\AppData\Local\Programs\Python\Python311\Lib\site-packages\sklearn\metrics\_ranking.py", line 634, in roc_auc_score
    return _multiclass_roc_auc_score(
           ^^^^^^^^^^^^^^^^^^^^^^^^^^
  File "C:\Users\Putra\AppData\Local\Programs\Python\Python311\Lib\site-packages\sklearn\metrics\_ranking.py", line 707, in _multiclass_roc_auc_score
    raise ValueError(
ValueError: Target scores need to be probabilities for multiclass roc_auc, i.e. they should sum up to 1.0 over classes

  warnings.warn(

2026-09-17 13:57:21,227:WARNING:C:\Users\Putra\AppData\Local\Programs\Python\Python311\Lib\site-packages\pycaret\internal\metrics.py:204: FitFailedWarning: Metric 'make_scorer(roc_auc_score, response_method=('decision_function', 'predict_proba'), average=weighted, multi_class=ovr)' failed and error score 0.0 has been returned instead. If this is a custom metric, this usually means that the error is in the metric code. Full exception below:
Traceback (most recent call last):
  File "C:\Users\Putra\AppData\Local\Programs\Python\Python311\Lib\site-packages\pycaret\internal\metrics.py", line 196, in _score
    return super()._score(
           ^^^^^^^^^^^^^^^
  File "C:\Users\Putra\AppData\Local\Programs\Python\Python311\Lib\site-packages\sklearn\metrics\_scorer.py", line 350, in _score
    return self._sign * self._score_func(y_true, y_pred, **scoring_kwargs)
                        ^^^^^^^^^^^^^^^^^^^^^^^^^^^^^^^^^^^^^^^^^^^^^^^^^^
  File "C:\Users\Putra\AppData\Local\Programs\Python\Python311\Lib\site-packages\pycaret\internal\metrics.py", line 144, in __call__
    return self.score_func(y_true, y_pred, **kwargs)
           ^^^^^^^^^^^^^^^^^^^^^^^^^^^^^^^^^^^^^^^^^
  File "C:\Users\Putra\AppData\Local\Programs\Python\Python311\Lib\site-packages\sklearn\utils\_param_validation.py", line 213, in wrapper
    return func(*args, **kwargs)
           ^^^^^^^^^^^^^^^^^^^^^
  File "C:\Users\Putra\AppData\Local\Programs\Python\Python311\Lib\site-packages\sklearn\metrics\_ranking.py", line 634, in roc_auc_score
    return _multiclass_roc_auc_score(
           ^^^^^^^^^^^^^^^^^^^^^^^^^^
  File "C:\Users\Putra\AppData\Local\Programs\Python\Python311\Lib\site-packages\sklearn\metrics\_ranking.py", line 707, in _multiclass_roc_auc_score
    raise ValueError(
ValueError: Target scores need to be probabilities for multiclass roc_auc, i.e. they should sum up to 1.0 over classes

  warnings.warn(

2026-09-17 13:57:21,229:WARNING:C:\Users\Putra\AppData\Local\Programs\Python\Python311\Lib\site-packages\pycaret\internal\metrics.py:204: FitFailedWarning: Metric 'make_scorer(roc_auc_score, response_method=('decision_function', 'predict_proba'), average=weighted, multi_class=ovr)' failed and error score 0.0 has been returned instead. If this is a custom metric, this usually means that the error is in the metric code. Full exception below:
Traceback (most recent call last):
  File "C:\Users\Putra\AppData\Local\Programs\Python\Python311\Lib\site-packages\pycaret\internal\metrics.py", line 196, in _score
    return super()._score(
           ^^^^^^^^^^^^^^^
  File "C:\Users\Putra\AppData\Local\Programs\Python\Python311\Lib\site-packages\sklearn\metrics\_scorer.py", line 350, in _score
    return self._sign * self._score_func(y_true, y_pred, **scoring_kwargs)
                        ^^^^^^^^^^^^^^^^^^^^^^^^^^^^^^^^^^^^^^^^^^^^^^^^^^
  File "C:\Users\Putra\AppData\Local\Programs\Python\Python311\Lib\site-packages\pycaret\internal\metrics.py", line 144, in __call__
    return self.score_func(y_true, y_pred, **kwargs)
           ^^^^^^^^^^^^^^^^^^^^^^^^^^^^^^^^^^^^^^^^^
  File "C:\Users\Putra\AppData\Local\Programs\Python\Python311\Lib\site-packages\sklearn\utils\_param_validation.py", line 213, in wrapper
    return func(*args, **kwargs)
           ^^^^^^^^^^^^^^^^^^^^^
  File "C:\Users\Putra\AppData\Local\Programs\Python\Python311\Lib\site-packages\sklearn\metrics\_ranking.py", line 634, in roc_auc_score
    return _multiclass_roc_auc_score(
           ^^^^^^^^^^^^^^^^^^^^^^^^^^
  File "C:\Users\Putra\AppData\Local\Programs\Python\Python311\Lib\site-packages\sklearn\metrics\_ranking.py", line 707, in _multiclass_roc_auc_score
    raise ValueError(
ValueError: Target scores need to be probabilities for multiclass roc_auc, i.e. they should sum up to 1.0 over classes

  warnings.warn(

2026-09-17 13:57:21,231:WARNING:C:\Users\Putra\AppData\Local\Programs\Python\Python311\Lib\site-packages\sklearn\metrics\_classification.py:1509: UndefinedMetricWarning: Precision is ill-defined and being set to 0.0 in labels with no predicted samples. Use `zero_division` parameter to control this behavior.
  _warn_prf(average, modifier, f"{metric.capitalize()} is", len(result))

2026-09-17 13:57:21,243:INFO:Calculating mean and std
2026-09-17 13:57:21,243:INFO:Creating metrics dataframe
2026-09-17 13:57:21,244:INFO:Uploading results into container
2026-09-17 13:57:21,244:INFO:Uploading model into container now
2026-09-17 13:57:21,244:INFO:_master_model_container: 6
2026-09-17 13:57:21,244:INFO:_display_container: 2
2026-09-17 13:57:21,245:INFO:RidgeClassifier(alpha=1.0, class_weight=None, copy_X=True, fit_intercept=True,
                max_iter=None, positive=False, random_state=5710, solver='auto',
                tol=0.0001)
2026-09-17 13:57:21,245:INFO:create_model() successfully completed......................................
2026-09-17 13:57:21,297:INFO:SubProcess create_model() end ==================================
2026-09-17 13:57:21,297:INFO:Creating metrics dataframe
2026-09-17 13:57:21,299:INFO:Initializing Random Forest Classifier
2026-09-17 13:57:21,299:INFO:Total runtime is 0.10773003101348877 minutes
2026-09-17 13:57:21,299:INFO:SubProcess create_model() called ==================================
2026-09-17 13:57:21,299:INFO:Initializing create_model()
2026-09-17 13:57:21,299:INFO:create_model(self=<pycaret.classification.oop.ClassificationExperiment object at 0x000001FB642DFCD0>, estimator=rf, fold=StratifiedKFold(n_splits=10, random_state=None, shuffle=False), round=4, cross_validation=True, predict=True, fit_kwargs={}, groups=None, refit=False, probability_threshold=None, experiment_custom_tags=None, verbose=False, system=False, add_to_model_list=True, metrics=None, display=<pycaret.internal.display.display.CommonDisplay object at 0x000001FB6AD5ED10>, model_only=True, return_train_score=False, error_score=0.0, kwargs={})
2026-09-17 13:57:21,299:INFO:Checking exceptions
2026-09-17 13:57:21,299:INFO:Importing libraries
2026-09-17 13:57:21,299:INFO:Copying training dataset
2026-09-17 13:57:21,301:INFO:Defining folds
2026-09-17 13:57:21,301:INFO:Declaring metric variables
2026-09-17 13:57:21,301:INFO:Importing untrained model
2026-09-17 13:57:21,301:INFO:Random Forest Classifier Imported successfully
2026-09-17 13:57:21,301:INFO:Starting cross validation
2026-09-17 13:57:21,301:INFO:Cross validating with StratifiedKFold(n_splits=10, random_state=None, shuffle=False), n_jobs=-1
2026-09-17 13:57:21,523:INFO:Calculating mean and std
2026-09-17 13:57:21,523:INFO:Creating metrics dataframe
2026-09-17 13:57:21,524:INFO:Uploading results into container
2026-09-17 13:57:21,524:INFO:Uploading model into container now
2026-09-17 13:57:21,524:INFO:_master_model_container: 7
2026-09-17 13:57:21,524:INFO:_display_container: 2
2026-09-17 13:57:21,525:INFO:RandomForestClassifier(bootstrap=True, ccp_alpha=0.0, class_weight=None,
                       criterion='gini', max_depth=None, max_features='sqrt',
                       max_leaf_nodes=None, max_samples=None,
                       min_impurity_decrease=0.0, min_samples_leaf=1,
                       min_samples_split=2, min_weight_fraction_leaf=0.0,
                       monotonic_cst=None, n_estimators=100, n_jobs=-1,
                       oob_score=False, random_state=5710, verbose=0,
                       warm_start=False)
2026-09-17 13:57:21,525:INFO:create_model() successfully completed......................................
2026-09-17 13:57:21,572:INFO:SubProcess create_model() end ==================================
2026-09-17 13:57:21,572:INFO:Creating metrics dataframe
2026-09-17 13:57:21,573:INFO:Initializing Quadratic Discriminant Analysis
2026-09-17 13:57:21,573:INFO:Total runtime is 0.11229742368062337 minutes
2026-09-17 13:57:21,573:INFO:SubProcess create_model() called ==================================
2026-09-17 13:57:21,574:INFO:Initializing create_model()
2026-09-17 13:57:21,574:INFO:create_model(self=<pycaret.classification.oop.ClassificationExperiment object at 0x000001FB642DFCD0>, estimator=qda, fold=StratifiedKFold(n_splits=10, random_state=None, shuffle=False), round=4, cross_validation=True, predict=True, fit_kwargs={}, groups=None, refit=False, probability_threshold=None, experiment_custom_tags=None, verbose=False, system=False, add_to_model_list=True, metrics=None, display=<pycaret.internal.display.display.CommonDisplay object at 0x000001FB6AD5ED10>, model_only=True, return_train_score=False, error_score=0.0, kwargs={})
2026-09-17 13:57:21,574:INFO:Checking exceptions
2026-09-17 13:57:21,574:INFO:Importing libraries
2026-09-17 13:57:21,574:INFO:Copying training dataset
2026-09-17 13:57:21,575:INFO:Defining folds
2026-09-17 13:57:21,575:INFO:Declaring metric variables
2026-09-17 13:57:21,575:INFO:Importing untrained model
2026-09-17 13:57:21,575:INFO:Quadratic Discriminant Analysis Imported successfully
2026-09-17 13:57:21,575:INFO:Starting cross validation
2026-09-17 13:57:21,575:INFO:Cross validating with StratifiedKFold(n_splits=10, random_state=None, shuffle=False), n_jobs=-1
2026-09-17 13:57:21,599:WARNING:C:\Users\Putra\AppData\Local\Programs\Python\Python311\Lib\site-packages\pycaret\internal\metrics.py:204: FitFailedWarning: Metric 'make_scorer(roc_auc_score, response_method=('decision_function', 'predict_proba'), average=weighted, multi_class=ovr)' failed and error score 0.0 has been returned instead. If this is a custom metric, this usually means that the error is in the metric code. Full exception below:
Traceback (most recent call last):
  File "C:\Users\Putra\AppData\Local\Programs\Python\Python311\Lib\site-packages\pycaret\internal\metrics.py", line 196, in _score
    return super()._score(
           ^^^^^^^^^^^^^^^
  File "C:\Users\Putra\AppData\Local\Programs\Python\Python311\Lib\site-packages\sklearn\metrics\_scorer.py", line 350, in _score
    return self._sign * self._score_func(y_true, y_pred, **scoring_kwargs)
                        ^^^^^^^^^^^^^^^^^^^^^^^^^^^^^^^^^^^^^^^^^^^^^^^^^^
  File "C:\Users\Putra\AppData\Local\Programs\Python\Python311\Lib\site-packages\pycaret\internal\metrics.py", line 144, in __call__
    return self.score_func(y_true, y_pred, **kwargs)
           ^^^^^^^^^^^^^^^^^^^^^^^^^^^^^^^^^^^^^^^^^
  File "C:\Users\Putra\AppData\Local\Programs\Python\Python311\Lib\site-packages\sklearn\utils\_param_validation.py", line 213, in wrapper
    return func(*args, **kwargs)
           ^^^^^^^^^^^^^^^^^^^^^
  File "C:\Users\Putra\AppData\Local\Programs\Python\Python311\Lib\site-packages\sklearn\metrics\_ranking.py", line 634, in roc_auc_score
    return _multiclass_roc_auc_score(
           ^^^^^^^^^^^^^^^^^^^^^^^^^^
  File "C:\Users\Putra\AppData\Local\Programs\Python\Python311\Lib\site-packages\sklearn\metrics\_ranking.py", line 707, in _multiclass_roc_auc_score
    raise ValueError(
ValueError: Target scores need to be probabilities for multiclass roc_auc, i.e. they should sum up to 1.0 over classes

  warnings.warn(

2026-09-17 13:57:21,599:WARNING:C:\Users\Putra\AppData\Local\Programs\Python\Python311\Lib\site-packages\pycaret\internal\metrics.py:204: FitFailedWarning: Metric 'make_scorer(roc_auc_score, response_method=('decision_function', 'predict_proba'), average=weighted, multi_class=ovr)' failed and error score 0.0 has been returned instead. If this is a custom metric, this usually means that the error is in the metric code. Full exception below:
Traceback (most recent call last):
  File "C:\Users\Putra\AppData\Local\Programs\Python\Python311\Lib\site-packages\pycaret\internal\metrics.py", line 196, in _score
    return super()._score(
           ^^^^^^^^^^^^^^^
  File "C:\Users\Putra\AppData\Local\Programs\Python\Python311\Lib\site-packages\sklearn\metrics\_scorer.py", line 350, in _score
    return self._sign * self._score_func(y_true, y_pred, **scoring_kwargs)
                        ^^^^^^^^^^^^^^^^^^^^^^^^^^^^^^^^^^^^^^^^^^^^^^^^^^
  File "C:\Users\Putra\AppData\Local\Programs\Python\Python311\Lib\site-packages\pycaret\internal\metrics.py", line 144, in __call__
    return self.score_func(y_true, y_pred, **kwargs)
           ^^^^^^^^^^^^^^^^^^^^^^^^^^^^^^^^^^^^^^^^^
  File "C:\Users\Putra\AppData\Local\Programs\Python\Python311\Lib\site-packages\sklearn\utils\_param_validation.py", line 213, in wrapper
    return func(*args, **kwargs)
           ^^^^^^^^^^^^^^^^^^^^^
  File "C:\Users\Putra\AppData\Local\Programs\Python\Python311\Lib\site-packages\sklearn\metrics\_ranking.py", line 634, in roc_auc_score
    return _multiclass_roc_auc_score(
           ^^^^^^^^^^^^^^^^^^^^^^^^^^
  File "C:\Users\Putra\AppData\Local\Programs\Python\Python311\Lib\site-packages\sklearn\metrics\_ranking.py", line 707, in _multiclass_roc_auc_score
    raise ValueError(
ValueError: Target scores need to be probabilities for multiclass roc_auc, i.e. they should sum up to 1.0 over classes

  warnings.warn(

2026-09-17 13:57:21,599:WARNING:C:\Users\Putra\AppData\Local\Programs\Python\Python311\Lib\site-packages\pycaret\internal\metrics.py:204: FitFailedWarning: Metric 'make_scorer(roc_auc_score, response_method=('decision_function', 'predict_proba'), average=weighted, multi_class=ovr)' failed and error score 0.0 has been returned instead. If this is a custom metric, this usually means that the error is in the metric code. Full exception below:
Traceback (most recent call last):
  File "C:\Users\Putra\AppData\Local\Programs\Python\Python311\Lib\site-packages\pycaret\internal\metrics.py", line 196, in _score
    return super()._score(
           ^^^^^^^^^^^^^^^
  File "C:\Users\Putra\AppData\Local\Programs\Python\Python311\Lib\site-packages\sklearn\metrics\_scorer.py", line 350, in _score
    return self._sign * self._score_func(y_true, y_pred, **scoring_kwargs)
                        ^^^^^^^^^^^^^^^^^^^^^^^^^^^^^^^^^^^^^^^^^^^^^^^^^^
  File "C:\Users\Putra\AppData\Local\Programs\Python\Python311\Lib\site-packages\pycaret\internal\metrics.py", line 144, in __call__
    return self.score_func(y_true, y_pred, **kwargs)
           ^^^^^^^^^^^^^^^^^^^^^^^^^^^^^^^^^^^^^^^^^
  File "C:\Users\Putra\AppData\Local\Programs\Python\Python311\Lib\site-packages\sklearn\utils\_param_validation.py", line 213, in wrapper
    return func(*args, **kwargs)
           ^^^^^^^^^^^^^^^^^^^^^
  File "C:\Users\Putra\AppData\Local\Programs\Python\Python311\Lib\site-packages\sklearn\metrics\_ranking.py", line 634, in roc_auc_score
    return _multiclass_roc_auc_score(
           ^^^^^^^^^^^^^^^^^^^^^^^^^^
  File "C:\Users\Putra\AppData\Local\Programs\Python\Python311\Lib\site-packages\sklearn\metrics\_ranking.py", line 707, in _multiclass_roc_auc_score
    raise ValueError(
ValueError: Target scores need to be probabilities for multiclass roc_auc, i.e. they should sum up to 1.0 over classes

  warnings.warn(

2026-09-17 13:57:21,599:WARNING:C:\Users\Putra\AppData\Local\Programs\Python\Python311\Lib\site-packages\pycaret\internal\metrics.py:204: FitFailedWarning: Metric 'make_scorer(roc_auc_score, response_method=('decision_function', 'predict_proba'), average=weighted, multi_class=ovr)' failed and error score 0.0 has been returned instead. If this is a custom metric, this usually means that the error is in the metric code. Full exception below:
Traceback (most recent call last):
  File "C:\Users\Putra\AppData\Local\Programs\Python\Python311\Lib\site-packages\pycaret\internal\metrics.py", line 196, in _score
    return super()._score(
           ^^^^^^^^^^^^^^^
  File "C:\Users\Putra\AppData\Local\Programs\Python\Python311\Lib\site-packages\sklearn\metrics\_scorer.py", line 350, in _score
    return self._sign * self._score_func(y_true, y_pred, **scoring_kwargs)
                        ^^^^^^^^^^^^^^^^^^^^^^^^^^^^^^^^^^^^^^^^^^^^^^^^^^
  File "C:\Users\Putra\AppData\Local\Programs\Python\Python311\Lib\site-packages\pycaret\internal\metrics.py", line 144, in __call__
    return self.score_func(y_true, y_pred, **kwargs)
           ^^^^^^^^^^^^^^^^^^^^^^^^^^^^^^^^^^^^^^^^^
  File "C:\Users\Putra\AppData\Local\Programs\Python\Python311\Lib\site-packages\sklearn\utils\_param_validation.py", line 213, in wrapper
    return func(*args, **kwargs)
           ^^^^^^^^^^^^^^^^^^^^^
  File "C:\Users\Putra\AppData\Local\Programs\Python\Python311\Lib\site-packages\sklearn\metrics\_ranking.py", line 634, in roc_auc_score
    return _multiclass_roc_auc_score(
           ^^^^^^^^^^^^^^^^^^^^^^^^^^
  File "C:\Users\Putra\AppData\Local\Programs\Python\Python311\Lib\site-packages\sklearn\metrics\_ranking.py", line 707, in _multiclass_roc_auc_score
    raise ValueError(
ValueError: Target scores need to be probabilities for multiclass roc_auc, i.e. they should sum up to 1.0 over classes

  warnings.warn(

2026-09-17 13:57:21,600:WARNING:C:\Users\Putra\AppData\Local\Programs\Python\Python311\Lib\site-packages\pycaret\internal\metrics.py:204: FitFailedWarning: Metric 'make_scorer(roc_auc_score, response_method=('decision_function', 'predict_proba'), average=weighted, multi_class=ovr)' failed and error score 0.0 has been returned instead. If this is a custom metric, this usually means that the error is in the metric code. Full exception below:
Traceback (most recent call last):
  File "C:\Users\Putra\AppData\Local\Programs\Python\Python311\Lib\site-packages\pycaret\internal\metrics.py", line 196, in _score
    return super()._score(
           ^^^^^^^^^^^^^^^
  File "C:\Users\Putra\AppData\Local\Programs\Python\Python311\Lib\site-packages\sklearn\metrics\_scorer.py", line 350, in _score
    return self._sign * self._score_func(y_true, y_pred, **scoring_kwargs)
                        ^^^^^^^^^^^^^^^^^^^^^^^^^^^^^^^^^^^^^^^^^^^^^^^^^^
  File "C:\Users\Putra\AppData\Local\Programs\Python\Python311\Lib\site-packages\pycaret\internal\metrics.py", line 144, in __call__
    return self.score_func(y_true, y_pred, **kwargs)
           ^^^^^^^^^^^^^^^^^^^^^^^^^^^^^^^^^^^^^^^^^
  File "C:\Users\Putra\AppData\Local\Programs\Python\Python311\Lib\site-packages\sklearn\utils\_param_validation.py", line 213, in wrapper
    return func(*args, **kwargs)
           ^^^^^^^^^^^^^^^^^^^^^
  File "C:\Users\Putra\AppData\Local\Programs\Python\Python311\Lib\site-packages\sklearn\metrics\_ranking.py", line 634, in roc_auc_score
    return _multiclass_roc_auc_score(
           ^^^^^^^^^^^^^^^^^^^^^^^^^^
  File "C:\Users\Putra\AppData\Local\Programs\Python\Python311\Lib\site-packages\sklearn\metrics\_ranking.py", line 707, in _multiclass_roc_auc_score
    raise ValueError(
ValueError: Target scores need to be probabilities for multiclass roc_auc, i.e. they should sum up to 1.0 over classes

  warnings.warn(

2026-09-17 13:57:21,601:WARNING:C:\Users\Putra\AppData\Local\Programs\Python\Python311\Lib\site-packages\pycaret\internal\metrics.py:204: FitFailedWarning: Metric 'make_scorer(roc_auc_score, response_method=('decision_function', 'predict_proba'), average=weighted, multi_class=ovr)' failed and error score 0.0 has been returned instead. If this is a custom metric, this usually means that the error is in the metric code. Full exception below:
Traceback (most recent call last):
  File "C:\Users\Putra\AppData\Local\Programs\Python\Python311\Lib\site-packages\pycaret\internal\metrics.py", line 196, in _score
    return super()._score(
           ^^^^^^^^^^^^^^^
  File "C:\Users\Putra\AppData\Local\Programs\Python\Python311\Lib\site-packages\sklearn\metrics\_scorer.py", line 350, in _score
    return self._sign * self._score_func(y_true, y_pred, **scoring_kwargs)
                        ^^^^^^^^^^^^^^^^^^^^^^^^^^^^^^^^^^^^^^^^^^^^^^^^^^
  File "C:\Users\Putra\AppData\Local\Programs\Python\Python311\Lib\site-packages\pycaret\internal\metrics.py", line 144, in __call__
    return self.score_func(y_true, y_pred, **kwargs)
           ^^^^^^^^^^^^^^^^^^^^^^^^^^^^^^^^^^^^^^^^^
  File "C:\Users\Putra\AppData\Local\Programs\Python\Python311\Lib\site-packages\sklearn\utils\_param_validation.py", line 213, in wrapper
    return func(*args, **kwargs)
           ^^^^^^^^^^^^^^^^^^^^^
  File "C:\Users\Putra\AppData\Local\Programs\Python\Python311\Lib\site-packages\sklearn\metrics\_ranking.py", line 634, in roc_auc_score
    return _multiclass_roc_auc_score(
           ^^^^^^^^^^^^^^^^^^^^^^^^^^
  File "C:\Users\Putra\AppData\Local\Programs\Python\Python311\Lib\site-packages\sklearn\metrics\_ranking.py", line 707, in _multiclass_roc_auc_score
    raise ValueError(
ValueError: Target scores need to be probabilities for multiclass roc_auc, i.e. they should sum up to 1.0 over classes

  warnings.warn(

2026-09-17 13:57:21,601:WARNING:C:\Users\Putra\AppData\Local\Programs\Python\Python311\Lib\site-packages\pycaret\internal\metrics.py:204: FitFailedWarning: Metric 'make_scorer(roc_auc_score, response_method=('decision_function', 'predict_proba'), average=weighted, multi_class=ovr)' failed and error score 0.0 has been returned instead. If this is a custom metric, this usually means that the error is in the metric code. Full exception below:
Traceback (most recent call last):
  File "C:\Users\Putra\AppData\Local\Programs\Python\Python311\Lib\site-packages\pycaret\internal\metrics.py", line 196, in _score
    return super()._score(
           ^^^^^^^^^^^^^^^
  File "C:\Users\Putra\AppData\Local\Programs\Python\Python311\Lib\site-packages\sklearn\metrics\_scorer.py", line 350, in _score
    return self._sign * self._score_func(y_true, y_pred, **scoring_kwargs)
                        ^^^^^^^^^^^^^^^^^^^^^^^^^^^^^^^^^^^^^^^^^^^^^^^^^^
  File "C:\Users\Putra\AppData\Local\Programs\Python\Python311\Lib\site-packages\pycaret\internal\metrics.py", line 144, in __call__
    return self.score_func(y_true, y_pred, **kwargs)
           ^^^^^^^^^^^^^^^^^^^^^^^^^^^^^^^^^^^^^^^^^
  File "C:\Users\Putra\AppData\Local\Programs\Python\Python311\Lib\site-packages\sklearn\utils\_param_validation.py", line 213, in wrapper
    return func(*args, **kwargs)
           ^^^^^^^^^^^^^^^^^^^^^
  File "C:\Users\Putra\AppData\Local\Programs\Python\Python311\Lib\site-packages\sklearn\metrics\_ranking.py", line 634, in roc_auc_score
    return _multiclass_roc_auc_score(
           ^^^^^^^^^^^^^^^^^^^^^^^^^^
  File "C:\Users\Putra\AppData\Local\Programs\Python\Python311\Lib\site-packages\sklearn\metrics\_ranking.py", line 707, in _multiclass_roc_auc_score
    raise ValueError(
ValueError: Target scores need to be probabilities for multiclass roc_auc, i.e. they should sum up to 1.0 over classes

  warnings.warn(

2026-09-17 13:57:21,601:WARNING:C:\Users\Putra\AppData\Local\Programs\Python\Python311\Lib\site-packages\pycaret\internal\metrics.py:204: FitFailedWarning: Metric 'make_scorer(roc_auc_score, response_method=('decision_function', 'predict_proba'), average=weighted, multi_class=ovr)' failed and error score 0.0 has been returned instead. If this is a custom metric, this usually means that the error is in the metric code. Full exception below:
Traceback (most recent call last):
  File "C:\Users\Putra\AppData\Local\Programs\Python\Python311\Lib\site-packages\pycaret\internal\metrics.py", line 196, in _score
    return super()._score(
           ^^^^^^^^^^^^^^^
  File "C:\Users\Putra\AppData\Local\Programs\Python\Python311\Lib\site-packages\sklearn\metrics\_scorer.py", line 350, in _score
    return self._sign * self._score_func(y_true, y_pred, **scoring_kwargs)
                        ^^^^^^^^^^^^^^^^^^^^^^^^^^^^^^^^^^^^^^^^^^^^^^^^^^
  File "C:\Users\Putra\AppData\Local\Programs\Python\Python311\Lib\site-packages\pycaret\internal\metrics.py", line 144, in __call__
    return self.score_func(y_true, y_pred, **kwargs)
           ^^^^^^^^^^^^^^^^^^^^^^^^^^^^^^^^^^^^^^^^^
  File "C:\Users\Putra\AppData\Local\Programs\Python\Python311\Lib\site-packages\sklearn\utils\_param_validation.py", line 213, in wrapper
    return func(*args, **kwargs)
           ^^^^^^^^^^^^^^^^^^^^^
  File "C:\Users\Putra\AppData\Local\Programs\Python\Python311\Lib\site-packages\sklearn\metrics\_ranking.py", line 634, in roc_auc_score
    return _multiclass_roc_auc_score(
           ^^^^^^^^^^^^^^^^^^^^^^^^^^
  File "C:\Users\Putra\AppData\Local\Programs\Python\Python311\Lib\site-packages\sklearn\metrics\_ranking.py", line 707, in _multiclass_roc_auc_score
    raise ValueError(
ValueError: Target scores need to be probabilities for multiclass roc_auc, i.e. they should sum up to 1.0 over classes

  warnings.warn(

2026-09-17 13:57:21,602:WARNING:C:\Users\Putra\AppData\Local\Programs\Python\Python311\Lib\site-packages\pycaret\internal\metrics.py:204: FitFailedWarning: Metric 'make_scorer(roc_auc_score, response_method=('decision_function', 'predict_proba'), average=weighted, multi_class=ovr)' failed and error score 0.0 has been returned instead. If this is a custom metric, this usually means that the error is in the metric code. Full exception below:
Traceback (most recent call last):
  File "C:\Users\Putra\AppData\Local\Programs\Python\Python311\Lib\site-packages\pycaret\internal\metrics.py", line 196, in _score
    return super()._score(
           ^^^^^^^^^^^^^^^
  File "C:\Users\Putra\AppData\Local\Programs\Python\Python311\Lib\site-packages\sklearn\metrics\_scorer.py", line 350, in _score
    return self._sign * self._score_func(y_true, y_pred, **scoring_kwargs)
                        ^^^^^^^^^^^^^^^^^^^^^^^^^^^^^^^^^^^^^^^^^^^^^^^^^^
  File "C:\Users\Putra\AppData\Local\Programs\Python\Python311\Lib\site-packages\pycaret\internal\metrics.py", line 144, in __call__
    return self.score_func(y_true, y_pred, **kwargs)
           ^^^^^^^^^^^^^^^^^^^^^^^^^^^^^^^^^^^^^^^^^
  File "C:\Users\Putra\AppData\Local\Programs\Python\Python311\Lib\site-packages\sklearn\utils\_param_validation.py", line 213, in wrapper
    return func(*args, **kwargs)
           ^^^^^^^^^^^^^^^^^^^^^
  File "C:\Users\Putra\AppData\Local\Programs\Python\Python311\Lib\site-packages\sklearn\metrics\_ranking.py", line 634, in roc_auc_score
    return _multiclass_roc_auc_score(
           ^^^^^^^^^^^^^^^^^^^^^^^^^^
  File "C:\Users\Putra\AppData\Local\Programs\Python\Python311\Lib\site-packages\sklearn\metrics\_ranking.py", line 707, in _multiclass_roc_auc_score
    raise ValueError(
ValueError: Target scores need to be probabilities for multiclass roc_auc, i.e. they should sum up to 1.0 over classes

  warnings.warn(

2026-09-17 13:57:21,602:WARNING:C:\Users\Putra\AppData\Local\Programs\Python\Python311\Lib\site-packages\pycaret\internal\metrics.py:204: FitFailedWarning: Metric 'make_scorer(roc_auc_score, response_method=('decision_function', 'predict_proba'), average=weighted, multi_class=ovr)' failed and error score 0.0 has been returned instead. If this is a custom metric, this usually means that the error is in the metric code. Full exception below:
Traceback (most recent call last):
  File "C:\Users\Putra\AppData\Local\Programs\Python\Python311\Lib\site-packages\pycaret\internal\metrics.py", line 196, in _score
    return super()._score(
           ^^^^^^^^^^^^^^^
  File "C:\Users\Putra\AppData\Local\Programs\Python\Python311\Lib\site-packages\sklearn\metrics\_scorer.py", line 350, in _score
    return self._sign * self._score_func(y_true, y_pred, **scoring_kwargs)
                        ^^^^^^^^^^^^^^^^^^^^^^^^^^^^^^^^^^^^^^^^^^^^^^^^^^
  File "C:\Users\Putra\AppData\Local\Programs\Python\Python311\Lib\site-packages\pycaret\internal\metrics.py", line 144, in __call__
    return self.score_func(y_true, y_pred, **kwargs)
           ^^^^^^^^^^^^^^^^^^^^^^^^^^^^^^^^^^^^^^^^^
  File "C:\Users\Putra\AppData\Local\Programs\Python\Python311\Lib\site-packages\sklearn\utils\_param_validation.py", line 213, in wrapper
    return func(*args, **kwargs)
           ^^^^^^^^^^^^^^^^^^^^^
  File "C:\Users\Putra\AppData\Local\Programs\Python\Python311\Lib\site-packages\sklearn\metrics\_ranking.py", line 634, in roc_auc_score
    return _multiclass_roc_auc_score(
           ^^^^^^^^^^^^^^^^^^^^^^^^^^
  File "C:\Users\Putra\AppData\Local\Programs\Python\Python311\Lib\site-packages\sklearn\metrics\_ranking.py", line 707, in _multiclass_roc_auc_score
    raise ValueError(
ValueError: Target scores need to be probabilities for multiclass roc_auc, i.e. they should sum up to 1.0 over classes

  warnings.warn(

2026-09-17 13:57:21,611:INFO:Calculating mean and std
2026-09-17 13:57:21,611:INFO:Creating metrics dataframe
2026-09-17 13:57:21,612:INFO:Uploading results into container
2026-09-17 13:57:21,612:INFO:Uploading model into container now
2026-09-17 13:57:21,612:INFO:_master_model_container: 8
2026-09-17 13:57:21,612:INFO:_display_container: 2
2026-09-17 13:57:21,612:INFO:QuadraticDiscriminantAnalysis(priors=None, reg_param=0.0,
                              store_covariance=False, tol=0.0001)
2026-09-17 13:57:21,612:INFO:create_model() successfully completed......................................
2026-09-17 13:57:21,657:INFO:SubProcess create_model() end ==================================
2026-09-17 13:57:21,657:INFO:Creating metrics dataframe
2026-09-17 13:57:21,659:INFO:Initializing Ada Boost Classifier
2026-09-17 13:57:21,659:INFO:Total runtime is 0.11373326778411864 minutes
2026-09-17 13:57:21,659:INFO:SubProcess create_model() called ==================================
2026-09-17 13:57:21,659:INFO:Initializing create_model()
2026-09-17 13:57:21,659:INFO:create_model(self=<pycaret.classification.oop.ClassificationExperiment object at 0x000001FB642DFCD0>, estimator=ada, fold=StratifiedKFold(n_splits=10, random_state=None, shuffle=False), round=4, cross_validation=True, predict=True, fit_kwargs={}, groups=None, refit=False, probability_threshold=None, experiment_custom_tags=None, verbose=False, system=False, add_to_model_list=True, metrics=None, display=<pycaret.internal.display.display.CommonDisplay object at 0x000001FB6AD5ED10>, model_only=True, return_train_score=False, error_score=0.0, kwargs={})
2026-09-17 13:57:21,659:INFO:Checking exceptions
2026-09-17 13:57:21,659:INFO:Importing libraries
2026-09-17 13:57:21,659:INFO:Copying training dataset
2026-09-17 13:57:21,660:INFO:Defining folds
2026-09-17 13:57:21,660:INFO:Declaring metric variables
2026-09-17 13:57:21,661:INFO:Importing untrained model
2026-09-17 13:57:21,661:INFO:Ada Boost Classifier Imported successfully
2026-09-17 13:57:21,661:INFO:Starting cross validation
2026-09-17 13:57:21,661:INFO:Cross validating with StratifiedKFold(n_splits=10, random_state=None, shuffle=False), n_jobs=-1
2026-09-17 13:57:21,673:WARNING:C:\Users\Putra\AppData\Local\Programs\Python\Python311\Lib\site-packages\sklearn\ensemble\_weight_boosting.py:519: FutureWarning: The SAMME.R algorithm (the default) is deprecated and will be removed in 1.6. Use the SAMME algorithm to circumvent this warning.
  warnings.warn(

2026-09-17 13:57:21,673:WARNING:C:\Users\Putra\AppData\Local\Programs\Python\Python311\Lib\site-packages\sklearn\ensemble\_weight_boosting.py:519: FutureWarning: The SAMME.R algorithm (the default) is deprecated and will be removed in 1.6. Use the SAMME algorithm to circumvent this warning.
  warnings.warn(

2026-09-17 13:57:21,673:WARNING:C:\Users\Putra\AppData\Local\Programs\Python\Python311\Lib\site-packages\sklearn\ensemble\_weight_boosting.py:519: FutureWarning: The SAMME.R algorithm (the default) is deprecated and will be removed in 1.6. Use the SAMME algorithm to circumvent this warning.
  warnings.warn(

2026-09-17 13:57:21,673:WARNING:C:\Users\Putra\AppData\Local\Programs\Python\Python311\Lib\site-packages\sklearn\ensemble\_weight_boosting.py:519: FutureWarning: The SAMME.R algorithm (the default) is deprecated and will be removed in 1.6. Use the SAMME algorithm to circumvent this warning.
  warnings.warn(

2026-09-17 13:57:21,673:WARNING:C:\Users\Putra\AppData\Local\Programs\Python\Python311\Lib\site-packages\sklearn\ensemble\_weight_boosting.py:519: FutureWarning: The SAMME.R algorithm (the default) is deprecated and will be removed in 1.6. Use the SAMME algorithm to circumvent this warning.
  warnings.warn(

2026-09-17 13:57:21,674:WARNING:C:\Users\Putra\AppData\Local\Programs\Python\Python311\Lib\site-packages\sklearn\ensemble\_weight_boosting.py:519: FutureWarning: The SAMME.R algorithm (the default) is deprecated and will be removed in 1.6. Use the SAMME algorithm to circumvent this warning.
  warnings.warn(

2026-09-17 13:57:21,676:WARNING:C:\Users\Putra\AppData\Local\Programs\Python\Python311\Lib\site-packages\sklearn\ensemble\_weight_boosting.py:519: FutureWarning: The SAMME.R algorithm (the default) is deprecated and will be removed in 1.6. Use the SAMME algorithm to circumvent this warning.
  warnings.warn(

2026-09-17 13:57:21,678:WARNING:C:\Users\Putra\AppData\Local\Programs\Python\Python311\Lib\site-packages\sklearn\ensemble\_weight_boosting.py:519: FutureWarning: The SAMME.R algorithm (the default) is deprecated and will be removed in 1.6. Use the SAMME algorithm to circumvent this warning.
  warnings.warn(

2026-09-17 13:57:21,679:WARNING:C:\Users\Putra\AppData\Local\Programs\Python\Python311\Lib\site-packages\sklearn\ensemble\_weight_boosting.py:519: FutureWarning: The SAMME.R algorithm (the default) is deprecated and will be removed in 1.6. Use the SAMME algorithm to circumvent this warning.
  warnings.warn(

2026-09-17 13:57:21,680:WARNING:C:\Users\Putra\AppData\Local\Programs\Python\Python311\Lib\site-packages\sklearn\ensemble\_weight_boosting.py:519: FutureWarning: The SAMME.R algorithm (the default) is deprecated and will be removed in 1.6. Use the SAMME algorithm to circumvent this warning.
  warnings.warn(

2026-09-17 13:57:21,730:WARNING:C:\Users\Putra\AppData\Local\Programs\Python\Python311\Lib\site-packages\pycaret\internal\metrics.py:204: FitFailedWarning: Metric 'make_scorer(roc_auc_score, response_method=('decision_function', 'predict_proba'), average=weighted, multi_class=ovr)' failed and error score 0.0 has been returned instead. If this is a custom metric, this usually means that the error is in the metric code. Full exception below:
Traceback (most recent call last):
  File "C:\Users\Putra\AppData\Local\Programs\Python\Python311\Lib\site-packages\pycaret\internal\metrics.py", line 196, in _score
    return super()._score(
           ^^^^^^^^^^^^^^^
  File "C:\Users\Putra\AppData\Local\Programs\Python\Python311\Lib\site-packages\sklearn\metrics\_scorer.py", line 350, in _score
    return self._sign * self._score_func(y_true, y_pred, **scoring_kwargs)
                        ^^^^^^^^^^^^^^^^^^^^^^^^^^^^^^^^^^^^^^^^^^^^^^^^^^
  File "C:\Users\Putra\AppData\Local\Programs\Python\Python311\Lib\site-packages\pycaret\internal\metrics.py", line 144, in __call__
    return self.score_func(y_true, y_pred, **kwargs)
           ^^^^^^^^^^^^^^^^^^^^^^^^^^^^^^^^^^^^^^^^^
  File "C:\Users\Putra\AppData\Local\Programs\Python\Python311\Lib\site-packages\sklearn\utils\_param_validation.py", line 213, in wrapper
    return func(*args, **kwargs)
           ^^^^^^^^^^^^^^^^^^^^^
  File "C:\Users\Putra\AppData\Local\Programs\Python\Python311\Lib\site-packages\sklearn\metrics\_ranking.py", line 634, in roc_auc_score
    return _multiclass_roc_auc_score(
           ^^^^^^^^^^^^^^^^^^^^^^^^^^
  File "C:\Users\Putra\AppData\Local\Programs\Python\Python311\Lib\site-packages\sklearn\metrics\_ranking.py", line 707, in _multiclass_roc_auc_score
    raise ValueError(
ValueError: Target scores need to be probabilities for multiclass roc_auc, i.e. they should sum up to 1.0 over classes

  warnings.warn(

2026-09-17 13:57:21,730:WARNING:C:\Users\Putra\AppData\Local\Programs\Python\Python311\Lib\site-packages\pycaret\internal\metrics.py:204: FitFailedWarning: Metric 'make_scorer(roc_auc_score, response_method=('decision_function', 'predict_proba'), average=weighted, multi_class=ovr)' failed and error score 0.0 has been returned instead. If this is a custom metric, this usually means that the error is in the metric code. Full exception below:
Traceback (most recent call last):
  File "C:\Users\Putra\AppData\Local\Programs\Python\Python311\Lib\site-packages\pycaret\internal\metrics.py", line 196, in _score
    return super()._score(
           ^^^^^^^^^^^^^^^
  File "C:\Users\Putra\AppData\Local\Programs\Python\Python311\Lib\site-packages\sklearn\metrics\_scorer.py", line 350, in _score
    return self._sign * self._score_func(y_true, y_pred, **scoring_kwargs)
                        ^^^^^^^^^^^^^^^^^^^^^^^^^^^^^^^^^^^^^^^^^^^^^^^^^^
  File "C:\Users\Putra\AppData\Local\Programs\Python\Python311\Lib\site-packages\pycaret\internal\metrics.py", line 144, in __call__
    return self.score_func(y_true, y_pred, **kwargs)
           ^^^^^^^^^^^^^^^^^^^^^^^^^^^^^^^^^^^^^^^^^
  File "C:\Users\Putra\AppData\Local\Programs\Python\Python311\Lib\site-packages\sklearn\utils\_param_validation.py", line 213, in wrapper
    return func(*args, **kwargs)
           ^^^^^^^^^^^^^^^^^^^^^
  File "C:\Users\Putra\AppData\Local\Programs\Python\Python311\Lib\site-packages\sklearn\metrics\_ranking.py", line 634, in roc_auc_score
    return _multiclass_roc_auc_score(
           ^^^^^^^^^^^^^^^^^^^^^^^^^^
  File "C:\Users\Putra\AppData\Local\Programs\Python\Python311\Lib\site-packages\sklearn\metrics\_ranking.py", line 707, in _multiclass_roc_auc_score
    raise ValueError(
ValueError: Target scores need to be probabilities for multiclass roc_auc, i.e. they should sum up to 1.0 over classes

  warnings.warn(

2026-09-17 13:57:21,732:WARNING:C:\Users\Putra\AppData\Local\Programs\Python\Python311\Lib\site-packages\pycaret\internal\metrics.py:204: FitFailedWarning: Metric 'make_scorer(roc_auc_score, response_method=('decision_function', 'predict_proba'), average=weighted, multi_class=ovr)' failed and error score 0.0 has been returned instead. If this is a custom metric, this usually means that the error is in the metric code. Full exception below:
Traceback (most recent call last):
  File "C:\Users\Putra\AppData\Local\Programs\Python\Python311\Lib\site-packages\pycaret\internal\metrics.py", line 196, in _score
    return super()._score(
           ^^^^^^^^^^^^^^^
  File "C:\Users\Putra\AppData\Local\Programs\Python\Python311\Lib\site-packages\sklearn\metrics\_scorer.py", line 350, in _score
    return self._sign * self._score_func(y_true, y_pred, **scoring_kwargs)
                        ^^^^^^^^^^^^^^^^^^^^^^^^^^^^^^^^^^^^^^^^^^^^^^^^^^
  File "C:\Users\Putra\AppData\Local\Programs\Python\Python311\Lib\site-packages\pycaret\internal\metrics.py", line 144, in __call__
    return self.score_func(y_true, y_pred, **kwargs)
           ^^^^^^^^^^^^^^^^^^^^^^^^^^^^^^^^^^^^^^^^^
  File "C:\Users\Putra\AppData\Local\Programs\Python\Python311\Lib\site-packages\sklearn\utils\_param_validation.py", line 213, in wrapper
    return func(*args, **kwargs)
           ^^^^^^^^^^^^^^^^^^^^^
  File "C:\Users\Putra\AppData\Local\Programs\Python\Python311\Lib\site-packages\sklearn\metrics\_ranking.py", line 634, in roc_auc_score
    return _multiclass_roc_auc_score(
           ^^^^^^^^^^^^^^^^^^^^^^^^^^
  File "C:\Users\Putra\AppData\Local\Programs\Python\Python311\Lib\site-packages\sklearn\metrics\_ranking.py", line 707, in _multiclass_roc_auc_score
    raise ValueError(
ValueError: Target scores need to be probabilities for multiclass roc_auc, i.e. they should sum up to 1.0 over classes

  warnings.warn(

2026-09-17 13:57:21,734:WARNING:C:\Users\Putra\AppData\Local\Programs\Python\Python311\Lib\site-packages\pycaret\internal\metrics.py:204: FitFailedWarning: Metric 'make_scorer(roc_auc_score, response_method=('decision_function', 'predict_proba'), average=weighted, multi_class=ovr)' failed and error score 0.0 has been returned instead. If this is a custom metric, this usually means that the error is in the metric code. Full exception below:
Traceback (most recent call last):
  File "C:\Users\Putra\AppData\Local\Programs\Python\Python311\Lib\site-packages\pycaret\internal\metrics.py", line 196, in _score
    return super()._score(
           ^^^^^^^^^^^^^^^
  File "C:\Users\Putra\AppData\Local\Programs\Python\Python311\Lib\site-packages\sklearn\metrics\_scorer.py", line 350, in _score
    return self._sign * self._score_func(y_true, y_pred, **scoring_kwargs)
                        ^^^^^^^^^^^^^^^^^^^^^^^^^^^^^^^^^^^^^^^^^^^^^^^^^^
  File "C:\Users\Putra\AppData\Local\Programs\Python\Python311\Lib\site-packages\pycaret\internal\metrics.py", line 144, in __call__
    return self.score_func(y_true, y_pred, **kwargs)
           ^^^^^^^^^^^^^^^^^^^^^^^^^^^^^^^^^^^^^^^^^
  File "C:\Users\Putra\AppData\Local\Programs\Python\Python311\Lib\site-packages\sklearn\utils\_param_validation.py", line 213, in wrapper
    return func(*args, **kwargs)
           ^^^^^^^^^^^^^^^^^^^^^
  File "C:\Users\Putra\AppData\Local\Programs\Python\Python311\Lib\site-packages\sklearn\metrics\_ranking.py", line 634, in roc_auc_score
    return _multiclass_roc_auc_score(
           ^^^^^^^^^^^^^^^^^^^^^^^^^^
  File "C:\Users\Putra\AppData\Local\Programs\Python\Python311\Lib\site-packages\sklearn\metrics\_ranking.py", line 707, in _multiclass_roc_auc_score
    raise ValueError(
ValueError: Target scores need to be probabilities for multiclass roc_auc, i.e. they should sum up to 1.0 over classes

  warnings.warn(

2026-09-17 13:57:21,744:WARNING:C:\Users\Putra\AppData\Local\Programs\Python\Python311\Lib\site-packages\pycaret\internal\metrics.py:204: FitFailedWarning: Metric 'make_scorer(roc_auc_score, response_method=('decision_function', 'predict_proba'), average=weighted, multi_class=ovr)' failed and error score 0.0 has been returned instead. If this is a custom metric, this usually means that the error is in the metric code. Full exception below:
Traceback (most recent call last):
  File "C:\Users\Putra\AppData\Local\Programs\Python\Python311\Lib\site-packages\pycaret\internal\metrics.py", line 196, in _score
    return super()._score(
           ^^^^^^^^^^^^^^^
  File "C:\Users\Putra\AppData\Local\Programs\Python\Python311\Lib\site-packages\sklearn\metrics\_scorer.py", line 350, in _score
    return self._sign * self._score_func(y_true, y_pred, **scoring_kwargs)
                        ^^^^^^^^^^^^^^^^^^^^^^^^^^^^^^^^^^^^^^^^^^^^^^^^^^
  File "C:\Users\Putra\AppData\Local\Programs\Python\Python311\Lib\site-packages\pycaret\internal\metrics.py", line 144, in __call__
    return self.score_func(y_true, y_pred, **kwargs)
           ^^^^^^^^^^^^^^^^^^^^^^^^^^^^^^^^^^^^^^^^^
  File "C:\Users\Putra\AppData\Local\Programs\Python\Python311\Lib\site-packages\sklearn\utils\_param_validation.py", line 213, in wrapper
    return func(*args, **kwargs)
           ^^^^^^^^^^^^^^^^^^^^^
  File "C:\Users\Putra\AppData\Local\Programs\Python\Python311\Lib\site-packages\sklearn\metrics\_ranking.py", line 634, in roc_auc_score
    return _multiclass_roc_auc_score(
           ^^^^^^^^^^^^^^^^^^^^^^^^^^
  File "C:\Users\Putra\AppData\Local\Programs\Python\Python311\Lib\site-packages\sklearn\metrics\_ranking.py", line 707, in _multiclass_roc_auc_score
    raise ValueError(
ValueError: Target scores need to be probabilities for multiclass roc_auc, i.e. they should sum up to 1.0 over classes

  warnings.warn(

2026-09-17 13:57:21,745:WARNING:C:\Users\Putra\AppData\Local\Programs\Python\Python311\Lib\site-packages\pycaret\internal\metrics.py:204: FitFailedWarning: Metric 'make_scorer(roc_auc_score, response_method=('decision_function', 'predict_proba'), average=weighted, multi_class=ovr)' failed and error score 0.0 has been returned instead. If this is a custom metric, this usually means that the error is in the metric code. Full exception below:
Traceback (most recent call last):
  File "C:\Users\Putra\AppData\Local\Programs\Python\Python311\Lib\site-packages\pycaret\internal\metrics.py", line 196, in _score
    return super()._score(
           ^^^^^^^^^^^^^^^
  File "C:\Users\Putra\AppData\Local\Programs\Python\Python311\Lib\site-packages\sklearn\metrics\_scorer.py", line 350, in _score
    return self._sign * self._score_func(y_true, y_pred, **scoring_kwargs)
                        ^^^^^^^^^^^^^^^^^^^^^^^^^^^^^^^^^^^^^^^^^^^^^^^^^^
  File "C:\Users\Putra\AppData\Local\Programs\Python\Python311\Lib\site-packages\pycaret\internal\metrics.py", line 144, in __call__
    return self.score_func(y_true, y_pred, **kwargs)
           ^^^^^^^^^^^^^^^^^^^^^^^^^^^^^^^^^^^^^^^^^
  File "C:\Users\Putra\AppData\Local\Programs\Python\Python311\Lib\site-packages\sklearn\utils\_param_validation.py", line 213, in wrapper
    return func(*args, **kwargs)
           ^^^^^^^^^^^^^^^^^^^^^
  File "C:\Users\Putra\AppData\Local\Programs\Python\Python311\Lib\site-packages\sklearn\metrics\_ranking.py", line 634, in roc_auc_score
    return _multiclass_roc_auc_score(
           ^^^^^^^^^^^^^^^^^^^^^^^^^^
  File "C:\Users\Putra\AppData\Local\Programs\Python\Python311\Lib\site-packages\sklearn\metrics\_ranking.py", line 707, in _multiclass_roc_auc_score
    raise ValueError(
ValueError: Target scores need to be probabilities for multiclass roc_auc, i.e. they should sum up to 1.0 over classes

  warnings.warn(

2026-09-17 13:57:21,755:WARNING:C:\Users\Putra\AppData\Local\Programs\Python\Python311\Lib\site-packages\pycaret\internal\metrics.py:204: FitFailedWarning: Metric 'make_scorer(roc_auc_score, response_method=('decision_function', 'predict_proba'), average=weighted, multi_class=ovr)' failed and error score 0.0 has been returned instead. If this is a custom metric, this usually means that the error is in the metric code. Full exception below:
Traceback (most recent call last):
  File "C:\Users\Putra\AppData\Local\Programs\Python\Python311\Lib\site-packages\pycaret\internal\metrics.py", line 196, in _score
    return super()._score(
           ^^^^^^^^^^^^^^^
  File "C:\Users\Putra\AppData\Local\Programs\Python\Python311\Lib\site-packages\sklearn\metrics\_scorer.py", line 350, in _score
    return self._sign * self._score_func(y_true, y_pred, **scoring_kwargs)
                        ^^^^^^^^^^^^^^^^^^^^^^^^^^^^^^^^^^^^^^^^^^^^^^^^^^
  File "C:\Users\Putra\AppData\Local\Programs\Python\Python311\Lib\site-packages\pycaret\internal\metrics.py", line 144, in __call__
    return self.score_func(y_true, y_pred, **kwargs)
           ^^^^^^^^^^^^^^^^^^^^^^^^^^^^^^^^^^^^^^^^^
  File "C:\Users\Putra\AppData\Local\Programs\Python\Python311\Lib\site-packages\sklearn\utils\_param_validation.py", line 213, in wrapper
    return func(*args, **kwargs)
           ^^^^^^^^^^^^^^^^^^^^^
  File "C:\Users\Putra\AppData\Local\Programs\Python\Python311\Lib\site-packages\sklearn\metrics\_ranking.py", line 634, in roc_auc_score
    return _multiclass_roc_auc_score(
           ^^^^^^^^^^^^^^^^^^^^^^^^^^
  File "C:\Users\Putra\AppData\Local\Programs\Python\Python311\Lib\site-packages\sklearn\metrics\_ranking.py", line 707, in _multiclass_roc_auc_score
    raise ValueError(
ValueError: Target scores need to be probabilities for multiclass roc_auc, i.e. they should sum up to 1.0 over classes

  warnings.warn(

2026-09-17 13:57:21,758:WARNING:C:\Users\Putra\AppData\Local\Programs\Python\Python311\Lib\site-packages\pycaret\internal\metrics.py:204: FitFailedWarning: Metric 'make_scorer(roc_auc_score, response_method=('decision_function', 'predict_proba'), average=weighted, multi_class=ovr)' failed and error score 0.0 has been returned instead. If this is a custom metric, this usually means that the error is in the metric code. Full exception below:
Traceback (most recent call last):
  File "C:\Users\Putra\AppData\Local\Programs\Python\Python311\Lib\site-packages\pycaret\internal\metrics.py", line 196, in _score
    return super()._score(
           ^^^^^^^^^^^^^^^
  File "C:\Users\Putra\AppData\Local\Programs\Python\Python311\Lib\site-packages\sklearn\metrics\_scorer.py", line 350, in _score
    return self._sign * self._score_func(y_true, y_pred, **scoring_kwargs)
                        ^^^^^^^^^^^^^^^^^^^^^^^^^^^^^^^^^^^^^^^^^^^^^^^^^^
  File "C:\Users\Putra\AppData\Local\Programs\Python\Python311\Lib\site-packages\pycaret\internal\metrics.py", line 144, in __call__
    return self.score_func(y_true, y_pred, **kwargs)
           ^^^^^^^^^^^^^^^^^^^^^^^^^^^^^^^^^^^^^^^^^
  File "C:\Users\Putra\AppData\Local\Programs\Python\Python311\Lib\site-packages\sklearn\utils\_param_validation.py", line 213, in wrapper
    return func(*args, **kwargs)
           ^^^^^^^^^^^^^^^^^^^^^
  File "C:\Users\Putra\AppData\Local\Programs\Python\Python311\Lib\site-packages\sklearn\metrics\_ranking.py", line 634, in roc_auc_score
    return _multiclass_roc_auc_score(
           ^^^^^^^^^^^^^^^^^^^^^^^^^^
  File "C:\Users\Putra\AppData\Local\Programs\Python\Python311\Lib\site-packages\sklearn\metrics\_ranking.py", line 707, in _multiclass_roc_auc_score
    raise ValueError(
ValueError: Target scores need to be probabilities for multiclass roc_auc, i.e. they should sum up to 1.0 over classes

  warnings.warn(

2026-09-17 13:57:21,762:WARNING:C:\Users\Putra\AppData\Local\Programs\Python\Python311\Lib\site-packages\pycaret\internal\metrics.py:204: FitFailedWarning: Metric 'make_scorer(roc_auc_score, response_method=('decision_function', 'predict_proba'), average=weighted, multi_class=ovr)' failed and error score 0.0 has been returned instead. If this is a custom metric, this usually means that the error is in the metric code. Full exception below:
Traceback (most recent call last):
  File "C:\Users\Putra\AppData\Local\Programs\Python\Python311\Lib\site-packages\pycaret\internal\metrics.py", line 196, in _score
    return super()._score(
           ^^^^^^^^^^^^^^^
  File "C:\Users\Putra\AppData\Local\Programs\Python\Python311\Lib\site-packages\sklearn\metrics\_scorer.py", line 350, in _score
    return self._sign * self._score_func(y_true, y_pred, **scoring_kwargs)
                        ^^^^^^^^^^^^^^^^^^^^^^^^^^^^^^^^^^^^^^^^^^^^^^^^^^
  File "C:\Users\Putra\AppData\Local\Programs\Python\Python311\Lib\site-packages\pycaret\internal\metrics.py", line 144, in __call__
    return self.score_func(y_true, y_pred, **kwargs)
           ^^^^^^^^^^^^^^^^^^^^^^^^^^^^^^^^^^^^^^^^^
  File "C:\Users\Putra\AppData\Local\Programs\Python\Python311\Lib\site-packages\sklearn\utils\_param_validation.py", line 213, in wrapper
    return func(*args, **kwargs)
           ^^^^^^^^^^^^^^^^^^^^^
  File "C:\Users\Putra\AppData\Local\Programs\Python\Python311\Lib\site-packages\sklearn\metrics\_ranking.py", line 634, in roc_auc_score
    return _multiclass_roc_auc_score(
           ^^^^^^^^^^^^^^^^^^^^^^^^^^
  File "C:\Users\Putra\AppData\Local\Programs\Python\Python311\Lib\site-packages\sklearn\metrics\_ranking.py", line 707, in _multiclass_roc_auc_score
    raise ValueError(
ValueError: Target scores need to be probabilities for multiclass roc_auc, i.e. they should sum up to 1.0 over classes

  warnings.warn(

2026-09-17 13:57:21,762:WARNING:C:\Users\Putra\AppData\Local\Programs\Python\Python311\Lib\site-packages\pycaret\internal\metrics.py:204: FitFailedWarning: Metric 'make_scorer(roc_auc_score, response_method=('decision_function', 'predict_proba'), average=weighted, multi_class=ovr)' failed and error score 0.0 has been returned instead. If this is a custom metric, this usually means that the error is in the metric code. Full exception below:
Traceback (most recent call last):
  File "C:\Users\Putra\AppData\Local\Programs\Python\Python311\Lib\site-packages\pycaret\internal\metrics.py", line 196, in _score
    return super()._score(
           ^^^^^^^^^^^^^^^
  File "C:\Users\Putra\AppData\Local\Programs\Python\Python311\Lib\site-packages\sklearn\metrics\_scorer.py", line 350, in _score
    return self._sign * self._score_func(y_true, y_pred, **scoring_kwargs)
                        ^^^^^^^^^^^^^^^^^^^^^^^^^^^^^^^^^^^^^^^^^^^^^^^^^^
  File "C:\Users\Putra\AppData\Local\Programs\Python\Python311\Lib\site-packages\pycaret\internal\metrics.py", line 144, in __call__
    return self.score_func(y_true, y_pred, **kwargs)
           ^^^^^^^^^^^^^^^^^^^^^^^^^^^^^^^^^^^^^^^^^
  File "C:\Users\Putra\AppData\Local\Programs\Python\Python311\Lib\site-packages\sklearn\utils\_param_validation.py", line 213, in wrapper
    return func(*args, **kwargs)
           ^^^^^^^^^^^^^^^^^^^^^
  File "C:\Users\Putra\AppData\Local\Programs\Python\Python311\Lib\site-packages\sklearn\metrics\_ranking.py", line 634, in roc_auc_score
    return _multiclass_roc_auc_score(
           ^^^^^^^^^^^^^^^^^^^^^^^^^^
  File "C:\Users\Putra\AppData\Local\Programs\Python\Python311\Lib\site-packages\sklearn\metrics\_ranking.py", line 707, in _multiclass_roc_auc_score
    raise ValueError(
ValueError: Target scores need to be probabilities for multiclass roc_auc, i.e. they should sum up to 1.0 over classes

  warnings.warn(

2026-09-17 13:57:21,768:INFO:Calculating mean and std
2026-09-17 13:57:21,769:INFO:Creating metrics dataframe
2026-09-17 13:57:21,770:INFO:Uploading results into container
2026-09-17 13:57:21,770:INFO:Uploading model into container now
2026-09-17 13:57:21,771:INFO:_master_model_container: 9
2026-09-17 13:57:21,771:INFO:_display_container: 2
2026-09-17 13:57:21,771:INFO:AdaBoostClassifier(algorithm='SAMME.R', estimator=None, learning_rate=1.0,
                   n_estimators=50, random_state=5710)
2026-09-17 13:57:21,771:INFO:create_model() successfully completed......................................
2026-09-17 13:57:21,818:INFO:SubProcess create_model() end ==================================
2026-09-17 13:57:21,818:INFO:Creating metrics dataframe
2026-09-17 13:57:21,820:INFO:Initializing Gradient Boosting Classifier
2026-09-17 13:57:21,820:INFO:Total runtime is 0.11641124089558919 minutes
2026-09-17 13:57:21,820:INFO:SubProcess create_model() called ==================================
2026-09-17 13:57:21,820:INFO:Initializing create_model()
2026-09-17 13:57:21,820:INFO:create_model(self=<pycaret.classification.oop.ClassificationExperiment object at 0x000001FB642DFCD0>, estimator=gbc, fold=StratifiedKFold(n_splits=10, random_state=None, shuffle=False), round=4, cross_validation=True, predict=True, fit_kwargs={}, groups=None, refit=False, probability_threshold=None, experiment_custom_tags=None, verbose=False, system=False, add_to_model_list=True, metrics=None, display=<pycaret.internal.display.display.CommonDisplay object at 0x000001FB6AD5ED10>, model_only=True, return_train_score=False, error_score=0.0, kwargs={})
2026-09-17 13:57:21,821:INFO:Checking exceptions
2026-09-17 13:57:21,821:INFO:Importing libraries
2026-09-17 13:57:21,821:INFO:Copying training dataset
2026-09-17 13:57:21,822:INFO:Defining folds
2026-09-17 13:57:21,822:INFO:Declaring metric variables
2026-09-17 13:57:21,822:INFO:Importing untrained model
2026-09-17 13:57:21,822:INFO:Gradient Boosting Classifier Imported successfully
2026-09-17 13:57:21,823:INFO:Starting cross validation
2026-09-17 13:57:21,823:INFO:Cross validating with StratifiedKFold(n_splits=10, random_state=None, shuffle=False), n_jobs=-1
2026-09-17 13:57:22,000:WARNING:C:\Users\Putra\AppData\Local\Programs\Python\Python311\Lib\site-packages\pycaret\internal\metrics.py:204: FitFailedWarning: Metric 'make_scorer(roc_auc_score, response_method=('decision_function', 'predict_proba'), average=weighted, multi_class=ovr)' failed and error score 0.0 has been returned instead. If this is a custom metric, this usually means that the error is in the metric code. Full exception below:
Traceback (most recent call last):
  File "C:\Users\Putra\AppData\Local\Programs\Python\Python311\Lib\site-packages\pycaret\internal\metrics.py", line 196, in _score
    return super()._score(
           ^^^^^^^^^^^^^^^
  File "C:\Users\Putra\AppData\Local\Programs\Python\Python311\Lib\site-packages\sklearn\metrics\_scorer.py", line 350, in _score
    return self._sign * self._score_func(y_true, y_pred, **scoring_kwargs)
                        ^^^^^^^^^^^^^^^^^^^^^^^^^^^^^^^^^^^^^^^^^^^^^^^^^^
  File "C:\Users\Putra\AppData\Local\Programs\Python\Python311\Lib\site-packages\pycaret\internal\metrics.py", line 144, in __call__
    return self.score_func(y_true, y_pred, **kwargs)
           ^^^^^^^^^^^^^^^^^^^^^^^^^^^^^^^^^^^^^^^^^
  File "C:\Users\Putra\AppData\Local\Programs\Python\Python311\Lib\site-packages\sklearn\utils\_param_validation.py", line 213, in wrapper
    return func(*args, **kwargs)
           ^^^^^^^^^^^^^^^^^^^^^
  File "C:\Users\Putra\AppData\Local\Programs\Python\Python311\Lib\site-packages\sklearn\metrics\_ranking.py", line 634, in roc_auc_score
    return _multiclass_roc_auc_score(
           ^^^^^^^^^^^^^^^^^^^^^^^^^^
  File "C:\Users\Putra\AppData\Local\Programs\Python\Python311\Lib\site-packages\sklearn\metrics\_ranking.py", line 707, in _multiclass_roc_auc_score
    raise ValueError(
ValueError: Target scores need to be probabilities for multiclass roc_auc, i.e. they should sum up to 1.0 over classes

  warnings.warn(

2026-09-17 13:57:22,027:WARNING:C:\Users\Putra\AppData\Local\Programs\Python\Python311\Lib\site-packages\pycaret\internal\metrics.py:204: FitFailedWarning: Metric 'make_scorer(roc_auc_score, response_method=('decision_function', 'predict_proba'), average=weighted, multi_class=ovr)' failed and error score 0.0 has been returned instead. If this is a custom metric, this usually means that the error is in the metric code. Full exception below:
Traceback (most recent call last):
  File "C:\Users\Putra\AppData\Local\Programs\Python\Python311\Lib\site-packages\pycaret\internal\metrics.py", line 196, in _score
    return super()._score(
           ^^^^^^^^^^^^^^^
  File "C:\Users\Putra\AppData\Local\Programs\Python\Python311\Lib\site-packages\sklearn\metrics\_scorer.py", line 350, in _score
    return self._sign * self._score_func(y_true, y_pred, **scoring_kwargs)
                        ^^^^^^^^^^^^^^^^^^^^^^^^^^^^^^^^^^^^^^^^^^^^^^^^^^
  File "C:\Users\Putra\AppData\Local\Programs\Python\Python311\Lib\site-packages\pycaret\internal\metrics.py", line 144, in __call__
    return self.score_func(y_true, y_pred, **kwargs)
           ^^^^^^^^^^^^^^^^^^^^^^^^^^^^^^^^^^^^^^^^^
  File "C:\Users\Putra\AppData\Local\Programs\Python\Python311\Lib\site-packages\sklearn\utils\_param_validation.py", line 213, in wrapper
    return func(*args, **kwargs)
           ^^^^^^^^^^^^^^^^^^^^^
  File "C:\Users\Putra\AppData\Local\Programs\Python\Python311\Lib\site-packages\sklearn\metrics\_ranking.py", line 634, in roc_auc_score
    return _multiclass_roc_auc_score(
           ^^^^^^^^^^^^^^^^^^^^^^^^^^
  File "C:\Users\Putra\AppData\Local\Programs\Python\Python311\Lib\site-packages\sklearn\metrics\_ranking.py", line 707, in _multiclass_roc_auc_score
    raise ValueError(
ValueError: Target scores need to be probabilities for multiclass roc_auc, i.e. they should sum up to 1.0 over classes

  warnings.warn(

2026-09-17 13:57:22,030:WARNING:C:\Users\Putra\AppData\Local\Programs\Python\Python311\Lib\site-packages\pycaret\internal\metrics.py:204: FitFailedWarning: Metric 'make_scorer(roc_auc_score, response_method=('decision_function', 'predict_proba'), average=weighted, multi_class=ovr)' failed and error score 0.0 has been returned instead. If this is a custom metric, this usually means that the error is in the metric code. Full exception below:
Traceback (most recent call last):
  File "C:\Users\Putra\AppData\Local\Programs\Python\Python311\Lib\site-packages\pycaret\internal\metrics.py", line 196, in _score
    return super()._score(
           ^^^^^^^^^^^^^^^
  File "C:\Users\Putra\AppData\Local\Programs\Python\Python311\Lib\site-packages\sklearn\metrics\_scorer.py", line 350, in _score
    return self._sign * self._score_func(y_true, y_pred, **scoring_kwargs)
                        ^^^^^^^^^^^^^^^^^^^^^^^^^^^^^^^^^^^^^^^^^^^^^^^^^^
  File "C:\Users\Putra\AppData\Local\Programs\Python\Python311\Lib\site-packages\pycaret\internal\metrics.py", line 144, in __call__
    return self.score_func(y_true, y_pred, **kwargs)
           ^^^^^^^^^^^^^^^^^^^^^^^^^^^^^^^^^^^^^^^^^
  File "C:\Users\Putra\AppData\Local\Programs\Python\Python311\Lib\site-packages\sklearn\utils\_param_validation.py", line 213, in wrapper
    return func(*args, **kwargs)
           ^^^^^^^^^^^^^^^^^^^^^
  File "C:\Users\Putra\AppData\Local\Programs\Python\Python311\Lib\site-packages\sklearn\metrics\_ranking.py", line 634, in roc_auc_score
    return _multiclass_roc_auc_score(
           ^^^^^^^^^^^^^^^^^^^^^^^^^^
  File "C:\Users\Putra\AppData\Local\Programs\Python\Python311\Lib\site-packages\sklearn\metrics\_ranking.py", line 707, in _multiclass_roc_auc_score
    raise ValueError(
ValueError: Target scores need to be probabilities for multiclass roc_auc, i.e. they should sum up to 1.0 over classes

  warnings.warn(

2026-09-17 13:57:22,046:WARNING:C:\Users\Putra\AppData\Local\Programs\Python\Python311\Lib\site-packages\pycaret\internal\metrics.py:204: FitFailedWarning: Metric 'make_scorer(roc_auc_score, response_method=('decision_function', 'predict_proba'), average=weighted, multi_class=ovr)' failed and error score 0.0 has been returned instead. If this is a custom metric, this usually means that the error is in the metric code. Full exception below:
Traceback (most recent call last):
  File "C:\Users\Putra\AppData\Local\Programs\Python\Python311\Lib\site-packages\pycaret\internal\metrics.py", line 196, in _score
    return super()._score(
           ^^^^^^^^^^^^^^^
  File "C:\Users\Putra\AppData\Local\Programs\Python\Python311\Lib\site-packages\sklearn\metrics\_scorer.py", line 350, in _score
    return self._sign * self._score_func(y_true, y_pred, **scoring_kwargs)
                        ^^^^^^^^^^^^^^^^^^^^^^^^^^^^^^^^^^^^^^^^^^^^^^^^^^
  File "C:\Users\Putra\AppData\Local\Programs\Python\Python311\Lib\site-packages\pycaret\internal\metrics.py", line 144, in __call__
    return self.score_func(y_true, y_pred, **kwargs)
           ^^^^^^^^^^^^^^^^^^^^^^^^^^^^^^^^^^^^^^^^^
  File "C:\Users\Putra\AppData\Local\Programs\Python\Python311\Lib\site-packages\sklearn\utils\_param_validation.py", line 213, in wrapper
    return func(*args, **kwargs)
           ^^^^^^^^^^^^^^^^^^^^^
  File "C:\Users\Putra\AppData\Local\Programs\Python\Python311\Lib\site-packages\sklearn\metrics\_ranking.py", line 634, in roc_auc_score
    return _multiclass_roc_auc_score(
           ^^^^^^^^^^^^^^^^^^^^^^^^^^
  File "C:\Users\Putra\AppData\Local\Programs\Python\Python311\Lib\site-packages\sklearn\metrics\_ranking.py", line 707, in _multiclass_roc_auc_score
    raise ValueError(
ValueError: Target scores need to be probabilities for multiclass roc_auc, i.e. they should sum up to 1.0 over classes

  warnings.warn(

2026-09-17 13:57:22,057:WARNING:C:\Users\Putra\AppData\Local\Programs\Python\Python311\Lib\site-packages\pycaret\internal\metrics.py:204: FitFailedWarning: Metric 'make_scorer(roc_auc_score, response_method=('decision_function', 'predict_proba'), average=weighted, multi_class=ovr)' failed and error score 0.0 has been returned instead. If this is a custom metric, this usually means that the error is in the metric code. Full exception below:
Traceback (most recent call last):
  File "C:\Users\Putra\AppData\Local\Programs\Python\Python311\Lib\site-packages\pycaret\internal\metrics.py", line 196, in _score
    return super()._score(
           ^^^^^^^^^^^^^^^
  File "C:\Users\Putra\AppData\Local\Programs\Python\Python311\Lib\site-packages\sklearn\metrics\_scorer.py", line 350, in _score
    return self._sign * self._score_func(y_true, y_pred, **scoring_kwargs)
                        ^^^^^^^^^^^^^^^^^^^^^^^^^^^^^^^^^^^^^^^^^^^^^^^^^^
  File "C:\Users\Putra\AppData\Local\Programs\Python\Python311\Lib\site-packages\pycaret\internal\metrics.py", line 144, in __call__
    return self.score_func(y_true, y_pred, **kwargs)
           ^^^^^^^^^^^^^^^^^^^^^^^^^^^^^^^^^^^^^^^^^
  File "C:\Users\Putra\AppData\Local\Programs\Python\Python311\Lib\site-packages\sklearn\utils\_param_validation.py", line 213, in wrapper
    return func(*args, **kwargs)
           ^^^^^^^^^^^^^^^^^^^^^
  File "C:\Users\Putra\AppData\Local\Programs\Python\Python311\Lib\site-packages\sklearn\metrics\_ranking.py", line 634, in roc_auc_score
    return _multiclass_roc_auc_score(
           ^^^^^^^^^^^^^^^^^^^^^^^^^^
  File "C:\Users\Putra\AppData\Local\Programs\Python\Python311\Lib\site-packages\sklearn\metrics\_ranking.py", line 707, in _multiclass_roc_auc_score
    raise ValueError(
ValueError: Target scores need to be probabilities for multiclass roc_auc, i.e. they should sum up to 1.0 over classes

  warnings.warn(

2026-09-17 13:57:22,082:WARNING:C:\Users\Putra\AppData\Local\Programs\Python\Python311\Lib\site-packages\pycaret\internal\metrics.py:204: FitFailedWarning: Metric 'make_scorer(roc_auc_score, response_method=('decision_function', 'predict_proba'), average=weighted, multi_class=ovr)' failed and error score 0.0 has been returned instead. If this is a custom metric, this usually means that the error is in the metric code. Full exception below:
Traceback (most recent call last):
  File "C:\Users\Putra\AppData\Local\Programs\Python\Python311\Lib\site-packages\pycaret\internal\metrics.py", line 196, in _score
    return super()._score(
           ^^^^^^^^^^^^^^^
  File "C:\Users\Putra\AppData\Local\Programs\Python\Python311\Lib\site-packages\sklearn\metrics\_scorer.py", line 350, in _score
    return self._sign * self._score_func(y_true, y_pred, **scoring_kwargs)
                        ^^^^^^^^^^^^^^^^^^^^^^^^^^^^^^^^^^^^^^^^^^^^^^^^^^
  File "C:\Users\Putra\AppData\Local\Programs\Python\Python311\Lib\site-packages\pycaret\internal\metrics.py", line 144, in __call__
    return self.score_func(y_true, y_pred, **kwargs)
           ^^^^^^^^^^^^^^^^^^^^^^^^^^^^^^^^^^^^^^^^^
  File "C:\Users\Putra\AppData\Local\Programs\Python\Python311\Lib\site-packages\sklearn\utils\_param_validation.py", line 213, in wrapper
    return func(*args, **kwargs)
           ^^^^^^^^^^^^^^^^^^^^^
  File "C:\Users\Putra\AppData\Local\Programs\Python\Python311\Lib\site-packages\sklearn\metrics\_ranking.py", line 634, in roc_auc_score
    return _multiclass_roc_auc_score(
           ^^^^^^^^^^^^^^^^^^^^^^^^^^
  File "C:\Users\Putra\AppData\Local\Programs\Python\Python311\Lib\site-packages\sklearn\metrics\_ranking.py", line 707, in _multiclass_roc_auc_score
    raise ValueError(
ValueError: Target scores need to be probabilities for multiclass roc_auc, i.e. they should sum up to 1.0 over classes

  warnings.warn(

2026-09-17 13:57:22,085:WARNING:C:\Users\Putra\AppData\Local\Programs\Python\Python311\Lib\site-packages\pycaret\internal\metrics.py:204: FitFailedWarning: Metric 'make_scorer(roc_auc_score, response_method=('decision_function', 'predict_proba'), average=weighted, multi_class=ovr)' failed and error score 0.0 has been returned instead. If this is a custom metric, this usually means that the error is in the metric code. Full exception below:
Traceback (most recent call last):
  File "C:\Users\Putra\AppData\Local\Programs\Python\Python311\Lib\site-packages\pycaret\internal\metrics.py", line 196, in _score
    return super()._score(
           ^^^^^^^^^^^^^^^
  File "C:\Users\Putra\AppData\Local\Programs\Python\Python311\Lib\site-packages\sklearn\metrics\_scorer.py", line 350, in _score
    return self._sign * self._score_func(y_true, y_pred, **scoring_kwargs)
                        ^^^^^^^^^^^^^^^^^^^^^^^^^^^^^^^^^^^^^^^^^^^^^^^^^^
  File "C:\Users\Putra\AppData\Local\Programs\Python\Python311\Lib\site-packages\pycaret\internal\metrics.py", line 144, in __call__
    return self.score_func(y_true, y_pred, **kwargs)
           ^^^^^^^^^^^^^^^^^^^^^^^^^^^^^^^^^^^^^^^^^
  File "C:\Users\Putra\AppData\Local\Programs\Python\Python311\Lib\site-packages\sklearn\utils\_param_validation.py", line 213, in wrapper
    return func(*args, **kwargs)
           ^^^^^^^^^^^^^^^^^^^^^
  File "C:\Users\Putra\AppData\Local\Programs\Python\Python311\Lib\site-packages\sklearn\metrics\_ranking.py", line 634, in roc_auc_score
    return _multiclass_roc_auc_score(
           ^^^^^^^^^^^^^^^^^^^^^^^^^^
  File "C:\Users\Putra\AppData\Local\Programs\Python\Python311\Lib\site-packages\sklearn\metrics\_ranking.py", line 707, in _multiclass_roc_auc_score
    raise ValueError(
ValueError: Target scores need to be probabilities for multiclass roc_auc, i.e. they should sum up to 1.0 over classes

  warnings.warn(

2026-09-17 13:57:22,086:WARNING:C:\Users\Putra\AppData\Local\Programs\Python\Python311\Lib\site-packages\pycaret\internal\metrics.py:204: FitFailedWarning: Metric 'make_scorer(roc_auc_score, response_method=('decision_function', 'predict_proba'), average=weighted, multi_class=ovr)' failed and error score 0.0 has been returned instead. If this is a custom metric, this usually means that the error is in the metric code. Full exception below:
Traceback (most recent call last):
  File "C:\Users\Putra\AppData\Local\Programs\Python\Python311\Lib\site-packages\pycaret\internal\metrics.py", line 196, in _score
    return super()._score(
           ^^^^^^^^^^^^^^^
  File "C:\Users\Putra\AppData\Local\Programs\Python\Python311\Lib\site-packages\sklearn\metrics\_scorer.py", line 350, in _score
    return self._sign * self._score_func(y_true, y_pred, **scoring_kwargs)
                        ^^^^^^^^^^^^^^^^^^^^^^^^^^^^^^^^^^^^^^^^^^^^^^^^^^
  File "C:\Users\Putra\AppData\Local\Programs\Python\Python311\Lib\site-packages\pycaret\internal\metrics.py", line 144, in __call__
    return self.score_func(y_true, y_pred, **kwargs)
           ^^^^^^^^^^^^^^^^^^^^^^^^^^^^^^^^^^^^^^^^^
  File "C:\Users\Putra\AppData\Local\Programs\Python\Python311\Lib\site-packages\sklearn\utils\_param_validation.py", line 213, in wrapper
    return func(*args, **kwargs)
           ^^^^^^^^^^^^^^^^^^^^^
  File "C:\Users\Putra\AppData\Local\Programs\Python\Python311\Lib\site-packages\sklearn\metrics\_ranking.py", line 634, in roc_auc_score
    return _multiclass_roc_auc_score(
           ^^^^^^^^^^^^^^^^^^^^^^^^^^
  File "C:\Users\Putra\AppData\Local\Programs\Python\Python311\Lib\site-packages\sklearn\metrics\_ranking.py", line 707, in _multiclass_roc_auc_score
    raise ValueError(
ValueError: Target scores need to be probabilities for multiclass roc_auc, i.e. they should sum up to 1.0 over classes

  warnings.warn(

2026-09-17 13:57:22,087:WARNING:C:\Users\Putra\AppData\Local\Programs\Python\Python311\Lib\site-packages\pycaret\internal\metrics.py:204: FitFailedWarning: Metric 'make_scorer(roc_auc_score, response_method=('decision_function', 'predict_proba'), average=weighted, multi_class=ovr)' failed and error score 0.0 has been returned instead. If this is a custom metric, this usually means that the error is in the metric code. Full exception below:
Traceback (most recent call last):
  File "C:\Users\Putra\AppData\Local\Programs\Python\Python311\Lib\site-packages\pycaret\internal\metrics.py", line 196, in _score
    return super()._score(
           ^^^^^^^^^^^^^^^
  File "C:\Users\Putra\AppData\Local\Programs\Python\Python311\Lib\site-packages\sklearn\metrics\_scorer.py", line 350, in _score
    return self._sign * self._score_func(y_true, y_pred, **scoring_kwargs)
                        ^^^^^^^^^^^^^^^^^^^^^^^^^^^^^^^^^^^^^^^^^^^^^^^^^^
  File "C:\Users\Putra\AppData\Local\Programs\Python\Python311\Lib\site-packages\pycaret\internal\metrics.py", line 144, in __call__
    return self.score_func(y_true, y_pred, **kwargs)
           ^^^^^^^^^^^^^^^^^^^^^^^^^^^^^^^^^^^^^^^^^
  File "C:\Users\Putra\AppData\Local\Programs\Python\Python311\Lib\site-packages\sklearn\utils\_param_validation.py", line 213, in wrapper
    return func(*args, **kwargs)
           ^^^^^^^^^^^^^^^^^^^^^
  File "C:\Users\Putra\AppData\Local\Programs\Python\Python311\Lib\site-packages\sklearn\metrics\_ranking.py", line 634, in roc_auc_score
    return _multiclass_roc_auc_score(
           ^^^^^^^^^^^^^^^^^^^^^^^^^^
  File "C:\Users\Putra\AppData\Local\Programs\Python\Python311\Lib\site-packages\sklearn\metrics\_ranking.py", line 707, in _multiclass_roc_auc_score
    raise ValueError(
ValueError: Target scores need to be probabilities for multiclass roc_auc, i.e. they should sum up to 1.0 over classes

  warnings.warn(

2026-09-17 13:57:22,089:WARNING:C:\Users\Putra\AppData\Local\Programs\Python\Python311\Lib\site-packages\pycaret\internal\metrics.py:204: FitFailedWarning: Metric 'make_scorer(roc_auc_score, response_method=('decision_function', 'predict_proba'), average=weighted, multi_class=ovr)' failed and error score 0.0 has been returned instead. If this is a custom metric, this usually means that the error is in the metric code. Full exception below:
Traceback (most recent call last):
  File "C:\Users\Putra\AppData\Local\Programs\Python\Python311\Lib\site-packages\pycaret\internal\metrics.py", line 196, in _score
    return super()._score(
           ^^^^^^^^^^^^^^^
  File "C:\Users\Putra\AppData\Local\Programs\Python\Python311\Lib\site-packages\sklearn\metrics\_scorer.py", line 350, in _score
    return self._sign * self._score_func(y_true, y_pred, **scoring_kwargs)
                        ^^^^^^^^^^^^^^^^^^^^^^^^^^^^^^^^^^^^^^^^^^^^^^^^^^
  File "C:\Users\Putra\AppData\Local\Programs\Python\Python311\Lib\site-packages\pycaret\internal\metrics.py", line 144, in __call__
    return self.score_func(y_true, y_pred, **kwargs)
           ^^^^^^^^^^^^^^^^^^^^^^^^^^^^^^^^^^^^^^^^^
  File "C:\Users\Putra\AppData\Local\Programs\Python\Python311\Lib\site-packages\sklearn\utils\_param_validation.py", line 213, in wrapper
    return func(*args, **kwargs)
           ^^^^^^^^^^^^^^^^^^^^^
  File "C:\Users\Putra\AppData\Local\Programs\Python\Python311\Lib\site-packages\sklearn\metrics\_ranking.py", line 634, in roc_auc_score
    return _multiclass_roc_auc_score(
           ^^^^^^^^^^^^^^^^^^^^^^^^^^
  File "C:\Users\Putra\AppData\Local\Programs\Python\Python311\Lib\site-packages\sklearn\metrics\_ranking.py", line 707, in _multiclass_roc_auc_score
    raise ValueError(
ValueError: Target scores need to be probabilities for multiclass roc_auc, i.e. they should sum up to 1.0 over classes

  warnings.warn(

2026-09-17 13:57:22,096:INFO:Calculating mean and std
2026-09-17 13:57:22,096:INFO:Creating metrics dataframe
2026-09-17 13:57:22,097:INFO:Uploading results into container
2026-09-17 13:57:22,098:INFO:Uploading model into container now
2026-09-17 13:57:22,098:INFO:_master_model_container: 10
2026-09-17 13:57:22,098:INFO:_display_container: 2
2026-09-17 13:57:22,098:INFO:GradientBoostingClassifier(ccp_alpha=0.0, criterion='friedman_mse', init=None,
                           learning_rate=0.1, loss='log_loss', max_depth=3,
                           max_features=None, max_leaf_nodes=None,
                           min_impurity_decrease=0.0, min_samples_leaf=1,
                           min_samples_split=2, min_weight_fraction_leaf=0.0,
                           n_estimators=100, n_iter_no_change=None,
                           random_state=5710, subsample=1.0, tol=0.0001,
                           validation_fraction=0.1, verbose=0,
                           warm_start=False)
2026-09-17 13:57:22,098:INFO:create_model() successfully completed......................................
2026-09-17 13:57:22,151:INFO:SubProcess create_model() end ==================================
2026-09-17 13:57:22,151:INFO:Creating metrics dataframe
2026-09-17 13:57:22,152:INFO:Initializing Linear Discriminant Analysis
2026-09-17 13:57:22,152:INFO:Total runtime is 0.12194732030232747 minutes
2026-09-17 13:57:22,152:INFO:SubProcess create_model() called ==================================
2026-09-17 13:57:22,153:INFO:Initializing create_model()
2026-09-17 13:57:22,153:INFO:create_model(self=<pycaret.classification.oop.ClassificationExperiment object at 0x000001FB642DFCD0>, estimator=lda, fold=StratifiedKFold(n_splits=10, random_state=None, shuffle=False), round=4, cross_validation=True, predict=True, fit_kwargs={}, groups=None, refit=False, probability_threshold=None, experiment_custom_tags=None, verbose=False, system=False, add_to_model_list=True, metrics=None, display=<pycaret.internal.display.display.CommonDisplay object at 0x000001FB6AD5ED10>, model_only=True, return_train_score=False, error_score=0.0, kwargs={})
2026-09-17 13:57:22,153:INFO:Checking exceptions
2026-09-17 13:57:22,153:INFO:Importing libraries
2026-09-17 13:57:22,153:INFO:Copying training dataset
2026-09-17 13:57:22,154:INFO:Defining folds
2026-09-17 13:57:22,154:INFO:Declaring metric variables
2026-09-17 13:57:22,154:INFO:Importing untrained model
2026-09-17 13:57:22,154:INFO:Linear Discriminant Analysis Imported successfully
2026-09-17 13:57:22,154:INFO:Starting cross validation
2026-09-17 13:57:22,155:INFO:Cross validating with StratifiedKFold(n_splits=10, random_state=None, shuffle=False), n_jobs=-1
2026-09-17 13:57:22,179:WARNING:C:\Users\Putra\AppData\Local\Programs\Python\Python311\Lib\site-packages\pycaret\internal\metrics.py:204: FitFailedWarning: Metric 'make_scorer(roc_auc_score, response_method=('decision_function', 'predict_proba'), average=weighted, multi_class=ovr)' failed and error score 0.0 has been returned instead. If this is a custom metric, this usually means that the error is in the metric code. Full exception below:
Traceback (most recent call last):
  File "C:\Users\Putra\AppData\Local\Programs\Python\Python311\Lib\site-packages\pycaret\internal\metrics.py", line 196, in _score
    return super()._score(
           ^^^^^^^^^^^^^^^
  File "C:\Users\Putra\AppData\Local\Programs\Python\Python311\Lib\site-packages\sklearn\metrics\_scorer.py", line 350, in _score
    return self._sign * self._score_func(y_true, y_pred, **scoring_kwargs)
                        ^^^^^^^^^^^^^^^^^^^^^^^^^^^^^^^^^^^^^^^^^^^^^^^^^^
  File "C:\Users\Putra\AppData\Local\Programs\Python\Python311\Lib\site-packages\pycaret\internal\metrics.py", line 144, in __call__
    return self.score_func(y_true, y_pred, **kwargs)
           ^^^^^^^^^^^^^^^^^^^^^^^^^^^^^^^^^^^^^^^^^
  File "C:\Users\Putra\AppData\Local\Programs\Python\Python311\Lib\site-packages\sklearn\utils\_param_validation.py", line 213, in wrapper
    return func(*args, **kwargs)
           ^^^^^^^^^^^^^^^^^^^^^
  File "C:\Users\Putra\AppData\Local\Programs\Python\Python311\Lib\site-packages\sklearn\metrics\_ranking.py", line 634, in roc_auc_score
    return _multiclass_roc_auc_score(
           ^^^^^^^^^^^^^^^^^^^^^^^^^^
  File "C:\Users\Putra\AppData\Local\Programs\Python\Python311\Lib\site-packages\sklearn\metrics\_ranking.py", line 707, in _multiclass_roc_auc_score
    raise ValueError(
ValueError: Target scores need to be probabilities for multiclass roc_auc, i.e. they should sum up to 1.0 over classes

  warnings.warn(

2026-09-17 13:57:22,179:WARNING:C:\Users\Putra\AppData\Local\Programs\Python\Python311\Lib\site-packages\pycaret\internal\metrics.py:204: FitFailedWarning: Metric 'make_scorer(roc_auc_score, response_method=('decision_function', 'predict_proba'), average=weighted, multi_class=ovr)' failed and error score 0.0 has been returned instead. If this is a custom metric, this usually means that the error is in the metric code. Full exception below:
Traceback (most recent call last):
  File "C:\Users\Putra\AppData\Local\Programs\Python\Python311\Lib\site-packages\pycaret\internal\metrics.py", line 196, in _score
    return super()._score(
           ^^^^^^^^^^^^^^^
  File "C:\Users\Putra\AppData\Local\Programs\Python\Python311\Lib\site-packages\sklearn\metrics\_scorer.py", line 350, in _score
    return self._sign * self._score_func(y_true, y_pred, **scoring_kwargs)
                        ^^^^^^^^^^^^^^^^^^^^^^^^^^^^^^^^^^^^^^^^^^^^^^^^^^
  File "C:\Users\Putra\AppData\Local\Programs\Python\Python311\Lib\site-packages\pycaret\internal\metrics.py", line 144, in __call__
    return self.score_func(y_true, y_pred, **kwargs)
           ^^^^^^^^^^^^^^^^^^^^^^^^^^^^^^^^^^^^^^^^^
  File "C:\Users\Putra\AppData\Local\Programs\Python\Python311\Lib\site-packages\sklearn\utils\_param_validation.py", line 213, in wrapper
    return func(*args, **kwargs)
           ^^^^^^^^^^^^^^^^^^^^^
  File "C:\Users\Putra\AppData\Local\Programs\Python\Python311\Lib\site-packages\sklearn\metrics\_ranking.py", line 634, in roc_auc_score
    return _multiclass_roc_auc_score(
           ^^^^^^^^^^^^^^^^^^^^^^^^^^
  File "C:\Users\Putra\AppData\Local\Programs\Python\Python311\Lib\site-packages\sklearn\metrics\_ranking.py", line 707, in _multiclass_roc_auc_score
    raise ValueError(
ValueError: Target scores need to be probabilities for multiclass roc_auc, i.e. they should sum up to 1.0 over classes

  warnings.warn(

2026-09-17 13:57:22,179:WARNING:C:\Users\Putra\AppData\Local\Programs\Python\Python311\Lib\site-packages\pycaret\internal\metrics.py:204: FitFailedWarning: Metric 'make_scorer(roc_auc_score, response_method=('decision_function', 'predict_proba'), average=weighted, multi_class=ovr)' failed and error score 0.0 has been returned instead. If this is a custom metric, this usually means that the error is in the metric code. Full exception below:
Traceback (most recent call last):
  File "C:\Users\Putra\AppData\Local\Programs\Python\Python311\Lib\site-packages\pycaret\internal\metrics.py", line 196, in _score
    return super()._score(
           ^^^^^^^^^^^^^^^
  File "C:\Users\Putra\AppData\Local\Programs\Python\Python311\Lib\site-packages\sklearn\metrics\_scorer.py", line 350, in _score
    return self._sign * self._score_func(y_true, y_pred, **scoring_kwargs)
                        ^^^^^^^^^^^^^^^^^^^^^^^^^^^^^^^^^^^^^^^^^^^^^^^^^^
  File "C:\Users\Putra\AppData\Local\Programs\Python\Python311\Lib\site-packages\pycaret\internal\metrics.py", line 144, in __call__
    return self.score_func(y_true, y_pred, **kwargs)
           ^^^^^^^^^^^^^^^^^^^^^^^^^^^^^^^^^^^^^^^^^
  File "C:\Users\Putra\AppData\Local\Programs\Python\Python311\Lib\site-packages\sklearn\utils\_param_validation.py", line 213, in wrapper
    return func(*args, **kwargs)
           ^^^^^^^^^^^^^^^^^^^^^
  File "C:\Users\Putra\AppData\Local\Programs\Python\Python311\Lib\site-packages\sklearn\metrics\_ranking.py", line 634, in roc_auc_score
    return _multiclass_roc_auc_score(
           ^^^^^^^^^^^^^^^^^^^^^^^^^^
  File "C:\Users\Putra\AppData\Local\Programs\Python\Python311\Lib\site-packages\sklearn\metrics\_ranking.py", line 707, in _multiclass_roc_auc_score
    raise ValueError(
ValueError: Target scores need to be probabilities for multiclass roc_auc, i.e. they should sum up to 1.0 over classes

  warnings.warn(

2026-09-17 13:57:22,181:WARNING:C:\Users\Putra\AppData\Local\Programs\Python\Python311\Lib\site-packages\pycaret\internal\metrics.py:204: FitFailedWarning: Metric 'make_scorer(roc_auc_score, response_method=('decision_function', 'predict_proba'), average=weighted, multi_class=ovr)' failed and error score 0.0 has been returned instead. If this is a custom metric, this usually means that the error is in the metric code. Full exception below:
Traceback (most recent call last):
  File "C:\Users\Putra\AppData\Local\Programs\Python\Python311\Lib\site-packages\pycaret\internal\metrics.py", line 196, in _score
    return super()._score(
           ^^^^^^^^^^^^^^^
  File "C:\Users\Putra\AppData\Local\Programs\Python\Python311\Lib\site-packages\sklearn\metrics\_scorer.py", line 350, in _score
    return self._sign * self._score_func(y_true, y_pred, **scoring_kwargs)
                        ^^^^^^^^^^^^^^^^^^^^^^^^^^^^^^^^^^^^^^^^^^^^^^^^^^
  File "C:\Users\Putra\AppData\Local\Programs\Python\Python311\Lib\site-packages\pycaret\internal\metrics.py", line 144, in __call__
    return self.score_func(y_true, y_pred, **kwargs)
           ^^^^^^^^^^^^^^^^^^^^^^^^^^^^^^^^^^^^^^^^^
  File "C:\Users\Putra\AppData\Local\Programs\Python\Python311\Lib\site-packages\sklearn\utils\_param_validation.py", line 213, in wrapper
    return func(*args, **kwargs)
           ^^^^^^^^^^^^^^^^^^^^^
  File "C:\Users\Putra\AppData\Local\Programs\Python\Python311\Lib\site-packages\sklearn\metrics\_ranking.py", line 634, in roc_auc_score
    return _multiclass_roc_auc_score(
           ^^^^^^^^^^^^^^^^^^^^^^^^^^
  File "C:\Users\Putra\AppData\Local\Programs\Python\Python311\Lib\site-packages\sklearn\metrics\_ranking.py", line 707, in _multiclass_roc_auc_score
    raise ValueError(
ValueError: Target scores need to be probabilities for multiclass roc_auc, i.e. they should sum up to 1.0 over classes

  warnings.warn(

2026-09-17 13:57:22,181:WARNING:C:\Users\Putra\AppData\Local\Programs\Python\Python311\Lib\site-packages\pycaret\internal\metrics.py:204: FitFailedWarning: Metric 'make_scorer(roc_auc_score, response_method=('decision_function', 'predict_proba'), average=weighted, multi_class=ovr)' failed and error score 0.0 has been returned instead. If this is a custom metric, this usually means that the error is in the metric code. Full exception below:
Traceback (most recent call last):
  File "C:\Users\Putra\AppData\Local\Programs\Python\Python311\Lib\site-packages\pycaret\internal\metrics.py", line 196, in _score
    return super()._score(
           ^^^^^^^^^^^^^^^
  File "C:\Users\Putra\AppData\Local\Programs\Python\Python311\Lib\site-packages\sklearn\metrics\_scorer.py", line 350, in _score
    return self._sign * self._score_func(y_true, y_pred, **scoring_kwargs)
                        ^^^^^^^^^^^^^^^^^^^^^^^^^^^^^^^^^^^^^^^^^^^^^^^^^^
  File "C:\Users\Putra\AppData\Local\Programs\Python\Python311\Lib\site-packages\pycaret\internal\metrics.py", line 144, in __call__
    return self.score_func(y_true, y_pred, **kwargs)
           ^^^^^^^^^^^^^^^^^^^^^^^^^^^^^^^^^^^^^^^^^
  File "C:\Users\Putra\AppData\Local\Programs\Python\Python311\Lib\site-packages\sklearn\utils\_param_validation.py", line 213, in wrapper
    return func(*args, **kwargs)
           ^^^^^^^^^^^^^^^^^^^^^
  File "C:\Users\Putra\AppData\Local\Programs\Python\Python311\Lib\site-packages\sklearn\metrics\_ranking.py", line 634, in roc_auc_score
    return _multiclass_roc_auc_score(
           ^^^^^^^^^^^^^^^^^^^^^^^^^^
  File "C:\Users\Putra\AppData\Local\Programs\Python\Python311\Lib\site-packages\sklearn\metrics\_ranking.py", line 707, in _multiclass_roc_auc_score
    raise ValueError(
ValueError: Target scores need to be probabilities for multiclass roc_auc, i.e. they should sum up to 1.0 over classes

  warnings.warn(

2026-09-17 13:57:22,181:WARNING:C:\Users\Putra\AppData\Local\Programs\Python\Python311\Lib\site-packages\pycaret\internal\metrics.py:204: FitFailedWarning: Metric 'make_scorer(roc_auc_score, response_method=('decision_function', 'predict_proba'), average=weighted, multi_class=ovr)' failed and error score 0.0 has been returned instead. If this is a custom metric, this usually means that the error is in the metric code. Full exception below:
Traceback (most recent call last):
  File "C:\Users\Putra\AppData\Local\Programs\Python\Python311\Lib\site-packages\pycaret\internal\metrics.py", line 196, in _score
    return super()._score(
           ^^^^^^^^^^^^^^^
  File "C:\Users\Putra\AppData\Local\Programs\Python\Python311\Lib\site-packages\sklearn\metrics\_scorer.py", line 350, in _score
    return self._sign * self._score_func(y_true, y_pred, **scoring_kwargs)
                        ^^^^^^^^^^^^^^^^^^^^^^^^^^^^^^^^^^^^^^^^^^^^^^^^^^
  File "C:\Users\Putra\AppData\Local\Programs\Python\Python311\Lib\site-packages\pycaret\internal\metrics.py", line 144, in __call__
    return self.score_func(y_true, y_pred, **kwargs)
           ^^^^^^^^^^^^^^^^^^^^^^^^^^^^^^^^^^^^^^^^^
  File "C:\Users\Putra\AppData\Local\Programs\Python\Python311\Lib\site-packages\sklearn\utils\_param_validation.py", line 213, in wrapper
    return func(*args, **kwargs)
           ^^^^^^^^^^^^^^^^^^^^^
  File "C:\Users\Putra\AppData\Local\Programs\Python\Python311\Lib\site-packages\sklearn\metrics\_ranking.py", line 634, in roc_auc_score
    return _multiclass_roc_auc_score(
           ^^^^^^^^^^^^^^^^^^^^^^^^^^
  File "C:\Users\Putra\AppData\Local\Programs\Python\Python311\Lib\site-packages\sklearn\metrics\_ranking.py", line 707, in _multiclass_roc_auc_score
    raise ValueError(
ValueError: Target scores need to be probabilities for multiclass roc_auc, i.e. they should sum up to 1.0 over classes

  warnings.warn(

2026-09-17 13:57:22,181:WARNING:C:\Users\Putra\AppData\Local\Programs\Python\Python311\Lib\site-packages\pycaret\internal\metrics.py:204: FitFailedWarning: Metric 'make_scorer(roc_auc_score, response_method=('decision_function', 'predict_proba'), average=weighted, multi_class=ovr)' failed and error score 0.0 has been returned instead. If this is a custom metric, this usually means that the error is in the metric code. Full exception below:
Traceback (most recent call last):
  File "C:\Users\Putra\AppData\Local\Programs\Python\Python311\Lib\site-packages\pycaret\internal\metrics.py", line 196, in _score
    return super()._score(
           ^^^^^^^^^^^^^^^
  File "C:\Users\Putra\AppData\Local\Programs\Python\Python311\Lib\site-packages\sklearn\metrics\_scorer.py", line 350, in _score
    return self._sign * self._score_func(y_true, y_pred, **scoring_kwargs)
                        ^^^^^^^^^^^^^^^^^^^^^^^^^^^^^^^^^^^^^^^^^^^^^^^^^^
  File "C:\Users\Putra\AppData\Local\Programs\Python\Python311\Lib\site-packages\pycaret\internal\metrics.py", line 144, in __call__
    return self.score_func(y_true, y_pred, **kwargs)
           ^^^^^^^^^^^^^^^^^^^^^^^^^^^^^^^^^^^^^^^^^
  File "C:\Users\Putra\AppData\Local\Programs\Python\Python311\Lib\site-packages\sklearn\utils\_param_validation.py", line 213, in wrapper
    return func(*args, **kwargs)
           ^^^^^^^^^^^^^^^^^^^^^
  File "C:\Users\Putra\AppData\Local\Programs\Python\Python311\Lib\site-packages\sklearn\metrics\_ranking.py", line 634, in roc_auc_score
    return _multiclass_roc_auc_score(
           ^^^^^^^^^^^^^^^^^^^^^^^^^^
  File "C:\Users\Putra\AppData\Local\Programs\Python\Python311\Lib\site-packages\sklearn\metrics\_ranking.py", line 707, in _multiclass_roc_auc_score
    raise ValueError(
ValueError: Target scores need to be probabilities for multiclass roc_auc, i.e. they should sum up to 1.0 over classes

  warnings.warn(

2026-09-17 13:57:22,181:WARNING:C:\Users\Putra\AppData\Local\Programs\Python\Python311\Lib\site-packages\pycaret\internal\metrics.py:204: FitFailedWarning: Metric 'make_scorer(roc_auc_score, response_method=('decision_function', 'predict_proba'), average=weighted, multi_class=ovr)' failed and error score 0.0 has been returned instead. If this is a custom metric, this usually means that the error is in the metric code. Full exception below:
Traceback (most recent call last):
  File "C:\Users\Putra\AppData\Local\Programs\Python\Python311\Lib\site-packages\pycaret\internal\metrics.py", line 196, in _score
    return super()._score(
           ^^^^^^^^^^^^^^^
  File "C:\Users\Putra\AppData\Local\Programs\Python\Python311\Lib\site-packages\sklearn\metrics\_scorer.py", line 350, in _score
    return self._sign * self._score_func(y_true, y_pred, **scoring_kwargs)
                        ^^^^^^^^^^^^^^^^^^^^^^^^^^^^^^^^^^^^^^^^^^^^^^^^^^
  File "C:\Users\Putra\AppData\Local\Programs\Python\Python311\Lib\site-packages\pycaret\internal\metrics.py", line 144, in __call__
    return self.score_func(y_true, y_pred, **kwargs)
           ^^^^^^^^^^^^^^^^^^^^^^^^^^^^^^^^^^^^^^^^^
  File "C:\Users\Putra\AppData\Local\Programs\Python\Python311\Lib\site-packages\sklearn\utils\_param_validation.py", line 213, in wrapper
    return func(*args, **kwargs)
           ^^^^^^^^^^^^^^^^^^^^^
  File "C:\Users\Putra\AppData\Local\Programs\Python\Python311\Lib\site-packages\sklearn\metrics\_ranking.py", line 634, in roc_auc_score
    return _multiclass_roc_auc_score(
           ^^^^^^^^^^^^^^^^^^^^^^^^^^
  File "C:\Users\Putra\AppData\Local\Programs\Python\Python311\Lib\site-packages\sklearn\metrics\_ranking.py", line 707, in _multiclass_roc_auc_score
    raise ValueError(
ValueError: Target scores need to be probabilities for multiclass roc_auc, i.e. they should sum up to 1.0 over classes

  warnings.warn(

2026-09-17 13:57:22,200:INFO:Calculating mean and std
2026-09-17 13:57:22,200:INFO:Creating metrics dataframe
2026-09-17 13:57:22,201:INFO:Uploading results into container
2026-09-17 13:57:22,202:INFO:Uploading model into container now
2026-09-17 13:57:22,202:INFO:_master_model_container: 11
2026-09-17 13:57:22,202:INFO:_display_container: 2
2026-09-17 13:57:22,202:INFO:LinearDiscriminantAnalysis(covariance_estimator=None, n_components=None,
                           priors=None, shrinkage=None, solver='svd',
                           store_covariance=False, tol=0.0001)
2026-09-17 13:57:22,202:INFO:create_model() successfully completed......................................
2026-09-17 13:57:22,251:INFO:SubProcess create_model() end ==================================
2026-09-17 13:57:22,251:INFO:Creating metrics dataframe
2026-09-17 13:57:22,252:INFO:Initializing Extra Trees Classifier
2026-09-17 13:57:22,252:INFO:Total runtime is 0.12362599770228068 minutes
2026-09-17 13:57:22,252:INFO:SubProcess create_model() called ==================================
2026-09-17 13:57:22,253:INFO:Initializing create_model()
2026-09-17 13:57:22,253:INFO:create_model(self=<pycaret.classification.oop.ClassificationExperiment object at 0x000001FB642DFCD0>, estimator=et, fold=StratifiedKFold(n_splits=10, random_state=None, shuffle=False), round=4, cross_validation=True, predict=True, fit_kwargs={}, groups=None, refit=False, probability_threshold=None, experiment_custom_tags=None, verbose=False, system=False, add_to_model_list=True, metrics=None, display=<pycaret.internal.display.display.CommonDisplay object at 0x000001FB6AD5ED10>, model_only=True, return_train_score=False, error_score=0.0, kwargs={})
2026-09-17 13:57:22,253:INFO:Checking exceptions
2026-09-17 13:57:22,253:INFO:Importing libraries
2026-09-17 13:57:22,253:INFO:Copying training dataset
2026-09-17 13:57:22,254:INFO:Defining folds
2026-09-17 13:57:22,254:INFO:Declaring metric variables
2026-09-17 13:57:22,254:INFO:Importing untrained model
2026-09-17 13:57:22,254:INFO:Extra Trees Classifier Imported successfully
2026-09-17 13:57:22,254:INFO:Starting cross validation
2026-09-17 13:57:22,255:INFO:Cross validating with StratifiedKFold(n_splits=10, random_state=None, shuffle=False), n_jobs=-1
2026-09-17 13:57:22,445:INFO:Calculating mean and std
2026-09-17 13:57:22,445:INFO:Creating metrics dataframe
2026-09-17 13:57:22,446:INFO:Uploading results into container
2026-09-17 13:57:22,446:INFO:Uploading model into container now
2026-09-17 13:57:22,447:INFO:_master_model_container: 12
2026-09-17 13:57:22,447:INFO:_display_container: 2
2026-09-17 13:57:22,447:INFO:ExtraTreesClassifier(bootstrap=False, ccp_alpha=0.0, class_weight=None,
                     criterion='gini', max_depth=None, max_features='sqrt',
                     max_leaf_nodes=None, max_samples=None,
                     min_impurity_decrease=0.0, min_samples_leaf=1,
                     min_samples_split=2, min_weight_fraction_leaf=0.0,
                     monotonic_cst=None, n_estimators=100, n_jobs=-1,
                     oob_score=False, random_state=5710, verbose=0,
                     warm_start=False)
2026-09-17 13:57:22,447:INFO:create_model() successfully completed......................................
2026-09-17 13:57:22,496:INFO:SubProcess create_model() end ==================================
2026-09-17 13:57:22,496:INFO:Creating metrics dataframe
2026-09-17 13:57:22,497:INFO:Initializing Extreme Gradient Boosting
2026-09-17 13:57:22,497:INFO:Total runtime is 0.12770758469899496 minutes
2026-09-17 13:57:22,497:INFO:SubProcess create_model() called ==================================
2026-09-17 13:57:22,497:INFO:Initializing create_model()
2026-09-17 13:57:22,497:INFO:create_model(self=<pycaret.classification.oop.ClassificationExperiment object at 0x000001FB642DFCD0>, estimator=xgboost, fold=StratifiedKFold(n_splits=10, random_state=None, shuffle=False), round=4, cross_validation=True, predict=True, fit_kwargs={}, groups=None, refit=False, probability_threshold=None, experiment_custom_tags=None, verbose=False, system=False, add_to_model_list=True, metrics=None, display=<pycaret.internal.display.display.CommonDisplay object at 0x000001FB6AD5ED10>, model_only=True, return_train_score=False, error_score=0.0, kwargs={})
2026-09-17 13:57:22,497:INFO:Checking exceptions
2026-09-17 13:57:22,497:INFO:Importing libraries
2026-09-17 13:57:22,497:INFO:Copying training dataset
2026-09-17 13:57:22,499:INFO:Defining folds
2026-09-17 13:57:22,499:INFO:Declaring metric variables
2026-09-17 13:57:22,499:INFO:Importing untrained model
2026-09-17 13:57:22,500:INFO:Extreme Gradient Boosting Imported successfully
2026-09-17 13:57:22,500:INFO:Starting cross validation
2026-09-17 13:57:22,500:INFO:Cross validating with StratifiedKFold(n_splits=10, random_state=None, shuffle=False), n_jobs=-1
2026-09-17 13:57:24,561:INFO:Calculating mean and std
2026-09-17 13:57:24,562:INFO:Creating metrics dataframe
2026-09-17 13:57:24,564:INFO:Uploading results into container
2026-09-17 13:57:24,566:INFO:Uploading model into container now
2026-09-17 13:57:24,566:INFO:_master_model_container: 13
2026-09-17 13:57:24,566:INFO:_display_container: 2
2026-09-17 13:57:24,567:INFO:XGBClassifier(base_score=None, booster='gbtree', callbacks=None,
              colsample_bylevel=None, colsample_bynode=None,
              colsample_bytree=None, device='cpu', early_stopping_rounds=None,
              enable_categorical=False, eval_metric=None, feature_types=None,
              gamma=None, grow_policy=None, importance_type=None,
              interaction_constraints=None, learning_rate=None, max_bin=None,
              max_cat_threshold=None, max_cat_to_onehot=None,
              max_delta_step=None, max_depth=None, max_leaves=None,
              min_child_weight=None, missing=nan, monotone_constraints=None,
              multi_strategy=None, n_estimators=None, n_jobs=-1,
              num_parallel_tree=None, objective='binary:logistic', ...)
2026-09-17 13:57:24,567:INFO:create_model() successfully completed......................................
2026-09-17 13:57:24,649:INFO:SubProcess create_model() end ==================================
2026-09-17 13:57:24,649:INFO:Creating metrics dataframe
2026-09-17 13:57:24,651:INFO:Initializing Light Gradient Boosting Machine
2026-09-17 13:57:24,651:INFO:Total runtime is 0.1636059323946635 minutes
2026-09-17 13:57:24,651:INFO:SubProcess create_model() called ==================================
2026-09-17 13:57:24,652:INFO:Initializing create_model()
2026-09-17 13:57:24,652:INFO:create_model(self=<pycaret.classification.oop.ClassificationExperiment object at 0x000001FB642DFCD0>, estimator=lightgbm, fold=StratifiedKFold(n_splits=10, random_state=None, shuffle=False), round=4, cross_validation=True, predict=True, fit_kwargs={}, groups=None, refit=False, probability_threshold=None, experiment_custom_tags=None, verbose=False, system=False, add_to_model_list=True, metrics=None, display=<pycaret.internal.display.display.CommonDisplay object at 0x000001FB6AD5ED10>, model_only=True, return_train_score=False, error_score=0.0, kwargs={})
2026-09-17 13:57:24,652:INFO:Checking exceptions
2026-09-17 13:57:24,652:INFO:Importing libraries
2026-09-17 13:57:24,652:INFO:Copying training dataset
2026-09-17 13:57:24,653:INFO:Defining folds
2026-09-17 13:57:24,653:INFO:Declaring metric variables
2026-09-17 13:57:24,654:INFO:Importing untrained model
2026-09-17 13:57:24,654:INFO:Light Gradient Boosting Machine Imported successfully
2026-09-17 13:57:24,654:INFO:Starting cross validation
2026-09-17 13:57:24,655:INFO:Cross validating with StratifiedKFold(n_splits=10, random_state=None, shuffle=False), n_jobs=-1
2026-09-17 13:57:24,749:WARNING:create_model() for lightgbm raised an exception or returned all 0.0, trying without fit_kwargs:
2026-09-17 13:57:24,753:WARNING:Traceback (most recent call last):
  File "C:\Users\Putra\AppData\Local\Programs\Python\Python311\Lib\site-packages\pycaret\internal\pycaret_experiment\supervised_experiment.py", line 794, in compare_models
    model, model_fit_time = self._create_model(**create_model_args)
                            ^^^^^^^^^^^^^^^^^^^^^^^^^^^^^^^^^^^^^^^
  File "C:\Users\Putra\AppData\Local\Programs\Python\Python311\Lib\site-packages\pycaret\internal\pycaret_experiment\supervised_experiment.py", line 1533, in _create_model
    model, model_fit_time, model_results, _ = self._create_model_with_cv(
                                              ^^^^^^^^^^^^^^^^^^^^^^^^^^^
  File "C:\Users\Putra\AppData\Local\Programs\Python\Python311\Lib\site-packages\pycaret\internal\pycaret_experiment\supervised_experiment.py", line 1126, in _create_model_with_cv
    scores = cross_validate(
             ^^^^^^^^^^^^^^^
  File "C:\Users\Putra\AppData\Local\Programs\Python\Python311\Lib\site-packages\sklearn\utils\_param_validation.py", line 213, in wrapper
    return func(*args, **kwargs)
           ^^^^^^^^^^^^^^^^^^^^^
  File "C:\Users\Putra\AppData\Local\Programs\Python\Python311\Lib\site-packages\sklearn\model_selection\_validation.py", line 450, in cross_validate
    _warn_or_raise_about_fit_failures(results, error_score)
  File "C:\Users\Putra\AppData\Local\Programs\Python\Python311\Lib\site-packages\sklearn\model_selection\_validation.py", line 536, in _warn_or_raise_about_fit_failures
    raise ValueError(all_fits_failed_message)
ValueError: 
All the 10 fits failed.
It is very likely that your model is misconfigured.
You can try to debug the error by setting error_score='raise'.

Below are more details about the failures:
--------------------------------------------------------------------------------
10 fits failed with the following error:
Traceback (most recent call last):
  File "C:\Users\Putra\AppData\Local\Programs\Python\Python311\Lib\site-packages\sklearn\model_selection\_validation.py", line 895, in _fit_and_score
    estimator.fit(X_train, y_train, **fit_params)
  File "C:\Users\Putra\AppData\Local\Programs\Python\Python311\Lib\site-packages\pycaret\internal\pipeline.py", line 278, in fit
    fitted_estimator = self._memory_fit(
                       ^^^^^^^^^^^^^^^^^
  File "C:\Users\Putra\AppData\Local\Programs\Python\Python311\Lib\site-packages\joblib\memory.py", line 353, in __call__
    return self.func(*args, **kwargs)
           ^^^^^^^^^^^^^^^^^^^^^^^^^^
  File "C:\Users\Putra\AppData\Local\Programs\Python\Python311\Lib\site-packages\pycaret\internal\pipeline.py", line 69, in _fit_one
    transformer.fit(*args)
  File "C:\Users\Putra\AppData\Local\Programs\Python\Python311\Lib\site-packages\lightgbm\sklearn.py", line 1704, in fit
    super().fit(
  File "C:\Users\Putra\AppData\Local\Programs\Python\Python311\Lib\site-packages\lightgbm\sklearn.py", line 1171, in fit
    self._Booster = train(
                    ^^^^^^
  File "C:\Users\Putra\AppData\Local\Programs\Python\Python311\Lib\site-packages\lightgbm\engine.py", line 296, in train
    booster = Booster(params=params, train_set=train_set)
              ^^^^^^^^^^^^^^^^^^^^^^^^^^^^^^^^^^^^^^^^^^^
  File "C:\Users\Putra\AppData\Local\Programs\Python\Python311\Lib\site-packages\lightgbm\basic.py", line 3758, in __init__
    train_set.construct()
  File "C:\Users\Putra\AppData\Local\Programs\Python\Python311\Lib\site-packages\lightgbm\basic.py", line 2574, in construct
    self._lazy_init(
  File "C:\Users\Putra\AppData\Local\Programs\Python\Python311\Lib\site-packages\lightgbm\basic.py", line 2189, in _lazy_init
    self.set_label(label)
  File "C:\Users\Putra\AppData\Local\Programs\Python\Python311\Lib\site-packages\lightgbm\basic.py", line 3097, in set_label
    self.set_field("label", label_array)
  File "C:\Users\Putra\AppData\Local\Programs\Python\Python311\Lib\site-packages\lightgbm\basic.py", line 2860, in set_field
    _LIB.LGBM_DatasetSetField(
OSError: exception: access violation reading 0x0000000000000000


2026-09-17 13:57:24,754:INFO:Initializing create_model()
2026-09-17 13:57:24,754:INFO:create_model(self=<pycaret.classification.oop.ClassificationExperiment object at 0x000001FB642DFCD0>, estimator=lightgbm, fold=StratifiedKFold(n_splits=10, random_state=None, shuffle=False), round=4, cross_validation=True, predict=True, fit_kwargs={}, groups=None, refit=False, probability_threshold=None, experiment_custom_tags=None, verbose=False, system=False, add_to_model_list=True, metrics=None, display=<pycaret.internal.display.display.CommonDisplay object at 0x000001FB6AD5ED10>, model_only=True, return_train_score=False, error_score=0.0, kwargs={})
2026-09-17 13:57:24,754:INFO:Checking exceptions
2026-09-17 13:57:24,754:INFO:Importing libraries
2026-09-17 13:57:24,754:INFO:Copying training dataset
2026-09-17 13:57:24,757:INFO:Defining folds
2026-09-17 13:57:24,757:INFO:Declaring metric variables
2026-09-17 13:57:24,758:INFO:Importing untrained model
2026-09-17 13:57:24,759:INFO:Light Gradient Boosting Machine Imported successfully
2026-09-17 13:57:24,759:INFO:Starting cross validation
2026-09-17 13:57:24,760:INFO:Cross validating with StratifiedKFold(n_splits=10, random_state=None, shuffle=False), n_jobs=-1
2026-09-17 13:57:24,884:ERROR:create_model() for lightgbm raised an exception or returned all 0.0:
2026-09-17 13:57:24,886:ERROR:Traceback (most recent call last):
  File "C:\Users\Putra\AppData\Local\Programs\Python\Python311\Lib\site-packages\pycaret\internal\pycaret_experiment\supervised_experiment.py", line 794, in compare_models
    model, model_fit_time = self._create_model(**create_model_args)
                            ^^^^^^^^^^^^^^^^^^^^^^^^^^^^^^^^^^^^^^^
  File "C:\Users\Putra\AppData\Local\Programs\Python\Python311\Lib\site-packages\pycaret\internal\pycaret_experiment\supervised_experiment.py", line 1533, in _create_model
    model, model_fit_time, model_results, _ = self._create_model_with_cv(
                                              ^^^^^^^^^^^^^^^^^^^^^^^^^^^
  File "C:\Users\Putra\AppData\Local\Programs\Python\Python311\Lib\site-packages\pycaret\internal\pycaret_experiment\supervised_experiment.py", line 1126, in _create_model_with_cv
    scores = cross_validate(
             ^^^^^^^^^^^^^^^
  File "C:\Users\Putra\AppData\Local\Programs\Python\Python311\Lib\site-packages\sklearn\utils\_param_validation.py", line 213, in wrapper
    return func(*args, **kwargs)
           ^^^^^^^^^^^^^^^^^^^^^
  File "C:\Users\Putra\AppData\Local\Programs\Python\Python311\Lib\site-packages\sklearn\model_selection\_validation.py", line 450, in cross_validate
    _warn_or_raise_about_fit_failures(results, error_score)
  File "C:\Users\Putra\AppData\Local\Programs\Python\Python311\Lib\site-packages\sklearn\model_selection\_validation.py", line 536, in _warn_or_raise_about_fit_failures
    raise ValueError(all_fits_failed_message)
ValueError: 
All the 10 fits failed.
It is very likely that your model is misconfigured.
You can try to debug the error by setting error_score='raise'.

Below are more details about the failures:
--------------------------------------------------------------------------------
10 fits failed with the following error:
Traceback (most recent call last):
  File "C:\Users\Putra\AppData\Local\Programs\Python\Python311\Lib\site-packages\sklearn\model_selection\_validation.py", line 895, in _fit_and_score
    estimator.fit(X_train, y_train, **fit_params)
  File "C:\Users\Putra\AppData\Local\Programs\Python\Python311\Lib\site-packages\pycaret\internal\pipeline.py", line 278, in fit
    fitted_estimator = self._memory_fit(
                       ^^^^^^^^^^^^^^^^^
  File "C:\Users\Putra\AppData\Local\Programs\Python\Python311\Lib\site-packages\joblib\memory.py", line 353, in __call__
    return self.func(*args, **kwargs)
           ^^^^^^^^^^^^^^^^^^^^^^^^^^
  File "C:\Users\Putra\AppData\Local\Programs\Python\Python311\Lib\site-packages\pycaret\internal\pipeline.py", line 69, in _fit_one
    transformer.fit(*args)
  File "C:\Users\Putra\AppData\Local\Programs\Python\Python311\Lib\site-packages\lightgbm\sklearn.py", line 1704, in fit
    super().fit(
  File "C:\Users\Putra\AppData\Local\Programs\Python\Python311\Lib\site-packages\lightgbm\sklearn.py", line 1171, in fit
    self._Booster = train(
                    ^^^^^^
  File "C:\Users\Putra\AppData\Local\Programs\Python\Python311\Lib\site-packages\lightgbm\engine.py", line 296, in train
    booster = Booster(params=params, train_set=train_set)
              ^^^^^^^^^^^^^^^^^^^^^^^^^^^^^^^^^^^^^^^^^^^
  File "C:\Users\Putra\AppData\Local\Programs\Python\Python311\Lib\site-packages\lightgbm\basic.py", line 3758, in __init__
    train_set.construct()
  File "C:\Users\Putra\AppData\Local\Programs\Python\Python311\Lib\site-packages\lightgbm\basic.py", line 2574, in construct
    self._lazy_init(
  File "C:\Users\Putra\AppData\Local\Programs\Python\Python311\Lib\site-packages\lightgbm\basic.py", line 2189, in _lazy_init
    self.set_label(label)
  File "C:\Users\Putra\AppData\Local\Programs\Python\Python311\Lib\site-packages\lightgbm\basic.py", line 3097, in set_label
    self.set_field("label", label_array)
  File "C:\Users\Putra\AppData\Local\Programs\Python\Python311\Lib\site-packages\lightgbm\basic.py", line 2860, in set_field
    _LIB.LGBM_DatasetSetField(
OSError: exception: access violation reading 0x0000000000000000


During handling of the above exception, another exception occurred:

Traceback (most recent call last):
  File "C:\Users\Putra\AppData\Local\Programs\Python\Python311\Lib\site-packages\pycaret\internal\pycaret_experiment\supervised_experiment.py", line 815, in compare_models
    model, model_fit_time = self._create_model(**create_model_args)
                            ^^^^^^^^^^^^^^^^^^^^^^^^^^^^^^^^^^^^^^^
  File "C:\Users\Putra\AppData\Local\Programs\Python\Python311\Lib\site-packages\pycaret\internal\pycaret_experiment\supervised_experiment.py", line 1533, in _create_model
    model, model_fit_time, model_results, _ = self._create_model_with_cv(
                                              ^^^^^^^^^^^^^^^^^^^^^^^^^^^
  File "C:\Users\Putra\AppData\Local\Programs\Python\Python311\Lib\site-packages\pycaret\internal\pycaret_experiment\supervised_experiment.py", line 1126, in _create_model_with_cv
    scores = cross_validate(
             ^^^^^^^^^^^^^^^
  File "C:\Users\Putra\AppData\Local\Programs\Python\Python311\Lib\site-packages\sklearn\utils\_param_validation.py", line 213, in wrapper
    return func(*args, **kwargs)
           ^^^^^^^^^^^^^^^^^^^^^
  File "C:\Users\Putra\AppData\Local\Programs\Python\Python311\Lib\site-packages\sklearn\model_selection\_validation.py", line 450, in cross_validate
    _warn_or_raise_about_fit_failures(results, error_score)
  File "C:\Users\Putra\AppData\Local\Programs\Python\Python311\Lib\site-packages\sklearn\model_selection\_validation.py", line 536, in _warn_or_raise_about_fit_failures
    raise ValueError(all_fits_failed_message)
ValueError: 
All the 10 fits failed.
It is very likely that your model is misconfigured.
You can try to debug the error by setting error_score='raise'.

Below are more details about the failures:
--------------------------------------------------------------------------------
10 fits failed with the following error:
Traceback (most recent call last):
  File "C:\Users\Putra\AppData\Local\Programs\Python\Python311\Lib\site-packages\sklearn\model_selection\_validation.py", line 895, in _fit_and_score
    estimator.fit(X_train, y_train, **fit_params)
  File "C:\Users\Putra\AppData\Local\Programs\Python\Python311\Lib\site-packages\pycaret\internal\pipeline.py", line 278, in fit
    fitted_estimator = self._memory_fit(
                       ^^^^^^^^^^^^^^^^^
  File "C:\Users\Putra\AppData\Local\Programs\Python\Python311\Lib\site-packages\joblib\memory.py", line 353, in __call__
    return self.func(*args, **kwargs)
           ^^^^^^^^^^^^^^^^^^^^^^^^^^
  File "C:\Users\Putra\AppData\Local\Programs\Python\Python311\Lib\site-packages\pycaret\internal\pipeline.py", line 69, in _fit_one
    transformer.fit(*args)
  File "C:\Users\Putra\AppData\Local\Programs\Python\Python311\Lib\site-packages\lightgbm\sklearn.py", line 1704, in fit
    super().fit(
  File "C:\Users\Putra\AppData\Local\Programs\Python\Python311\Lib\site-packages\lightgbm\sklearn.py", line 1171, in fit
    self._Booster = train(
                    ^^^^^^
  File "C:\Users\Putra\AppData\Local\Programs\Python\Python311\Lib\site-packages\lightgbm\engine.py", line 296, in train
    booster = Booster(params=params, train_set=train_set)
              ^^^^^^^^^^^^^^^^^^^^^^^^^^^^^^^^^^^^^^^^^^^
  File "C:\Users\Putra\AppData\Local\Programs\Python\Python311\Lib\site-packages\lightgbm\basic.py", line 3758, in __init__
    train_set.construct()
  File "C:\Users\Putra\AppData\Local\Programs\Python\Python311\Lib\site-packages\lightgbm\basic.py", line 2574, in construct
    self._lazy_init(
  File "C:\Users\Putra\AppData\Local\Programs\Python\Python311\Lib\site-packages\lightgbm\basic.py", line 2189, in _lazy_init
    self.set_label(label)
  File "C:\Users\Putra\AppData\Local\Programs\Python\Python311\Lib\site-packages\lightgbm\basic.py", line 3097, in set_label
    self.set_field("label", label_array)
  File "C:\Users\Putra\AppData\Local\Programs\Python\Python311\Lib\site-packages\lightgbm\basic.py", line 2860, in set_field
    _LIB.LGBM_DatasetSetField(
OSError: exception: access violation reading 0x0000000000000000


2026-09-17 13:57:24,887:INFO:Initializing Dummy Classifier
2026-09-17 13:57:24,887:INFO:Total runtime is 0.16753940582275392 minutes
2026-09-17 13:57:24,887:INFO:SubProcess create_model() called ==================================
2026-09-17 13:57:24,887:INFO:Initializing create_model()
2026-09-17 13:57:24,887:INFO:create_model(self=<pycaret.classification.oop.ClassificationExperiment object at 0x000001FB642DFCD0>, estimator=dummy, fold=StratifiedKFold(n_splits=10, random_state=None, shuffle=False), round=4, cross_validation=True, predict=True, fit_kwargs={}, groups=None, refit=False, probability_threshold=None, experiment_custom_tags=None, verbose=False, system=False, add_to_model_list=True, metrics=None, display=<pycaret.internal.display.display.CommonDisplay object at 0x000001FB6AD5ED10>, model_only=True, return_train_score=False, error_score=0.0, kwargs={})
2026-09-17 13:57:24,887:INFO:Checking exceptions
2026-09-17 13:57:24,887:INFO:Importing libraries
2026-09-17 13:57:24,887:INFO:Copying training dataset
2026-09-17 13:57:24,891:INFO:Defining folds
2026-09-17 13:57:24,891:INFO:Declaring metric variables
2026-09-17 13:57:24,892:INFO:Importing untrained model
2026-09-17 13:57:24,892:INFO:Dummy Classifier Imported successfully
2026-09-17 13:57:24,892:INFO:Starting cross validation
2026-09-17 13:57:24,893:INFO:Cross validating with StratifiedKFold(n_splits=10, random_state=None, shuffle=False), n_jobs=-1
2026-09-17 13:57:24,924:WARNING:C:\Users\Putra\AppData\Local\Programs\Python\Python311\Lib\site-packages\sklearn\metrics\_classification.py:1509: UndefinedMetricWarning: Precision is ill-defined and being set to 0.0 in labels with no predicted samples. Use `zero_division` parameter to control this behavior.
  _warn_prf(average, modifier, f"{metric.capitalize()} is", len(result))

2026-09-17 13:57:24,927:WARNING:C:\Users\Putra\AppData\Local\Programs\Python\Python311\Lib\site-packages\sklearn\metrics\_classification.py:1509: UndefinedMetricWarning: Precision is ill-defined and being set to 0.0 in labels with no predicted samples. Use `zero_division` parameter to control this behavior.
  _warn_prf(average, modifier, f"{metric.capitalize()} is", len(result))

2026-09-17 13:57:24,928:WARNING:C:\Users\Putra\AppData\Local\Programs\Python\Python311\Lib\site-packages\sklearn\metrics\_classification.py:1509: UndefinedMetricWarning: Precision is ill-defined and being set to 0.0 in labels with no predicted samples. Use `zero_division` parameter to control this behavior.
  _warn_prf(average, modifier, f"{metric.capitalize()} is", len(result))

2026-09-17 13:57:24,930:WARNING:C:\Users\Putra\AppData\Local\Programs\Python\Python311\Lib\site-packages\sklearn\metrics\_classification.py:1509: UndefinedMetricWarning: Precision is ill-defined and being set to 0.0 in labels with no predicted samples. Use `zero_division` parameter to control this behavior.
  _warn_prf(average, modifier, f"{metric.capitalize()} is", len(result))

2026-09-17 13:57:24,938:WARNING:C:\Users\Putra\AppData\Local\Programs\Python\Python311\Lib\site-packages\sklearn\metrics\_classification.py:1509: UndefinedMetricWarning: Precision is ill-defined and being set to 0.0 in labels with no predicted samples. Use `zero_division` parameter to control this behavior.
  _warn_prf(average, modifier, f"{metric.capitalize()} is", len(result))

2026-09-17 13:57:24,957:WARNING:C:\Users\Putra\AppData\Local\Programs\Python\Python311\Lib\site-packages\sklearn\metrics\_classification.py:1509: UndefinedMetricWarning: Precision is ill-defined and being set to 0.0 in labels with no predicted samples. Use `zero_division` parameter to control this behavior.
  _warn_prf(average, modifier, f"{metric.capitalize()} is", len(result))

2026-09-17 13:57:24,957:WARNING:C:\Users\Putra\AppData\Local\Programs\Python\Python311\Lib\site-packages\sklearn\metrics\_classification.py:1509: UndefinedMetricWarning: Precision is ill-defined and being set to 0.0 in labels with no predicted samples. Use `zero_division` parameter to control this behavior.
  _warn_prf(average, modifier, f"{metric.capitalize()} is", len(result))

2026-09-17 13:57:24,957:WARNING:C:\Users\Putra\AppData\Local\Programs\Python\Python311\Lib\site-packages\sklearn\metrics\_classification.py:1509: UndefinedMetricWarning: Precision is ill-defined and being set to 0.0 in labels with no predicted samples. Use `zero_division` parameter to control this behavior.
  _warn_prf(average, modifier, f"{metric.capitalize()} is", len(result))

2026-09-17 13:57:24,959:WARNING:C:\Users\Putra\AppData\Local\Programs\Python\Python311\Lib\site-packages\sklearn\metrics\_classification.py:1509: UndefinedMetricWarning: Precision is ill-defined and being set to 0.0 in labels with no predicted samples. Use `zero_division` parameter to control this behavior.
  _warn_prf(average, modifier, f"{metric.capitalize()} is", len(result))

2026-09-17 13:57:24,970:WARNING:C:\Users\Putra\AppData\Local\Programs\Python\Python311\Lib\site-packages\sklearn\metrics\_classification.py:1509: UndefinedMetricWarning: Precision is ill-defined and being set to 0.0 in labels with no predicted samples. Use `zero_division` parameter to control this behavior.
  _warn_prf(average, modifier, f"{metric.capitalize()} is", len(result))

2026-09-17 13:57:24,984:INFO:Calculating mean and std
2026-09-17 13:57:24,984:INFO:Creating metrics dataframe
2026-09-17 13:57:24,986:INFO:Uploading results into container
2026-09-17 13:57:24,986:INFO:Uploading model into container now
2026-09-17 13:57:24,986:INFO:_master_model_container: 14
2026-09-17 13:57:24,986:INFO:_display_container: 2
2026-09-17 13:57:24,986:INFO:DummyClassifier(constant=None, random_state=5710, strategy='prior')
2026-09-17 13:57:24,986:INFO:create_model() successfully completed......................................
2026-09-17 13:57:25,038:INFO:SubProcess create_model() end ==================================
2026-09-17 13:57:25,038:INFO:Creating metrics dataframe
2026-09-17 13:57:25,039:WARNING:C:\Users\Putra\AppData\Local\Programs\Python\Python311\Lib\site-packages\pycaret\internal\pycaret_experiment\supervised_experiment.py:339: FutureWarning: Styler.applymap has been deprecated. Use Styler.map instead.
  .applymap(highlight_cols, subset=["TT (Sec)"])

2026-09-17 13:57:25,040:INFO:Initializing create_model()
2026-09-17 13:57:25,040:INFO:create_model(self=<pycaret.classification.oop.ClassificationExperiment object at 0x000001FB642DFCD0>, estimator=QuadraticDiscriminantAnalysis(priors=None, reg_param=0.0,
                              store_covariance=False, tol=0.0001), fold=StratifiedKFold(n_splits=10, random_state=None, shuffle=False), round=4, cross_validation=False, predict=False, fit_kwargs={}, groups=None, refit=True, probability_threshold=None, experiment_custom_tags=None, verbose=False, system=False, add_to_model_list=True, metrics=None, display=None, model_only=True, return_train_score=False, error_score=0.0, kwargs={})
2026-09-17 13:57:25,040:INFO:Checking exceptions
2026-09-17 13:57:25,041:INFO:Importing libraries
2026-09-17 13:57:25,041:INFO:Copying training dataset
2026-09-17 13:57:25,043:INFO:Defining folds
2026-09-17 13:57:25,043:INFO:Declaring metric variables
2026-09-17 13:57:25,043:INFO:Importing untrained model
2026-09-17 13:57:25,043:INFO:Declaring custom model
2026-09-17 13:57:25,043:INFO:Quadratic Discriminant Analysis Imported successfully
2026-09-17 13:57:25,044:INFO:Cross validation set to False
2026-09-17 13:57:25,044:INFO:Fitting Model
2026-09-17 13:57:25,047:INFO:QuadraticDiscriminantAnalysis(priors=None, reg_param=0.0,
                              store_covariance=False, tol=0.0001)
2026-09-17 13:57:25,047:INFO:create_model() successfully completed......................................
2026-09-17 13:57:25,103:INFO:_master_model_container: 14
2026-09-17 13:57:25,103:INFO:_display_container: 2
2026-09-17 13:57:25,103:INFO:QuadraticDiscriminantAnalysis(priors=None, reg_param=0.0,
                              store_covariance=False, tol=0.0001)
2026-09-17 13:57:25,103:INFO:compare_models() successfully completed......................................
2026-09-17 13:59:47,437:WARNING:
'cuml' is a soft dependency and not included in the pycaret installation. Please run: `pip install cuml` to install.
2026-09-17 13:59:47,437:WARNING:
'cuml' is a soft dependency and not included in the pycaret installation. Please run: `pip install cuml` to install.
2026-09-17 13:59:47,437:WARNING:
'cuml' is a soft dependency and not included in the pycaret installation. Please run: `pip install cuml` to install.
2026-09-17 13:59:47,437:WARNING:
'cuml' is a soft dependency and not included in the pycaret installation. Please run: `pip install cuml` to install.
2026-09-17 13:59:47,524:INFO:PyCaret RegressionExperiment
2026-09-17 13:59:47,524:INFO:Logging name: reg-default-name
2026-09-17 13:59:47,524:INFO:ML Usecase: MLUsecase.REGRESSION
2026-09-17 13:59:47,524:INFO:version 3.3.2
2026-09-17 13:59:47,524:INFO:Initializing setup()
2026-09-17 13:59:47,524:INFO:self.USI: f139
2026-09-17 13:59:47,524:INFO:self._variable_keys: {'data', 'transform_target_param', 'fold_shuffle_param', 'seed', 'html_param', 'exp_name_log', 'X', 'fold_generator', 'X_train', '_ml_usecase', 'exp_id', '_available_plots', 'y_test', 'log_plots_param', 'y', 'fold_groups_param', 'memory', 'y_train', 'idx', 'gpu_param', 'n_jobs_param', 'logging_param', 'USI', 'X_test', 'gpu_n_jobs_param', 'target_param', 'pipeline'}
2026-09-17 13:59:47,524:INFO:Checking environment
2026-09-17 13:59:47,524:INFO:python_version: 3.11.0
2026-09-17 13:59:47,524:INFO:python_build: ('main', 'Oct 24 2022 18:26:48')
2026-09-17 13:59:47,524:INFO:machine: AMD64
2026-09-17 13:59:47,533:INFO:platform: Windows-10-10.0.26200-SP0
2026-09-17 13:59:47,533:INFO:Memory: svmem(total=16869548032, available=3056693248, percent=81.9, used=13812854784, free=3056693248)
2026-09-17 13:59:47,533:INFO:Physical Core: 14
2026-09-17 13:59:47,533:INFO:Logical Core: 20
2026-09-17 13:59:47,533:INFO:Checking libraries
2026-09-17 13:59:47,533:INFO:System:
2026-09-17 13:59:47,533:INFO:    python: 3.11.0 (main, Oct 24 2022, 18:26:48) [MSC v.1933 64 bit (AMD64)]
2026-09-17 13:59:47,533:INFO:executable: C:\Users\Putra\AppData\Local\Programs\Python\Python311\python.exe
2026-09-17 13:59:47,533:INFO:   machine: Windows-10-10.0.26200-SP0
2026-09-17 13:59:47,533:INFO:PyCaret required dependencies:
2026-09-17 13:59:47,534:WARNING:C:\Users\Putra\AppData\Local\Programs\Python\Python311\Lib\site-packages\_distutils_hack\__init__.py:33: UserWarning: Setuptools is replacing distutils.
  warnings.warn("Setuptools is replacing distutils.")

2026-09-17 13:59:47,551:INFO:                 pip: 26.2.1
2026-09-17 13:59:47,551:INFO:          setuptools: 65.5.0
2026-09-17 13:59:47,551:INFO:             pycaret: 3.3.2
2026-09-17 13:59:47,551:INFO:             IPython: 9.17.1
2026-09-17 13:59:47,551:INFO:          ipywidgets: 8.1.9
2026-09-17 13:59:47,551:INFO:                tqdm: 4.70.1
2026-09-17 13:59:47,551:INFO:               numpy: 1.26.4
2026-09-17 13:59:47,551:INFO:              pandas: 2.1.4
2026-09-17 13:59:47,551:INFO:              jinja2: 3.1.6
2026-09-17 13:59:47,551:INFO:               scipy: 1.11.4
2026-09-17 13:59:47,551:INFO:              joblib: 1.3.2
2026-09-17 13:59:47,551:INFO:             sklearn: 1.4.2
2026-09-17 13:59:47,551:INFO:                pyod: 3.4.0
2026-09-17 13:59:47,551:INFO:            imblearn: 0.14.2
2026-09-17 13:59:47,551:INFO:   category_encoders: 2.7.0
2026-09-17 13:59:47,551:INFO:            lightgbm: 4.7.0
2026-09-17 13:59:47,551:INFO:               numba: 0.67.0
2026-09-17 13:59:47,551:INFO:            requests: 2.34.2
2026-09-17 13:59:47,551:INFO:          matplotlib: 3.7.5
2026-09-17 13:59:47,551:INFO:          scikitplot: 0.3.7
2026-09-17 13:59:47,551:INFO:         yellowbrick: 1.5
2026-09-17 13:59:47,551:INFO:              plotly: 6.9.0
2026-09-17 13:59:47,551:INFO:    plotly-resampler: Not installed
2026-09-17 13:59:47,551:INFO:             kaleido: 1.4.0
2026-09-17 13:59:47,551:INFO:           schemdraw: 0.15
2026-09-17 13:59:47,551:INFO:         statsmodels: 0.15.0
2026-09-17 13:59:47,551:INFO:              sktime: 0.26.0
2026-09-17 13:59:47,551:INFO:               tbats: 1.1.3
2026-09-17 13:59:47,551:INFO:            pmdarima: 2.0.4
2026-09-17 13:59:47,551:INFO:              psutil: 7.2.2
2026-09-17 13:59:47,551:INFO:          markupsafe: 3.0.3
2026-09-17 13:59:47,551:INFO:             pickle5: Not installed
2026-09-17 13:59:47,551:INFO:         cloudpickle: 3.1.2
2026-09-17 13:59:47,551:INFO:         deprecation: 2.1.0
2026-09-17 13:59:47,551:INFO:              xxhash: 4.0.1
2026-09-17 13:59:47,551:INFO:           wurlitzer: Not installed
2026-09-17 13:59:47,551:INFO:PyCaret optional dependencies:
2026-09-17 13:59:47,575:INFO:                shap: Not installed
2026-09-17 13:59:47,575:INFO:           interpret: Not installed
2026-09-17 13:59:47,575:INFO:                umap: Not installed
2026-09-17 13:59:47,575:INFO:     ydata_profiling: Not installed
2026-09-17 13:59:47,575:INFO:  explainerdashboard: Not installed
2026-09-17 13:59:47,575:INFO:             autoviz: Not installed
2026-09-17 13:59:47,575:INFO:           fairlearn: Not installed
2026-09-17 13:59:47,575:INFO:          deepchecks: Not installed
2026-09-17 13:59:47,575:INFO:             xgboost: 2.1.4
2026-09-17 13:59:47,575:INFO:            catboost: Not installed
2026-09-17 13:59:47,575:INFO:              kmodes: Not installed
2026-09-17 13:59:47,575:INFO:             mlxtend: Not installed
2026-09-17 13:59:47,575:INFO:       statsforecast: Not installed
2026-09-17 13:59:47,575:INFO:        tune_sklearn: Not installed
2026-09-17 13:59:47,575:INFO:                 ray: Not installed
2026-09-17 13:59:47,575:INFO:            hyperopt: Not installed
2026-09-17 13:59:47,575:INFO:              optuna: Not installed
2026-09-17 13:59:47,575:INFO:               skopt: Not installed
2026-09-17 13:59:47,575:INFO:              mlflow: Not installed
2026-09-17 13:59:47,575:INFO:              gradio: Not installed
2026-09-17 13:59:47,575:INFO:             fastapi: Not installed
2026-09-17 13:59:47,575:INFO:             uvicorn: Not installed
2026-09-17 13:59:47,575:INFO:              m2cgen: Not installed
2026-09-17 13:59:47,575:INFO:           evidently: Not installed
2026-09-17 13:59:47,575:INFO:               fugue: Not installed
2026-09-17 13:59:47,575:INFO:           streamlit: Not installed
2026-09-17 13:59:47,575:INFO:             prophet: Not installed
2026-09-17 13:59:47,575:INFO:None
2026-09-17 13:59:47,575:INFO:Set up data.
2026-09-17 13:59:47,578:INFO:Set up folding strategy.
2026-09-17 13:59:47,578:INFO:Set up train/test split.
2026-09-17 13:59:47,580:INFO:Set up index.
2026-09-17 13:59:47,580:INFO:Assigning column types.
2026-09-17 13:59:47,582:INFO:Engine successfully changes for model 'lr' to 'sklearn'.
2026-09-17 13:59:47,582:INFO:Engine for model 'lasso' has not been set explicitly, hence returning None.
2026-09-17 13:59:47,585:INFO:Engine for model 'ridge' has not been set explicitly, hence returning None.
2026-09-17 13:59:47,587:INFO:Engine for model 'en' has not been set explicitly, hence returning None.
2026-09-17 13:59:47,617:INFO:Engine for model 'svm' has not been set explicitly, hence returning None.
2026-09-17 13:59:47,640:INFO:Engine for model 'knn' has not been set explicitly, hence returning None.
2026-09-17 13:59:47,640:INFO:Soft dependency imported: xgboost: 2.1.4
2026-09-17 13:59:47,642:WARNING:
'catboost' is a soft dependency and not included in the pycaret installation. Please run: `pip install catboost` to install.
Alternately, you can install this by running `pip install pycaret[models]`
2026-09-17 13:59:47,642:INFO:Engine for model 'lasso' has not been set explicitly, hence returning None.
2026-09-17 13:59:47,644:INFO:Engine for model 'ridge' has not been set explicitly, hence returning None.
2026-09-17 13:59:47,647:INFO:Engine for model 'en' has not been set explicitly, hence returning None.
2026-09-17 13:59:47,674:INFO:Engine for model 'svm' has not been set explicitly, hence returning None.
2026-09-17 13:59:47,697:INFO:Engine for model 'knn' has not been set explicitly, hence returning None.
2026-09-17 13:59:47,697:INFO:Soft dependency imported: xgboost: 2.1.4
2026-09-17 13:59:47,698:WARNING:
'catboost' is a soft dependency and not included in the pycaret installation. Please run: `pip install catboost` to install.
Alternately, you can install this by running `pip install pycaret[models]`
2026-09-17 13:59:47,698:INFO:Engine successfully changes for model 'lasso' to 'sklearn'.
2026-09-17 13:59:47,701:INFO:Engine for model 'ridge' has not been set explicitly, hence returning None.
2026-09-17 13:59:47,703:INFO:Engine for model 'en' has not been set explicitly, hence returning None.
2026-09-17 13:59:47,731:INFO:Engine for model 'svm' has not been set explicitly, hence returning None.
2026-09-17 13:59:47,753:INFO:Engine for model 'knn' has not been set explicitly, hence returning None.
2026-09-17 13:59:47,754:INFO:Soft dependency imported: xgboost: 2.1.4
2026-09-17 13:59:47,755:WARNING:
'catboost' is a soft dependency and not included in the pycaret installation. Please run: `pip install catboost` to install.
Alternately, you can install this by running `pip install pycaret[models]`
2026-09-17 13:59:47,757:INFO:Engine for model 'ridge' has not been set explicitly, hence returning None.
2026-09-17 13:59:47,761:INFO:Engine for model 'en' has not been set explicitly, hence returning None.
2026-09-17 13:59:47,791:INFO:Engine for model 'svm' has not been set explicitly, hence returning None.
2026-09-17 13:59:47,814:INFO:Engine for model 'knn' has not been set explicitly, hence returning None.
2026-09-17 13:59:47,816:INFO:Soft dependency imported: xgboost: 2.1.4
2026-09-17 13:59:47,817:WARNING:
'catboost' is a soft dependency and not included in the pycaret installation. Please run: `pip install catboost` to install.
Alternately, you can install this by running `pip install pycaret[models]`
2026-09-17 13:59:47,819:INFO:Engine successfully changes for model 'ridge' to 'sklearn'.
2026-09-17 13:59:47,823:INFO:Engine for model 'en' has not been set explicitly, hence returning None.
2026-09-17 13:59:47,852:INFO:Engine for model 'svm' has not been set explicitly, hence returning None.
2026-09-17 13:59:47,874:INFO:Engine for model 'knn' has not been set explicitly, hence returning None.
2026-09-17 13:59:47,875:INFO:Soft dependency imported: xgboost: 2.1.4
2026-09-17 13:59:47,876:WARNING:
'catboost' is a soft dependency and not included in the pycaret installation. Please run: `pip install catboost` to install.
Alternately, you can install this by running `pip install pycaret[models]`
2026-09-17 13:59:47,881:INFO:Engine for model 'en' has not been set explicitly, hence returning None.
2026-09-17 13:59:47,910:INFO:Engine for model 'svm' has not been set explicitly, hence returning None.
2026-09-17 13:59:47,932:INFO:Engine for model 'knn' has not been set explicitly, hence returning None.
2026-09-17 13:59:47,932:INFO:Soft dependency imported: xgboost: 2.1.4
2026-09-17 13:59:47,934:WARNING:
'catboost' is a soft dependency and not included in the pycaret installation. Please run: `pip install catboost` to install.
Alternately, you can install this by running `pip install pycaret[models]`
2026-09-17 13:59:47,934:INFO:Engine successfully changes for model 'en' to 'sklearn'.
2026-09-17 13:59:47,967:INFO:Engine for model 'svm' has not been set explicitly, hence returning None.
2026-09-17 13:59:47,988:INFO:Engine for model 'knn' has not been set explicitly, hence returning None.
2026-09-17 13:59:47,989:INFO:Soft dependency imported: xgboost: 2.1.4
2026-09-17 13:59:47,990:WARNING:
'catboost' is a soft dependency and not included in the pycaret installation. Please run: `pip install catboost` to install.
Alternately, you can install this by running `pip install pycaret[models]`
2026-09-17 13:59:48,023:INFO:Engine for model 'svm' has not been set explicitly, hence returning None.
2026-09-17 13:59:48,045:INFO:Engine for model 'knn' has not been set explicitly, hence returning None.
2026-09-17 13:59:48,046:INFO:Soft dependency imported: xgboost: 2.1.4
2026-09-17 13:59:48,048:WARNING:
'catboost' is a soft dependency and not included in the pycaret installation. Please run: `pip install catboost` to install.
Alternately, you can install this by running `pip install pycaret[models]`
2026-09-17 13:59:48,048:INFO:Engine successfully changes for model 'knn' to 'sklearn'.
2026-09-17 13:59:48,080:INFO:Engine for model 'svm' has not been set explicitly, hence returning None.
2026-09-17 13:59:48,103:INFO:Soft dependency imported: xgboost: 2.1.4
2026-09-17 13:59:48,104:WARNING:
'catboost' is a soft dependency and not included in the pycaret installation. Please run: `pip install catboost` to install.
Alternately, you can install this by running `pip install pycaret[models]`
2026-09-17 13:59:48,138:INFO:Engine for model 'svm' has not been set explicitly, hence returning None.
2026-09-17 13:59:48,159:INFO:Soft dependency imported: xgboost: 2.1.4
2026-09-17 13:59:48,161:WARNING:
'catboost' is a soft dependency and not included in the pycaret installation. Please run: `pip install catboost` to install.
Alternately, you can install this by running `pip install pycaret[models]`
2026-09-17 13:59:48,161:INFO:Engine successfully changes for model 'svm' to 'sklearn'.
2026-09-17 13:59:48,217:INFO:Soft dependency imported: xgboost: 2.1.4
2026-09-17 13:59:48,218:WARNING:
'catboost' is a soft dependency and not included in the pycaret installation. Please run: `pip install catboost` to install.
Alternately, you can install this by running `pip install pycaret[models]`
2026-09-17 13:59:48,273:INFO:Soft dependency imported: xgboost: 2.1.4
2026-09-17 13:59:48,275:WARNING:
'catboost' is a soft dependency and not included in the pycaret installation. Please run: `pip install catboost` to install.
Alternately, you can install this by running `pip install pycaret[models]`
2026-09-17 13:59:48,277:INFO:Preparing preprocessing pipeline...
2026-09-17 13:59:48,277:INFO:Set up simple imputation.
2026-09-17 13:59:48,286:INFO:Finished creating preprocessing pipeline.
2026-09-17 13:59:48,290:INFO:Pipeline: Pipeline(memory=FastMemory(location=C:\Users\Putra\AppData\Local\Temp\joblib),
         steps=[('numerical_imputer',
                 TransformerWrapper(include=['age', 'sex', 'bmi', 'bp', 's1',
                                             's2', 's3', 's4', 's5', 's6'],
                                    transformer=SimpleImputer())),
                ('categorical_imputer',
                 TransformerWrapper(include=[],
                                    transformer=SimpleImputer(strategy='most_frequent')))])
2026-09-17 13:59:48,290:INFO:Creating final display dataframe.
2026-09-17 13:59:48,320:INFO:Setup _display_container:                     Description             Value
0                    Session id              1691
1                        Target            target
2                   Target type        Regression
3           Original data shape         (442, 11)
4        Transformed data shape         (442, 11)
5   Transformed train set shape         (309, 11)
6    Transformed test set shape         (133, 11)
7              Numeric features                10
8                    Preprocess              True
9               Imputation type            simple
10           Numeric imputation              mean
11       Categorical imputation              mode
12               Fold Generator             KFold
13                  Fold Number                10
14                     CPU Jobs                -1
15                      Use GPU             False
16               Log Experiment             False
17              Experiment Name  reg-default-name
18                          USI              f139
2026-09-17 13:59:48,379:INFO:Soft dependency imported: xgboost: 2.1.4
2026-09-17 13:59:48,381:WARNING:
'catboost' is a soft dependency and not included in the pycaret installation. Please run: `pip install catboost` to install.
Alternately, you can install this by running `pip install pycaret[models]`
2026-09-17 13:59:48,435:INFO:Soft dependency imported: xgboost: 2.1.4
2026-09-17 13:59:48,436:WARNING:
'catboost' is a soft dependency and not included in the pycaret installation. Please run: `pip install catboost` to install.
Alternately, you can install this by running `pip install pycaret[models]`
2026-09-17 13:59:48,437:INFO:setup() successfully completed in 0.91s...............
2026-09-17 13:59:48,437:INFO:Initializing compare_models()
2026-09-17 13:59:48,437:INFO:compare_models(self=<pycaret.regression.oop.RegressionExperiment object at 0x00000242BB6F9950>, include=None, exclude=None, fold=None, round=4, cross_validation=True, sort=R2, n_select=10, budget_time=None, turbo=True, errors=ignore, fit_kwargs=None, groups=None, experiment_custom_tags=None, probability_threshold=None, verbose=True, parallel=None, caller_params={'self': <pycaret.regression.oop.RegressionExperiment object at 0x00000242BB6F9950>, 'include': None, 'exclude': None, 'fold': None, 'round': 4, 'cross_validation': True, 'sort': 'R2', 'n_select': 10, 'budget_time': None, 'turbo': True, 'errors': 'ignore', 'fit_kwargs': None, 'groups': None, 'experiment_custom_tags': None, 'engine': None, 'verbose': True, 'parallel': None, '__class__': <class 'pycaret.regression.oop.RegressionExperiment'>})
2026-09-17 13:59:48,437:INFO:Checking exceptions
2026-09-17 13:59:48,439:INFO:Preparing display monitor
2026-09-17 13:59:48,441:INFO:Initializing Linear Regression
2026-09-17 13:59:48,441:INFO:Total runtime is 0.0 minutes
2026-09-17 13:59:48,441:INFO:SubProcess create_model() called ==================================
2026-09-17 13:59:48,441:INFO:Initializing create_model()
2026-09-17 13:59:48,441:INFO:create_model(self=<pycaret.regression.oop.RegressionExperiment object at 0x00000242BB6F9950>, estimator=lr, fold=KFold(n_splits=10, random_state=None, shuffle=False), round=4, cross_validation=True, predict=True, fit_kwargs={}, groups=None, refit=False, probability_threshold=None, experiment_custom_tags=None, verbose=False, system=False, add_to_model_list=True, metrics=None, display=<pycaret.internal.display.display.CommonDisplay object at 0x00000242EAFCBD50>, model_only=True, return_train_score=False, error_score=0.0, kwargs={})
2026-09-17 13:59:48,441:INFO:Checking exceptions
2026-09-17 13:59:48,441:INFO:Importing libraries
2026-09-17 13:59:48,441:INFO:Copying training dataset
2026-09-17 13:59:48,444:INFO:Defining folds
2026-09-17 13:59:48,444:INFO:Declaring metric variables
2026-09-17 13:59:48,444:INFO:Importing untrained model
2026-09-17 13:59:48,444:INFO:Linear Regression Imported successfully
2026-09-17 13:59:48,444:INFO:Starting cross validation
2026-09-17 13:59:48,449:INFO:Cross validating with KFold(n_splits=10, random_state=None, shuffle=False), n_jobs=-1
2026-09-17 13:59:51,018:WARNING:C:\Users\Putra\AppData\Local\Programs\Python\Python311\Lib\site-packages\_distutils_hack\__init__.py:33: UserWarning: Setuptools is replacing distutils.
  warnings.warn("Setuptools is replacing distutils.")

2026-09-17 13:59:51,056:WARNING:C:\Users\Putra\AppData\Local\Programs\Python\Python311\Lib\site-packages\_distutils_hack\__init__.py:33: UserWarning: Setuptools is replacing distutils.
  warnings.warn("Setuptools is replacing distutils.")

2026-09-17 13:59:51,062:WARNING:C:\Users\Putra\AppData\Local\Programs\Python\Python311\Lib\site-packages\_distutils_hack\__init__.py:33: UserWarning: Setuptools is replacing distutils.
  warnings.warn("Setuptools is replacing distutils.")

2026-09-17 13:59:51,063:WARNING:C:\Users\Putra\AppData\Local\Programs\Python\Python311\Lib\site-packages\_distutils_hack\__init__.py:33: UserWarning: Setuptools is replacing distutils.
  warnings.warn("Setuptools is replacing distutils.")

2026-09-17 13:59:51,063:WARNING:C:\Users\Putra\AppData\Local\Programs\Python\Python311\Lib\site-packages\_distutils_hack\__init__.py:33: UserWarning: Setuptools is replacing distutils.
  warnings.warn("Setuptools is replacing distutils.")

2026-09-17 13:59:51,094:WARNING:C:\Users\Putra\AppData\Local\Programs\Python\Python311\Lib\site-packages\_distutils_hack\__init__.py:33: UserWarning: Setuptools is replacing distutils.
  warnings.warn("Setuptools is replacing distutils.")

2026-09-17 13:59:51,095:WARNING:C:\Users\Putra\AppData\Local\Programs\Python\Python311\Lib\site-packages\_distutils_hack\__init__.py:33: UserWarning: Setuptools is replacing distutils.
  warnings.warn("Setuptools is replacing distutils.")

2026-09-17 13:59:51,100:WARNING:C:\Users\Putra\AppData\Local\Programs\Python\Python311\Lib\site-packages\_distutils_hack\__init__.py:33: UserWarning: Setuptools is replacing distutils.
  warnings.warn("Setuptools is replacing distutils.")

2026-09-17 13:59:51,106:WARNING:C:\Users\Putra\AppData\Local\Programs\Python\Python311\Lib\site-packages\_distutils_hack\__init__.py:33: UserWarning: Setuptools is replacing distutils.
  warnings.warn("Setuptools is replacing distutils.")

2026-09-17 13:59:51,111:WARNING:C:\Users\Putra\AppData\Local\Programs\Python\Python311\Lib\site-packages\_distutils_hack\__init__.py:33: UserWarning: Setuptools is replacing distutils.
  warnings.warn("Setuptools is replacing distutils.")

2026-09-17 13:59:51,771:INFO:Calculating mean and std
2026-09-17 13:59:51,772:INFO:Creating metrics dataframe
2026-09-17 13:59:51,775:INFO:Uploading results into container
2026-09-17 13:59:51,777:INFO:Uploading model into container now
2026-09-17 13:59:51,777:INFO:_master_model_container: 1
2026-09-17 13:59:51,777:INFO:_display_container: 2
2026-09-17 13:59:51,778:INFO:LinearRegression(n_jobs=-1)
2026-09-17 13:59:51,778:INFO:create_model() successfully completed......................................
2026-09-17 13:59:51,946:INFO:SubProcess create_model() end ==================================
2026-09-17 13:59:51,946:INFO:Creating metrics dataframe
2026-09-17 13:59:51,949:INFO:Initializing Lasso Regression
2026-09-17 13:59:51,949:INFO:Total runtime is 0.05846648216247559 minutes
2026-09-17 13:59:51,949:INFO:SubProcess create_model() called ==================================
2026-09-17 13:59:51,949:INFO:Initializing create_model()
2026-09-17 13:59:51,949:INFO:create_model(self=<pycaret.regression.oop.RegressionExperiment object at 0x00000242BB6F9950>, estimator=lasso, fold=KFold(n_splits=10, random_state=None, shuffle=False), round=4, cross_validation=True, predict=True, fit_kwargs={}, groups=None, refit=False, probability_threshold=None, experiment_custom_tags=None, verbose=False, system=False, add_to_model_list=True, metrics=None, display=<pycaret.internal.display.display.CommonDisplay object at 0x00000242EAFCBD50>, model_only=True, return_train_score=False, error_score=0.0, kwargs={})
2026-09-17 13:59:51,949:INFO:Checking exceptions
2026-09-17 13:59:51,949:INFO:Importing libraries
2026-09-17 13:59:51,949:INFO:Copying training dataset
2026-09-17 13:59:51,951:INFO:Defining folds
2026-09-17 13:59:51,951:INFO:Declaring metric variables
2026-09-17 13:59:51,951:INFO:Importing untrained model
2026-09-17 13:59:51,951:INFO:Lasso Regression Imported successfully
2026-09-17 13:59:51,951:INFO:Starting cross validation
2026-09-17 13:59:51,952:INFO:Cross validating with KFold(n_splits=10, random_state=None, shuffle=False), n_jobs=-1
2026-09-17 13:59:53,859:WARNING:C:\Users\Putra\AppData\Local\Programs\Python\Python311\Lib\site-packages\_distutils_hack\__init__.py:33: UserWarning: Setuptools is replacing distutils.
  warnings.warn("Setuptools is replacing distutils.")

2026-09-17 13:59:53,946:WARNING:C:\Users\Putra\AppData\Local\Programs\Python\Python311\Lib\site-packages\_distutils_hack\__init__.py:33: UserWarning: Setuptools is replacing distutils.
  warnings.warn("Setuptools is replacing distutils.")

2026-09-17 13:59:53,946:WARNING:C:\Users\Putra\AppData\Local\Programs\Python\Python311\Lib\site-packages\_distutils_hack\__init__.py:33: UserWarning: Setuptools is replacing distutils.
  warnings.warn("Setuptools is replacing distutils.")

2026-09-17 13:59:53,972:WARNING:C:\Users\Putra\AppData\Local\Programs\Python\Python311\Lib\site-packages\_distutils_hack\__init__.py:33: UserWarning: Setuptools is replacing distutils.
  warnings.warn("Setuptools is replacing distutils.")

2026-09-17 13:59:53,974:WARNING:C:\Users\Putra\AppData\Local\Programs\Python\Python311\Lib\site-packages\_distutils_hack\__init__.py:33: UserWarning: Setuptools is replacing distutils.
  warnings.warn("Setuptools is replacing distutils.")

2026-09-17 13:59:53,984:WARNING:C:\Users\Putra\AppData\Local\Programs\Python\Python311\Lib\site-packages\_distutils_hack\__init__.py:33: UserWarning: Setuptools is replacing distutils.
  warnings.warn("Setuptools is replacing distutils.")

2026-09-17 13:59:53,987:WARNING:C:\Users\Putra\AppData\Local\Programs\Python\Python311\Lib\site-packages\_distutils_hack\__init__.py:33: UserWarning: Setuptools is replacing distutils.
  warnings.warn("Setuptools is replacing distutils.")

2026-09-17 13:59:53,988:WARNING:C:\Users\Putra\AppData\Local\Programs\Python\Python311\Lib\site-packages\_distutils_hack\__init__.py:33: UserWarning: Setuptools is replacing distutils.
  warnings.warn("Setuptools is replacing distutils.")

2026-09-17 13:59:53,996:WARNING:C:\Users\Putra\AppData\Local\Programs\Python\Python311\Lib\site-packages\_distutils_hack\__init__.py:33: UserWarning: Setuptools is replacing distutils.
  warnings.warn("Setuptools is replacing distutils.")

2026-09-17 13:59:54,012:WARNING:C:\Users\Putra\AppData\Local\Programs\Python\Python311\Lib\site-packages\_distutils_hack\__init__.py:33: UserWarning: Setuptools is replacing distutils.
  warnings.warn("Setuptools is replacing distutils.")

2026-09-17 13:59:54,491:INFO:Calculating mean and std
2026-09-17 13:59:54,492:INFO:Creating metrics dataframe
2026-09-17 13:59:54,495:INFO:Uploading results into container
2026-09-17 13:59:54,496:INFO:Uploading model into container now
2026-09-17 13:59:54,497:INFO:_master_model_container: 2
2026-09-17 13:59:54,497:INFO:_display_container: 2
2026-09-17 13:59:54,497:INFO:Lasso(random_state=1691)
2026-09-17 13:59:54,497:INFO:create_model() successfully completed......................................
2026-09-17 13:59:54,645:INFO:SubProcess create_model() end ==================================
2026-09-17 13:59:54,645:INFO:Creating metrics dataframe
2026-09-17 13:59:54,646:INFO:Initializing Ridge Regression
2026-09-17 13:59:54,646:INFO:Total runtime is 0.10341309706370036 minutes
2026-09-17 13:59:54,646:INFO:SubProcess create_model() called ==================================
2026-09-17 13:59:54,647:INFO:Initializing create_model()
2026-09-17 13:59:54,647:INFO:create_model(self=<pycaret.regression.oop.RegressionExperiment object at 0x00000242BB6F9950>, estimator=ridge, fold=KFold(n_splits=10, random_state=None, shuffle=False), round=4, cross_validation=True, predict=True, fit_kwargs={}, groups=None, refit=False, probability_threshold=None, experiment_custom_tags=None, verbose=False, system=False, add_to_model_list=True, metrics=None, display=<pycaret.internal.display.display.CommonDisplay object at 0x00000242EAFCBD50>, model_only=True, return_train_score=False, error_score=0.0, kwargs={})
2026-09-17 13:59:54,647:INFO:Checking exceptions
2026-09-17 13:59:54,647:INFO:Importing libraries
2026-09-17 13:59:54,647:INFO:Copying training dataset
2026-09-17 13:59:54,649:INFO:Defining folds
2026-09-17 13:59:54,649:INFO:Declaring metric variables
2026-09-17 13:59:54,649:INFO:Importing untrained model
2026-09-17 13:59:54,649:INFO:Ridge Regression Imported successfully
2026-09-17 13:59:54,649:INFO:Starting cross validation
2026-09-17 13:59:54,649:INFO:Cross validating with KFold(n_splits=10, random_state=None, shuffle=False), n_jobs=-1
2026-09-17 13:59:54,685:INFO:Calculating mean and std
2026-09-17 13:59:54,685:INFO:Creating metrics dataframe
2026-09-17 13:59:54,686:INFO:Uploading results into container
2026-09-17 13:59:54,687:INFO:Uploading model into container now
2026-09-17 13:59:54,687:INFO:_master_model_container: 3
2026-09-17 13:59:54,687:INFO:_display_container: 2
2026-09-17 13:59:54,687:INFO:Ridge(random_state=1691)
2026-09-17 13:59:54,687:INFO:create_model() successfully completed......................................
2026-09-17 13:59:54,735:INFO:SubProcess create_model() end ==================================
2026-09-17 13:59:54,735:INFO:Creating metrics dataframe
2026-09-17 13:59:54,736:INFO:Initializing Elastic Net
2026-09-17 13:59:54,736:INFO:Total runtime is 0.10491494337717693 minutes
2026-09-17 13:59:54,736:INFO:SubProcess create_model() called ==================================
2026-09-17 13:59:54,736:INFO:Initializing create_model()
2026-09-17 13:59:54,736:INFO:create_model(self=<pycaret.regression.oop.RegressionExperiment object at 0x00000242BB6F9950>, estimator=en, fold=KFold(n_splits=10, random_state=None, shuffle=False), round=4, cross_validation=True, predict=True, fit_kwargs={}, groups=None, refit=False, probability_threshold=None, experiment_custom_tags=None, verbose=False, system=False, add_to_model_list=True, metrics=None, display=<pycaret.internal.display.display.CommonDisplay object at 0x00000242EAFCBD50>, model_only=True, return_train_score=False, error_score=0.0, kwargs={})
2026-09-17 13:59:54,737:INFO:Checking exceptions
2026-09-17 13:59:54,737:INFO:Importing libraries
2026-09-17 13:59:54,737:INFO:Copying training dataset
2026-09-17 13:59:54,738:INFO:Defining folds
2026-09-17 13:59:54,738:INFO:Declaring metric variables
2026-09-17 13:59:54,738:INFO:Importing untrained model
2026-09-17 13:59:54,738:INFO:Elastic Net Imported successfully
2026-09-17 13:59:54,738:INFO:Starting cross validation
2026-09-17 13:59:54,738:INFO:Cross validating with KFold(n_splits=10, random_state=None, shuffle=False), n_jobs=-1
2026-09-17 13:59:54,774:INFO:Calculating mean and std
2026-09-17 13:59:54,774:INFO:Creating metrics dataframe
2026-09-17 13:59:54,776:INFO:Uploading results into container
2026-09-17 13:59:54,776:INFO:Uploading model into container now
2026-09-17 13:59:54,776:INFO:_master_model_container: 4
2026-09-17 13:59:54,776:INFO:_display_container: 2
2026-09-17 13:59:54,777:INFO:ElasticNet(random_state=1691)
2026-09-17 13:59:54,777:INFO:create_model() successfully completed......................................
2026-09-17 13:59:54,829:INFO:SubProcess create_model() end ==================================
2026-09-17 13:59:54,829:INFO:Creating metrics dataframe
2026-09-17 13:59:54,832:INFO:Initializing Least Angle Regression
2026-09-17 13:59:54,832:INFO:Total runtime is 0.10651347239812216 minutes
2026-09-17 13:59:54,832:INFO:SubProcess create_model() called ==================================
2026-09-17 13:59:54,832:INFO:Initializing create_model()
2026-09-17 13:59:54,832:INFO:create_model(self=<pycaret.regression.oop.RegressionExperiment object at 0x00000242BB6F9950>, estimator=lar, fold=KFold(n_splits=10, random_state=None, shuffle=False), round=4, cross_validation=True, predict=True, fit_kwargs={}, groups=None, refit=False, probability_threshold=None, experiment_custom_tags=None, verbose=False, system=False, add_to_model_list=True, metrics=None, display=<pycaret.internal.display.display.CommonDisplay object at 0x00000242EAFCBD50>, model_only=True, return_train_score=False, error_score=0.0, kwargs={})
2026-09-17 13:59:54,832:INFO:Checking exceptions
2026-09-17 13:59:54,832:INFO:Importing libraries
2026-09-17 13:59:54,832:INFO:Copying training dataset
2026-09-17 13:59:54,834:INFO:Defining folds
2026-09-17 13:59:54,834:INFO:Declaring metric variables
2026-09-17 13:59:54,834:INFO:Importing untrained model
2026-09-17 13:59:54,834:INFO:Least Angle Regression Imported successfully
2026-09-17 13:59:54,834:INFO:Starting cross validation
2026-09-17 13:59:54,834:INFO:Cross validating with KFold(n_splits=10, random_state=None, shuffle=False), n_jobs=-1
2026-09-17 13:59:54,870:INFO:Calculating mean and std
2026-09-17 13:59:54,870:INFO:Creating metrics dataframe
2026-09-17 13:59:54,871:INFO:Uploading results into container
2026-09-17 13:59:54,872:INFO:Uploading model into container now
2026-09-17 13:59:54,872:INFO:_master_model_container: 5
2026-09-17 13:59:54,872:INFO:_display_container: 2
2026-09-17 13:59:54,872:INFO:Lars(random_state=1691)
2026-09-17 13:59:54,872:INFO:create_model() successfully completed......................................
2026-09-17 13:59:54,922:INFO:SubProcess create_model() end ==================================
2026-09-17 13:59:54,923:INFO:Creating metrics dataframe
2026-09-17 13:59:54,924:INFO:Initializing Lasso Least Angle Regression
2026-09-17 13:59:54,924:INFO:Total runtime is 0.10805527369181316 minutes
2026-09-17 13:59:54,924:INFO:SubProcess create_model() called ==================================
2026-09-17 13:59:54,924:INFO:Initializing create_model()
2026-09-17 13:59:54,924:INFO:create_model(self=<pycaret.regression.oop.RegressionExperiment object at 0x00000242BB6F9950>, estimator=llar, fold=KFold(n_splits=10, random_state=None, shuffle=False), round=4, cross_validation=True, predict=True, fit_kwargs={}, groups=None, refit=False, probability_threshold=None, experiment_custom_tags=None, verbose=False, system=False, add_to_model_list=True, metrics=None, display=<pycaret.internal.display.display.CommonDisplay object at 0x00000242EAFCBD50>, model_only=True, return_train_score=False, error_score=0.0, kwargs={})
2026-09-17 13:59:54,924:INFO:Checking exceptions
2026-09-17 13:59:54,924:INFO:Importing libraries
2026-09-17 13:59:54,924:INFO:Copying training dataset
2026-09-17 13:59:54,926:INFO:Defining folds
2026-09-17 13:59:54,926:INFO:Declaring metric variables
2026-09-17 13:59:54,926:INFO:Importing untrained model
2026-09-17 13:59:54,926:INFO:Lasso Least Angle Regression Imported successfully
2026-09-17 13:59:54,926:INFO:Starting cross validation
2026-09-17 13:59:54,926:INFO:Cross validating with KFold(n_splits=10, random_state=None, shuffle=False), n_jobs=-1
2026-09-17 13:59:54,984:INFO:Calculating mean and std
2026-09-17 13:59:54,984:INFO:Creating metrics dataframe
2026-09-17 13:59:54,985:INFO:Uploading results into container
2026-09-17 13:59:54,985:INFO:Uploading model into container now
2026-09-17 13:59:54,985:INFO:_master_model_container: 6
2026-09-17 13:59:54,985:INFO:_display_container: 2
2026-09-17 13:59:54,985:INFO:LassoLars(random_state=1691)
2026-09-17 13:59:54,985:INFO:create_model() successfully completed......................................
2026-09-17 13:59:55,038:INFO:SubProcess create_model() end ==================================
2026-09-17 13:59:55,038:INFO:Creating metrics dataframe
2026-09-17 13:59:55,040:INFO:Initializing Orthogonal Matching Pursuit
2026-09-17 13:59:55,040:INFO:Total runtime is 0.10998855034510295 minutes
2026-09-17 13:59:55,040:INFO:SubProcess create_model() called ==================================
2026-09-17 13:59:55,040:INFO:Initializing create_model()
2026-09-17 13:59:55,040:INFO:create_model(self=<pycaret.regression.oop.RegressionExperiment object at 0x00000242BB6F9950>, estimator=omp, fold=KFold(n_splits=10, random_state=None, shuffle=False), round=4, cross_validation=True, predict=True, fit_kwargs={}, groups=None, refit=False, probability_threshold=None, experiment_custom_tags=None, verbose=False, system=False, add_to_model_list=True, metrics=None, display=<pycaret.internal.display.display.CommonDisplay object at 0x00000242EAFCBD50>, model_only=True, return_train_score=False, error_score=0.0, kwargs={})
2026-09-17 13:59:55,040:INFO:Checking exceptions
2026-09-17 13:59:55,040:INFO:Importing libraries
2026-09-17 13:59:55,040:INFO:Copying training dataset
2026-09-17 13:59:55,042:INFO:Defining folds
2026-09-17 13:59:55,042:INFO:Declaring metric variables
2026-09-17 13:59:55,042:INFO:Importing untrained model
2026-09-17 13:59:55,042:INFO:Orthogonal Matching Pursuit Imported successfully
2026-09-17 13:59:55,042:INFO:Starting cross validation
2026-09-17 13:59:55,042:INFO:Cross validating with KFold(n_splits=10, random_state=None, shuffle=False), n_jobs=-1
2026-09-17 13:59:55,080:INFO:Calculating mean and std
2026-09-17 13:59:55,080:INFO:Creating metrics dataframe
2026-09-17 13:59:55,081:INFO:Uploading results into container
2026-09-17 13:59:55,081:INFO:Uploading model into container now
2026-09-17 13:59:55,081:INFO:_master_model_container: 7
2026-09-17 13:59:55,081:INFO:_display_container: 2
2026-09-17 13:59:55,082:INFO:OrthogonalMatchingPursuit()
2026-09-17 13:59:55,082:INFO:create_model() successfully completed......................................
2026-09-17 13:59:55,213:INFO:SubProcess create_model() end ==================================
2026-09-17 13:59:55,213:INFO:Creating metrics dataframe
2026-09-17 13:59:55,216:INFO:Initializing Bayesian Ridge
2026-09-17 13:59:55,216:INFO:Total runtime is 0.11291646560033163 minutes
2026-09-17 13:59:55,216:INFO:SubProcess create_model() called ==================================
2026-09-17 13:59:55,216:INFO:Initializing create_model()
2026-09-17 13:59:55,216:INFO:create_model(self=<pycaret.regression.oop.RegressionExperiment object at 0x00000242BB6F9950>, estimator=br, fold=KFold(n_splits=10, random_state=None, shuffle=False), round=4, cross_validation=True, predict=True, fit_kwargs={}, groups=None, refit=False, probability_threshold=None, experiment_custom_tags=None, verbose=False, system=False, add_to_model_list=True, metrics=None, display=<pycaret.internal.display.display.CommonDisplay object at 0x00000242EAFCBD50>, model_only=True, return_train_score=False, error_score=0.0, kwargs={})
2026-09-17 13:59:55,216:INFO:Checking exceptions
2026-09-17 13:59:55,216:INFO:Importing libraries
2026-09-17 13:59:55,216:INFO:Copying training dataset
2026-09-17 13:59:55,220:INFO:Defining folds
2026-09-17 13:59:55,220:INFO:Declaring metric variables
2026-09-17 13:59:55,220:INFO:Importing untrained model
2026-09-17 13:59:55,220:INFO:Bayesian Ridge Imported successfully
2026-09-17 13:59:55,220:INFO:Starting cross validation
2026-09-17 13:59:55,221:INFO:Cross validating with KFold(n_splits=10, random_state=None, shuffle=False), n_jobs=-1
2026-09-17 13:59:55,301:INFO:Calculating mean and std
2026-09-17 13:59:55,301:INFO:Creating metrics dataframe
2026-09-17 13:59:55,304:INFO:Uploading results into container
2026-09-17 13:59:55,304:INFO:Uploading model into container now
2026-09-17 13:59:55,305:INFO:_master_model_container: 8
2026-09-17 13:59:55,305:INFO:_display_container: 2
2026-09-17 13:59:55,305:INFO:BayesianRidge()
2026-09-17 13:59:55,305:INFO:create_model() successfully completed......................................
2026-09-17 13:59:55,384:INFO:SubProcess create_model() end ==================================
2026-09-17 13:59:55,384:INFO:Creating metrics dataframe
2026-09-17 13:59:55,386:INFO:Initializing Passive Aggressive Regressor
2026-09-17 13:59:55,386:INFO:Total runtime is 0.11574755112330119 minutes
2026-09-17 13:59:55,386:INFO:SubProcess create_model() called ==================================
2026-09-17 13:59:55,386:INFO:Initializing create_model()
2026-09-17 13:59:55,386:INFO:create_model(self=<pycaret.regression.oop.RegressionExperiment object at 0x00000242BB6F9950>, estimator=par, fold=KFold(n_splits=10, random_state=None, shuffle=False), round=4, cross_validation=True, predict=True, fit_kwargs={}, groups=None, refit=False, probability_threshold=None, experiment_custom_tags=None, verbose=False, system=False, add_to_model_list=True, metrics=None, display=<pycaret.internal.display.display.CommonDisplay object at 0x00000242EAFCBD50>, model_only=True, return_train_score=False, error_score=0.0, kwargs={})
2026-09-17 13:59:55,386:INFO:Checking exceptions
2026-09-17 13:59:55,386:INFO:Importing libraries
2026-09-17 13:59:55,386:INFO:Copying training dataset
2026-09-17 13:59:55,387:INFO:Defining folds
2026-09-17 13:59:55,387:INFO:Declaring metric variables
2026-09-17 13:59:55,387:INFO:Importing untrained model
2026-09-17 13:59:55,387:INFO:Passive Aggressive Regressor Imported successfully
2026-09-17 13:59:55,387:INFO:Starting cross validation
2026-09-17 13:59:55,389:INFO:Cross validating with KFold(n_splits=10, random_state=None, shuffle=False), n_jobs=-1
2026-09-17 13:59:55,436:INFO:Calculating mean and std
2026-09-17 13:59:55,436:INFO:Creating metrics dataframe
2026-09-17 13:59:55,437:INFO:Uploading results into container
2026-09-17 13:59:55,439:INFO:Uploading model into container now
2026-09-17 13:59:55,439:INFO:_master_model_container: 9
2026-09-17 13:59:55,439:INFO:_display_container: 2
2026-09-17 13:59:55,439:INFO:PassiveAggressiveRegressor(random_state=1691)
2026-09-17 13:59:55,439:INFO:create_model() successfully completed......................................
2026-09-17 13:59:55,503:INFO:SubProcess create_model() end ==================================
2026-09-17 13:59:55,503:INFO:Creating metrics dataframe
2026-09-17 13:59:55,505:INFO:Initializing Huber Regressor
2026-09-17 13:59:55,505:INFO:Total runtime is 0.11774006684621176 minutes
2026-09-17 13:59:55,505:INFO:SubProcess create_model() called ==================================
2026-09-17 13:59:55,505:INFO:Initializing create_model()
2026-09-17 13:59:55,505:INFO:create_model(self=<pycaret.regression.oop.RegressionExperiment object at 0x00000242BB6F9950>, estimator=huber, fold=KFold(n_splits=10, random_state=None, shuffle=False), round=4, cross_validation=True, predict=True, fit_kwargs={}, groups=None, refit=False, probability_threshold=None, experiment_custom_tags=None, verbose=False, system=False, add_to_model_list=True, metrics=None, display=<pycaret.internal.display.display.CommonDisplay object at 0x00000242EAFCBD50>, model_only=True, return_train_score=False, error_score=0.0, kwargs={})
2026-09-17 13:59:55,505:INFO:Checking exceptions
2026-09-17 13:59:55,505:INFO:Importing libraries
2026-09-17 13:59:55,505:INFO:Copying training dataset
2026-09-17 13:59:55,508:INFO:Defining folds
2026-09-17 13:59:55,508:INFO:Declaring metric variables
2026-09-17 13:59:55,509:INFO:Importing untrained model
2026-09-17 13:59:55,509:INFO:Huber Regressor Imported successfully
2026-09-17 13:59:55,509:INFO:Starting cross validation
2026-09-17 13:59:55,509:INFO:Cross validating with KFold(n_splits=10, random_state=None, shuffle=False), n_jobs=-1
2026-09-17 13:59:55,546:WARNING:C:\Users\Putra\AppData\Local\Programs\Python\Python311\Lib\site-packages\sklearn\linear_model\_huber.py:342: ConvergenceWarning: lbfgs failed to converge (status=1):
STOP: TOTAL NO. of ITERATIONS REACHED LIMIT.

Increase the number of iterations (max_iter) or scale the data as shown in:
    https://scikit-learn.org/stable/modules/preprocessing.html
  self.n_iter_ = _check_optimize_result("lbfgs", opt_res, self.max_iter)

2026-09-17 13:59:55,547:WARNING:C:\Users\Putra\AppData\Local\Programs\Python\Python311\Lib\site-packages\sklearn\linear_model\_huber.py:342: ConvergenceWarning: lbfgs failed to converge (status=1):
STOP: TOTAL NO. of ITERATIONS REACHED LIMIT.

Increase the number of iterations (max_iter) or scale the data as shown in:
    https://scikit-learn.org/stable/modules/preprocessing.html
  self.n_iter_ = _check_optimize_result("lbfgs", opt_res, self.max_iter)

2026-09-17 13:59:55,548:WARNING:C:\Users\Putra\AppData\Local\Programs\Python\Python311\Lib\site-packages\sklearn\linear_model\_huber.py:342: ConvergenceWarning: lbfgs failed to converge (status=1):
STOP: TOTAL NO. of ITERATIONS REACHED LIMIT.

Increase the number of iterations (max_iter) or scale the data as shown in:
    https://scikit-learn.org/stable/modules/preprocessing.html
  self.n_iter_ = _check_optimize_result("lbfgs", opt_res, self.max_iter)

2026-09-17 13:59:55,548:WARNING:C:\Users\Putra\AppData\Local\Programs\Python\Python311\Lib\site-packages\sklearn\linear_model\_huber.py:342: ConvergenceWarning: lbfgs failed to converge (status=1):
STOP: TOTAL NO. of ITERATIONS REACHED LIMIT.

Increase the number of iterations (max_iter) or scale the data as shown in:
    https://scikit-learn.org/stable/modules/preprocessing.html
  self.n_iter_ = _check_optimize_result("lbfgs", opt_res, self.max_iter)

2026-09-17 13:59:55,551:WARNING:C:\Users\Putra\AppData\Local\Programs\Python\Python311\Lib\site-packages\sklearn\linear_model\_huber.py:342: ConvergenceWarning: lbfgs failed to converge (status=1):
STOP: TOTAL NO. of ITERATIONS REACHED LIMIT.

Increase the number of iterations (max_iter) or scale the data as shown in:
    https://scikit-learn.org/stable/modules/preprocessing.html
  self.n_iter_ = _check_optimize_result("lbfgs", opt_res, self.max_iter)

2026-09-17 13:59:55,555:WARNING:C:\Users\Putra\AppData\Local\Programs\Python\Python311\Lib\site-packages\sklearn\linear_model\_huber.py:342: ConvergenceWarning: lbfgs failed to converge (status=1):
STOP: TOTAL NO. of ITERATIONS REACHED LIMIT.

Increase the number of iterations (max_iter) or scale the data as shown in:
    https://scikit-learn.org/stable/modules/preprocessing.html
  self.n_iter_ = _check_optimize_result("lbfgs", opt_res, self.max_iter)

2026-09-17 13:59:55,559:WARNING:C:\Users\Putra\AppData\Local\Programs\Python\Python311\Lib\site-packages\sklearn\linear_model\_huber.py:342: ConvergenceWarning: lbfgs failed to converge (status=1):
STOP: TOTAL NO. of ITERATIONS REACHED LIMIT.

Increase the number of iterations (max_iter) or scale the data as shown in:
    https://scikit-learn.org/stable/modules/preprocessing.html
  self.n_iter_ = _check_optimize_result("lbfgs", opt_res, self.max_iter)

2026-09-17 13:59:55,561:WARNING:C:\Users\Putra\AppData\Local\Programs\Python\Python311\Lib\site-packages\sklearn\linear_model\_huber.py:342: ConvergenceWarning: lbfgs failed to converge (status=1):
STOP: TOTAL NO. of ITERATIONS REACHED LIMIT.

Increase the number of iterations (max_iter) or scale the data as shown in:
    https://scikit-learn.org/stable/modules/preprocessing.html
  self.n_iter_ = _check_optimize_result("lbfgs", opt_res, self.max_iter)

2026-09-17 13:59:55,567:WARNING:C:\Users\Putra\AppData\Local\Programs\Python\Python311\Lib\site-packages\sklearn\linear_model\_huber.py:342: ConvergenceWarning: lbfgs failed to converge (status=1):
STOP: TOTAL NO. of ITERATIONS REACHED LIMIT.

Increase the number of iterations (max_iter) or scale the data as shown in:
    https://scikit-learn.org/stable/modules/preprocessing.html
  self.n_iter_ = _check_optimize_result("lbfgs", opt_res, self.max_iter)

2026-09-17 13:59:55,569:WARNING:C:\Users\Putra\AppData\Local\Programs\Python\Python311\Lib\site-packages\sklearn\linear_model\_huber.py:342: ConvergenceWarning: lbfgs failed to converge (status=1):
STOP: TOTAL NO. of ITERATIONS REACHED LIMIT.

Increase the number of iterations (max_iter) or scale the data as shown in:
    https://scikit-learn.org/stable/modules/preprocessing.html
  self.n_iter_ = _check_optimize_result("lbfgs", opt_res, self.max_iter)

2026-09-17 13:59:55,576:INFO:Calculating mean and std
2026-09-17 13:59:55,576:INFO:Creating metrics dataframe
2026-09-17 13:59:55,578:INFO:Uploading results into container
2026-09-17 13:59:55,578:INFO:Uploading model into container now
2026-09-17 13:59:55,578:INFO:_master_model_container: 10
2026-09-17 13:59:55,578:INFO:_display_container: 2
2026-09-17 13:59:55,579:INFO:HuberRegressor()
2026-09-17 13:59:55,579:INFO:create_model() successfully completed......................................
2026-09-17 13:59:55,637:INFO:SubProcess create_model() end ==================================
2026-09-17 13:59:55,637:INFO:Creating metrics dataframe
2026-09-17 13:59:55,639:INFO:Initializing K Neighbors Regressor
2026-09-17 13:59:55,639:INFO:Total runtime is 0.11997124751408896 minutes
2026-09-17 13:59:55,639:INFO:SubProcess create_model() called ==================================
2026-09-17 13:59:55,639:INFO:Initializing create_model()
2026-09-17 13:59:55,639:INFO:create_model(self=<pycaret.regression.oop.RegressionExperiment object at 0x00000242BB6F9950>, estimator=knn, fold=KFold(n_splits=10, random_state=None, shuffle=False), round=4, cross_validation=True, predict=True, fit_kwargs={}, groups=None, refit=False, probability_threshold=None, experiment_custom_tags=None, verbose=False, system=False, add_to_model_list=True, metrics=None, display=<pycaret.internal.display.display.CommonDisplay object at 0x00000242EAFCBD50>, model_only=True, return_train_score=False, error_score=0.0, kwargs={})
2026-09-17 13:59:55,639:INFO:Checking exceptions
2026-09-17 13:59:55,639:INFO:Importing libraries
2026-09-17 13:59:55,639:INFO:Copying training dataset
2026-09-17 13:59:55,641:INFO:Defining folds
2026-09-17 13:59:55,641:INFO:Declaring metric variables
2026-09-17 13:59:55,641:INFO:Importing untrained model
2026-09-17 13:59:55,641:INFO:K Neighbors Regressor Imported successfully
2026-09-17 13:59:55,642:INFO:Starting cross validation
2026-09-17 13:59:55,642:INFO:Cross validating with KFold(n_splits=10, random_state=None, shuffle=False), n_jobs=-1
2026-09-17 13:59:55,719:INFO:Calculating mean and std
2026-09-17 13:59:55,719:INFO:Creating metrics dataframe
2026-09-17 13:59:55,720:INFO:Uploading results into container
2026-09-17 13:59:55,720:INFO:Uploading model into container now
2026-09-17 13:59:55,721:INFO:_master_model_container: 11
2026-09-17 13:59:55,721:INFO:_display_container: 2
2026-09-17 13:59:55,721:INFO:KNeighborsRegressor(n_jobs=-1)
2026-09-17 13:59:55,721:INFO:create_model() successfully completed......................................
2026-09-17 13:59:55,779:INFO:SubProcess create_model() end ==================================
2026-09-17 13:59:55,779:INFO:Creating metrics dataframe
2026-09-17 13:59:55,780:INFO:Initializing Decision Tree Regressor
2026-09-17 13:59:55,780:INFO:Total runtime is 0.12231864134470623 minutes
2026-09-17 13:59:55,780:INFO:SubProcess create_model() called ==================================
2026-09-17 13:59:55,780:INFO:Initializing create_model()
2026-09-17 13:59:55,780:INFO:create_model(self=<pycaret.regression.oop.RegressionExperiment object at 0x00000242BB6F9950>, estimator=dt, fold=KFold(n_splits=10, random_state=None, shuffle=False), round=4, cross_validation=True, predict=True, fit_kwargs={}, groups=None, refit=False, probability_threshold=None, experiment_custom_tags=None, verbose=False, system=False, add_to_model_list=True, metrics=None, display=<pycaret.internal.display.display.CommonDisplay object at 0x00000242EAFCBD50>, model_only=True, return_train_score=False, error_score=0.0, kwargs={})
2026-09-17 13:59:55,780:INFO:Checking exceptions
2026-09-17 13:59:55,780:INFO:Importing libraries
2026-09-17 13:59:55,781:INFO:Copying training dataset
2026-09-17 13:59:55,782:INFO:Defining folds
2026-09-17 13:59:55,783:INFO:Declaring metric variables
2026-09-17 13:59:55,783:INFO:Importing untrained model
2026-09-17 13:59:55,783:INFO:Decision Tree Regressor Imported successfully
2026-09-17 13:59:55,783:INFO:Starting cross validation
2026-09-17 13:59:55,783:INFO:Cross validating with KFold(n_splits=10, random_state=None, shuffle=False), n_jobs=-1
2026-09-17 13:59:55,831:INFO:Calculating mean and std
2026-09-17 13:59:55,831:INFO:Creating metrics dataframe
2026-09-17 13:59:55,832:INFO:Uploading results into container
2026-09-17 13:59:55,832:INFO:Uploading model into container now
2026-09-17 13:59:55,832:INFO:_master_model_container: 12
2026-09-17 13:59:55,832:INFO:_display_container: 2
2026-09-17 13:59:55,832:INFO:DecisionTreeRegressor(random_state=1691)
2026-09-17 13:59:55,832:INFO:create_model() successfully completed......................................
2026-09-17 13:59:55,891:INFO:SubProcess create_model() end ==================================
2026-09-17 13:59:55,892:INFO:Creating metrics dataframe
2026-09-17 13:59:55,893:INFO:Initializing Random Forest Regressor
2026-09-17 13:59:55,893:INFO:Total runtime is 0.12419559160868328 minutes
2026-09-17 13:59:55,893:INFO:SubProcess create_model() called ==================================
2026-09-17 13:59:55,893:INFO:Initializing create_model()
2026-09-17 13:59:55,893:INFO:create_model(self=<pycaret.regression.oop.RegressionExperiment object at 0x00000242BB6F9950>, estimator=rf, fold=KFold(n_splits=10, random_state=None, shuffle=False), round=4, cross_validation=True, predict=True, fit_kwargs={}, groups=None, refit=False, probability_threshold=None, experiment_custom_tags=None, verbose=False, system=False, add_to_model_list=True, metrics=None, display=<pycaret.internal.display.display.CommonDisplay object at 0x00000242EAFCBD50>, model_only=True, return_train_score=False, error_score=0.0, kwargs={})
2026-09-17 13:59:55,893:INFO:Checking exceptions
2026-09-17 13:59:55,893:INFO:Importing libraries
2026-09-17 13:59:55,894:INFO:Copying training dataset
2026-09-17 13:59:55,895:INFO:Defining folds
2026-09-17 13:59:55,895:INFO:Declaring metric variables
2026-09-17 13:59:55,895:INFO:Importing untrained model
2026-09-17 13:59:55,896:INFO:Random Forest Regressor Imported successfully
2026-09-17 13:59:55,896:INFO:Starting cross validation
2026-09-17 13:59:55,896:INFO:Cross validating with KFold(n_splits=10, random_state=None, shuffle=False), n_jobs=-1
2026-09-17 13:59:56,293:INFO:Calculating mean and std
2026-09-17 13:59:56,294:INFO:Creating metrics dataframe
2026-09-17 13:59:56,297:INFO:Uploading results into container
2026-09-17 13:59:56,298:INFO:Uploading model into container now
2026-09-17 13:59:56,298:INFO:_master_model_container: 13
2026-09-17 13:59:56,298:INFO:_display_container: 2
2026-09-17 13:59:56,299:INFO:RandomForestRegressor(n_jobs=-1, random_state=1691)
2026-09-17 13:59:56,299:INFO:create_model() successfully completed......................................
2026-09-17 13:59:56,360:INFO:SubProcess create_model() end ==================================
2026-09-17 13:59:56,360:INFO:Creating metrics dataframe
2026-09-17 13:59:56,362:INFO:Initializing Extra Trees Regressor
2026-09-17 13:59:56,362:INFO:Total runtime is 0.13202108144760133 minutes
2026-09-17 13:59:56,362:INFO:SubProcess create_model() called ==================================
2026-09-17 13:59:56,362:INFO:Initializing create_model()
2026-09-17 13:59:56,363:INFO:create_model(self=<pycaret.regression.oop.RegressionExperiment object at 0x00000242BB6F9950>, estimator=et, fold=KFold(n_splits=10, random_state=None, shuffle=False), round=4, cross_validation=True, predict=True, fit_kwargs={}, groups=None, refit=False, probability_threshold=None, experiment_custom_tags=None, verbose=False, system=False, add_to_model_list=True, metrics=None, display=<pycaret.internal.display.display.CommonDisplay object at 0x00000242EAFCBD50>, model_only=True, return_train_score=False, error_score=0.0, kwargs={})
2026-09-17 13:59:56,363:INFO:Checking exceptions
2026-09-17 13:59:56,363:INFO:Importing libraries
2026-09-17 13:59:56,363:INFO:Copying training dataset
2026-09-17 13:59:56,366:INFO:Defining folds
2026-09-17 13:59:56,366:INFO:Declaring metric variables
2026-09-17 13:59:56,366:INFO:Importing untrained model
2026-09-17 13:59:56,367:INFO:Extra Trees Regressor Imported successfully
2026-09-17 13:59:56,367:INFO:Starting cross validation
2026-09-17 13:59:56,368:INFO:Cross validating with KFold(n_splits=10, random_state=None, shuffle=False), n_jobs=-1
2026-09-17 13:59:56,668:INFO:Calculating mean and std
2026-09-17 13:59:56,669:INFO:Creating metrics dataframe
2026-09-17 13:59:56,671:INFO:Uploading results into container
2026-09-17 13:59:56,671:INFO:Uploading model into container now
2026-09-17 13:59:56,671:INFO:_master_model_container: 14
2026-09-17 13:59:56,671:INFO:_display_container: 2
2026-09-17 13:59:56,672:INFO:ExtraTreesRegressor(n_jobs=-1, random_state=1691)
2026-09-17 13:59:56,672:INFO:create_model() successfully completed......................................
2026-09-17 13:59:56,729:INFO:SubProcess create_model() end ==================================
2026-09-17 13:59:56,729:INFO:Creating metrics dataframe
2026-09-17 13:59:56,731:INFO:Initializing AdaBoost Regressor
2026-09-17 13:59:56,731:INFO:Total runtime is 0.13817119201024375 minutes
2026-09-17 13:59:56,731:INFO:SubProcess create_model() called ==================================
2026-09-17 13:59:56,731:INFO:Initializing create_model()
2026-09-17 13:59:56,731:INFO:create_model(self=<pycaret.regression.oop.RegressionExperiment object at 0x00000242BB6F9950>, estimator=ada, fold=KFold(n_splits=10, random_state=None, shuffle=False), round=4, cross_validation=True, predict=True, fit_kwargs={}, groups=None, refit=False, probability_threshold=None, experiment_custom_tags=None, verbose=False, system=False, add_to_model_list=True, metrics=None, display=<pycaret.internal.display.display.CommonDisplay object at 0x00000242EAFCBD50>, model_only=True, return_train_score=False, error_score=0.0, kwargs={})
2026-09-17 13:59:56,731:INFO:Checking exceptions
2026-09-17 13:59:56,731:INFO:Importing libraries
2026-09-17 13:59:56,731:INFO:Copying training dataset
2026-09-17 13:59:56,734:INFO:Defining folds
2026-09-17 13:59:56,734:INFO:Declaring metric variables
2026-09-17 13:59:56,734:INFO:Importing untrained model
2026-09-17 13:59:56,735:INFO:AdaBoost Regressor Imported successfully
2026-09-17 13:59:56,735:INFO:Starting cross validation
2026-09-17 13:59:56,736:INFO:Cross validating with KFold(n_splits=10, random_state=None, shuffle=False), n_jobs=-1
2026-09-17 13:59:56,880:INFO:Calculating mean and std
2026-09-17 13:59:56,880:INFO:Creating metrics dataframe
2026-09-17 13:59:56,883:INFO:Uploading results into container
2026-09-17 13:59:56,883:INFO:Uploading model into container now
2026-09-17 13:59:56,883:INFO:_master_model_container: 15
2026-09-17 13:59:56,883:INFO:_display_container: 2
2026-09-17 13:59:56,884:INFO:AdaBoostRegressor(random_state=1691)
2026-09-17 13:59:56,884:INFO:create_model() successfully completed......................................
2026-09-17 13:59:56,941:INFO:SubProcess create_model() end ==================================
2026-09-17 13:59:56,941:INFO:Creating metrics dataframe
2026-09-17 13:59:56,943:INFO:Initializing Gradient Boosting Regressor
2026-09-17 13:59:56,943:INFO:Total runtime is 0.1417069474856059 minutes
2026-09-17 13:59:56,944:INFO:SubProcess create_model() called ==================================
2026-09-17 13:59:56,944:INFO:Initializing create_model()
2026-09-17 13:59:56,944:INFO:create_model(self=<pycaret.regression.oop.RegressionExperiment object at 0x00000242BB6F9950>, estimator=gbr, fold=KFold(n_splits=10, random_state=None, shuffle=False), round=4, cross_validation=True, predict=True, fit_kwargs={}, groups=None, refit=False, probability_threshold=None, experiment_custom_tags=None, verbose=False, system=False, add_to_model_list=True, metrics=None, display=<pycaret.internal.display.display.CommonDisplay object at 0x00000242EAFCBD50>, model_only=True, return_train_score=False, error_score=0.0, kwargs={})
2026-09-17 13:59:56,944:INFO:Checking exceptions
2026-09-17 13:59:56,944:INFO:Importing libraries
2026-09-17 13:59:56,944:INFO:Copying training dataset
2026-09-17 13:59:56,948:INFO:Defining folds
2026-09-17 13:59:56,948:INFO:Declaring metric variables
2026-09-17 13:59:56,948:INFO:Importing untrained model
2026-09-17 13:59:56,948:INFO:Gradient Boosting Regressor Imported successfully
2026-09-17 13:59:56,949:INFO:Starting cross validation
2026-09-17 13:59:56,949:INFO:Cross validating with KFold(n_splits=10, random_state=None, shuffle=False), n_jobs=-1
2026-09-17 13:59:57,157:INFO:Calculating mean and std
2026-09-17 13:59:57,157:INFO:Creating metrics dataframe
2026-09-17 13:59:57,160:INFO:Uploading results into container
2026-09-17 13:59:57,160:INFO:Uploading model into container now
2026-09-17 13:59:57,161:INFO:_master_model_container: 16
2026-09-17 13:59:57,161:INFO:_display_container: 2
2026-09-17 13:59:57,161:INFO:GradientBoostingRegressor(random_state=1691)
2026-09-17 13:59:57,161:INFO:create_model() successfully completed......................................
2026-09-17 13:59:57,225:INFO:SubProcess create_model() end ==================================
2026-09-17 13:59:57,226:INFO:Creating metrics dataframe
2026-09-17 13:59:57,229:INFO:Initializing Extreme Gradient Boosting
2026-09-17 13:59:57,229:INFO:Total runtime is 0.14646606445312502 minutes
2026-09-17 13:59:57,229:INFO:SubProcess create_model() called ==================================
2026-09-17 13:59:57,229:INFO:Initializing create_model()
2026-09-17 13:59:57,229:INFO:create_model(self=<pycaret.regression.oop.RegressionExperiment object at 0x00000242BB6F9950>, estimator=xgboost, fold=KFold(n_splits=10, random_state=None, shuffle=False), round=4, cross_validation=True, predict=True, fit_kwargs={}, groups=None, refit=False, probability_threshold=None, experiment_custom_tags=None, verbose=False, system=False, add_to_model_list=True, metrics=None, display=<pycaret.internal.display.display.CommonDisplay object at 0x00000242EAFCBD50>, model_only=True, return_train_score=False, error_score=0.0, kwargs={})
2026-09-17 13:59:57,229:INFO:Checking exceptions
2026-09-17 13:59:57,229:INFO:Importing libraries
2026-09-17 13:59:57,229:INFO:Copying training dataset
2026-09-17 13:59:57,232:INFO:Defining folds
2026-09-17 13:59:57,232:INFO:Declaring metric variables
2026-09-17 13:59:57,232:INFO:Importing untrained model
2026-09-17 13:59:57,233:INFO:Extreme Gradient Boosting Imported successfully
2026-09-17 13:59:57,233:INFO:Starting cross validation
2026-09-17 13:59:57,234:INFO:Cross validating with KFold(n_splits=10, random_state=None, shuffle=False), n_jobs=-1
2026-09-17 13:59:59,480:INFO:Calculating mean and std
2026-09-17 13:59:59,481:INFO:Creating metrics dataframe
2026-09-17 13:59:59,483:INFO:Uploading results into container
2026-09-17 13:59:59,484:INFO:Uploading model into container now
2026-09-17 13:59:59,485:INFO:_master_model_container: 17
2026-09-17 13:59:59,485:INFO:_display_container: 2
2026-09-17 13:59:59,485:INFO:XGBRegressor(base_score=None, booster='gbtree', callbacks=None,
             colsample_bylevel=None, colsample_bynode=None,
             colsample_bytree=None, device='cpu', early_stopping_rounds=None,
             enable_categorical=False, eval_metric=None, feature_types=None,
             gamma=None, grow_policy=None, importance_type=None,
             interaction_constraints=None, learning_rate=None, max_bin=None,
             max_cat_threshold=None, max_cat_to_onehot=None,
             max_delta_step=None, max_depth=None, max_leaves=None,
             min_child_weight=None, missing=nan, monotone_constraints=None,
             multi_strategy=None, n_estimators=None, n_jobs=-1,
             num_parallel_tree=None, random_state=1691, ...)
2026-09-17 13:59:59,486:INFO:create_model() successfully completed......................................
2026-09-17 13:59:59,564:INFO:SubProcess create_model() end ==================================
2026-09-17 13:59:59,564:INFO:Creating metrics dataframe
2026-09-17 13:59:59,567:INFO:Initializing Light Gradient Boosting Machine
2026-09-17 13:59:59,567:INFO:Total runtime is 0.18543471495310468 minutes
2026-09-17 13:59:59,567:INFO:SubProcess create_model() called ==================================
2026-09-17 13:59:59,567:INFO:Initializing create_model()
2026-09-17 13:59:59,567:INFO:create_model(self=<pycaret.regression.oop.RegressionExperiment object at 0x00000242BB6F9950>, estimator=lightgbm, fold=KFold(n_splits=10, random_state=None, shuffle=False), round=4, cross_validation=True, predict=True, fit_kwargs={}, groups=None, refit=False, probability_threshold=None, experiment_custom_tags=None, verbose=False, system=False, add_to_model_list=True, metrics=None, display=<pycaret.internal.display.display.CommonDisplay object at 0x00000242EAFCBD50>, model_only=True, return_train_score=False, error_score=0.0, kwargs={})
2026-09-17 13:59:59,567:INFO:Checking exceptions
2026-09-17 13:59:59,567:INFO:Importing libraries
2026-09-17 13:59:59,567:INFO:Copying training dataset
2026-09-17 13:59:59,571:INFO:Defining folds
2026-09-17 13:59:59,571:INFO:Declaring metric variables
2026-09-17 13:59:59,572:INFO:Importing untrained model
2026-09-17 13:59:59,572:INFO:Light Gradient Boosting Machine Imported successfully
2026-09-17 13:59:59,572:INFO:Starting cross validation
2026-09-17 13:59:59,573:INFO:Cross validating with KFold(n_splits=10, random_state=None, shuffle=False), n_jobs=-1
2026-09-17 13:59:59,671:WARNING:create_model() for lightgbm raised an exception or returned all 0.0, trying without fit_kwargs:
2026-09-17 13:59:59,674:WARNING:Traceback (most recent call last):
  File "C:\Users\Putra\AppData\Local\Programs\Python\Python311\Lib\site-packages\pycaret\internal\pycaret_experiment\supervised_experiment.py", line 794, in compare_models
    model, model_fit_time = self._create_model(**create_model_args)
                            ^^^^^^^^^^^^^^^^^^^^^^^^^^^^^^^^^^^^^^^
  File "C:\Users\Putra\AppData\Local\Programs\Python\Python311\Lib\site-packages\pycaret\internal\pycaret_experiment\supervised_experiment.py", line 1533, in _create_model
    model, model_fit_time, model_results, _ = self._create_model_with_cv(
                                              ^^^^^^^^^^^^^^^^^^^^^^^^^^^
  File "C:\Users\Putra\AppData\Local\Programs\Python\Python311\Lib\site-packages\pycaret\internal\pycaret_experiment\supervised_experiment.py", line 1126, in _create_model_with_cv
    scores = cross_validate(
             ^^^^^^^^^^^^^^^
  File "C:\Users\Putra\AppData\Local\Programs\Python\Python311\Lib\site-packages\sklearn\utils\_param_validation.py", line 213, in wrapper
    return func(*args, **kwargs)
           ^^^^^^^^^^^^^^^^^^^^^
  File "C:\Users\Putra\AppData\Local\Programs\Python\Python311\Lib\site-packages\sklearn\model_selection\_validation.py", line 450, in cross_validate
    _warn_or_raise_about_fit_failures(results, error_score)
  File "C:\Users\Putra\AppData\Local\Programs\Python\Python311\Lib\site-packages\sklearn\model_selection\_validation.py", line 536, in _warn_or_raise_about_fit_failures
    raise ValueError(all_fits_failed_message)
ValueError: 
All the 10 fits failed.
It is very likely that your model is misconfigured.
You can try to debug the error by setting error_score='raise'.

Below are more details about the failures:
--------------------------------------------------------------------------------
10 fits failed with the following error:
Traceback (most recent call last):
  File "C:\Users\Putra\AppData\Local\Programs\Python\Python311\Lib\site-packages\sklearn\model_selection\_validation.py", line 895, in _fit_and_score
    estimator.fit(X_train, y_train, **fit_params)
  File "C:\Users\Putra\AppData\Local\Programs\Python\Python311\Lib\site-packages\pycaret\internal\pipeline.py", line 278, in fit
    fitted_estimator = self._memory_fit(
                       ^^^^^^^^^^^^^^^^^
  File "C:\Users\Putra\AppData\Local\Programs\Python\Python311\Lib\site-packages\joblib\memory.py", line 353, in __call__
    return self.func(*args, **kwargs)
           ^^^^^^^^^^^^^^^^^^^^^^^^^^
  File "C:\Users\Putra\AppData\Local\Programs\Python\Python311\Lib\site-packages\pycaret\internal\pipeline.py", line 69, in _fit_one
    transformer.fit(*args)
  File "C:\Users\Putra\AppData\Local\Programs\Python\Python311\Lib\site-packages\lightgbm\sklearn.py", line 1536, in fit
    super().fit(
  File "C:\Users\Putra\AppData\Local\Programs\Python\Python311\Lib\site-packages\lightgbm\sklearn.py", line 1171, in fit
    self._Booster = train(
                    ^^^^^^
  File "C:\Users\Putra\AppData\Local\Programs\Python\Python311\Lib\site-packages\lightgbm\engine.py", line 296, in train
    booster = Booster(params=params, train_set=train_set)
              ^^^^^^^^^^^^^^^^^^^^^^^^^^^^^^^^^^^^^^^^^^^
  File "C:\Users\Putra\AppData\Local\Programs\Python\Python311\Lib\site-packages\lightgbm\basic.py", line 3758, in __init__
    train_set.construct()
  File "C:\Users\Putra\AppData\Local\Programs\Python\Python311\Lib\site-packages\lightgbm\basic.py", line 2574, in construct
    self._lazy_init(
  File "C:\Users\Putra\AppData\Local\Programs\Python\Python311\Lib\site-packages\lightgbm\basic.py", line 2189, in _lazy_init
    self.set_label(label)
  File "C:\Users\Putra\AppData\Local\Programs\Python\Python311\Lib\site-packages\lightgbm\basic.py", line 3097, in set_label
    self.set_field("label", label_array)
  File "C:\Users\Putra\AppData\Local\Programs\Python\Python311\Lib\site-packages\lightgbm\basic.py", line 2860, in set_field
    _LIB.LGBM_DatasetSetField(
OSError: exception: access violation reading 0x0000000000000000


2026-09-17 13:59:59,674:INFO:Initializing create_model()
2026-09-17 13:59:59,674:INFO:create_model(self=<pycaret.regression.oop.RegressionExperiment object at 0x00000242BB6F9950>, estimator=lightgbm, fold=KFold(n_splits=10, random_state=None, shuffle=False), round=4, cross_validation=True, predict=True, fit_kwargs={}, groups=None, refit=False, probability_threshold=None, experiment_custom_tags=None, verbose=False, system=False, add_to_model_list=True, metrics=None, display=<pycaret.internal.display.display.CommonDisplay object at 0x00000242EAFCBD50>, model_only=True, return_train_score=False, error_score=0.0, kwargs={})
2026-09-17 13:59:59,675:INFO:Checking exceptions
2026-09-17 13:59:59,675:INFO:Importing libraries
2026-09-17 13:59:59,675:INFO:Copying training dataset
2026-09-17 13:59:59,680:INFO:Defining folds
2026-09-17 13:59:59,681:INFO:Declaring metric variables
2026-09-17 13:59:59,681:INFO:Importing untrained model
2026-09-17 13:59:59,682:INFO:Light Gradient Boosting Machine Imported successfully
2026-09-17 13:59:59,682:INFO:Starting cross validation
2026-09-17 13:59:59,683:INFO:Cross validating with KFold(n_splits=10, random_state=None, shuffle=False), n_jobs=-1
2026-09-17 13:59:59,778:ERROR:create_model() for lightgbm raised an exception or returned all 0.0:
2026-09-17 13:59:59,781:ERROR:Traceback (most recent call last):
  File "C:\Users\Putra\AppData\Local\Programs\Python\Python311\Lib\site-packages\pycaret\internal\pycaret_experiment\supervised_experiment.py", line 794, in compare_models
    model, model_fit_time = self._create_model(**create_model_args)
                            ^^^^^^^^^^^^^^^^^^^^^^^^^^^^^^^^^^^^^^^
  File "C:\Users\Putra\AppData\Local\Programs\Python\Python311\Lib\site-packages\pycaret\internal\pycaret_experiment\supervised_experiment.py", line 1533, in _create_model
    model, model_fit_time, model_results, _ = self._create_model_with_cv(
                                              ^^^^^^^^^^^^^^^^^^^^^^^^^^^
  File "C:\Users\Putra\AppData\Local\Programs\Python\Python311\Lib\site-packages\pycaret\internal\pycaret_experiment\supervised_experiment.py", line 1126, in _create_model_with_cv
    scores = cross_validate(
             ^^^^^^^^^^^^^^^
  File "C:\Users\Putra\AppData\Local\Programs\Python\Python311\Lib\site-packages\sklearn\utils\_param_validation.py", line 213, in wrapper
    return func(*args, **kwargs)
           ^^^^^^^^^^^^^^^^^^^^^
  File "C:\Users\Putra\AppData\Local\Programs\Python\Python311\Lib\site-packages\sklearn\model_selection\_validation.py", line 450, in cross_validate
    _warn_or_raise_about_fit_failures(results, error_score)
  File "C:\Users\Putra\AppData\Local\Programs\Python\Python311\Lib\site-packages\sklearn\model_selection\_validation.py", line 536, in _warn_or_raise_about_fit_failures
    raise ValueError(all_fits_failed_message)
ValueError: 
All the 10 fits failed.
It is very likely that your model is misconfigured.
You can try to debug the error by setting error_score='raise'.

Below are more details about the failures:
--------------------------------------------------------------------------------
10 fits failed with the following error:
Traceback (most recent call last):
  File "C:\Users\Putra\AppData\Local\Programs\Python\Python311\Lib\site-packages\sklearn\model_selection\_validation.py", line 895, in _fit_and_score
    estimator.fit(X_train, y_train, **fit_params)
  File "C:\Users\Putra\AppData\Local\Programs\Python\Python311\Lib\site-packages\pycaret\internal\pipeline.py", line 278, in fit
    fitted_estimator = self._memory_fit(
                       ^^^^^^^^^^^^^^^^^
  File "C:\Users\Putra\AppData\Local\Programs\Python\Python311\Lib\site-packages\joblib\memory.py", line 353, in __call__
    return self.func(*args, **kwargs)
           ^^^^^^^^^^^^^^^^^^^^^^^^^^
  File "C:\Users\Putra\AppData\Local\Programs\Python\Python311\Lib\site-packages\pycaret\internal\pipeline.py", line 69, in _fit_one
    transformer.fit(*args)
  File "C:\Users\Putra\AppData\Local\Programs\Python\Python311\Lib\site-packages\lightgbm\sklearn.py", line 1536, in fit
    super().fit(
  File "C:\Users\Putra\AppData\Local\Programs\Python\Python311\Lib\site-packages\lightgbm\sklearn.py", line 1171, in fit
    self._Booster = train(
                    ^^^^^^
  File "C:\Users\Putra\AppData\Local\Programs\Python\Python311\Lib\site-packages\lightgbm\engine.py", line 296, in train
    booster = Booster(params=params, train_set=train_set)
              ^^^^^^^^^^^^^^^^^^^^^^^^^^^^^^^^^^^^^^^^^^^
  File "C:\Users\Putra\AppData\Local\Programs\Python\Python311\Lib\site-packages\lightgbm\basic.py", line 3758, in __init__
    train_set.construct()
  File "C:\Users\Putra\AppData\Local\Programs\Python\Python311\Lib\site-packages\lightgbm\basic.py", line 2574, in construct
    self._lazy_init(
  File "C:\Users\Putra\AppData\Local\Programs\Python\Python311\Lib\site-packages\lightgbm\basic.py", line 2189, in _lazy_init
    self.set_label(label)
  File "C:\Users\Putra\AppData\Local\Programs\Python\Python311\Lib\site-packages\lightgbm\basic.py", line 3097, in set_label
    self.set_field("label", label_array)
  File "C:\Users\Putra\AppData\Local\Programs\Python\Python311\Lib\site-packages\lightgbm\basic.py", line 2860, in set_field
    _LIB.LGBM_DatasetSetField(
OSError: exception: access violation reading 0x0000000000000000


During handling of the above exception, another exception occurred:

Traceback (most recent call last):
  File "C:\Users\Putra\AppData\Local\Programs\Python\Python311\Lib\site-packages\pycaret\internal\pycaret_experiment\supervised_experiment.py", line 815, in compare_models
    model, model_fit_time = self._create_model(**create_model_args)
                            ^^^^^^^^^^^^^^^^^^^^^^^^^^^^^^^^^^^^^^^
  File "C:\Users\Putra\AppData\Local\Programs\Python\Python311\Lib\site-packages\pycaret\internal\pycaret_experiment\supervised_experiment.py", line 1533, in _create_model
    model, model_fit_time, model_results, _ = self._create_model_with_cv(
                                              ^^^^^^^^^^^^^^^^^^^^^^^^^^^
  File "C:\Users\Putra\AppData\Local\Programs\Python\Python311\Lib\site-packages\pycaret\internal\pycaret_experiment\supervised_experiment.py", line 1126, in _create_model_with_cv
    scores = cross_validate(
             ^^^^^^^^^^^^^^^
  File "C:\Users\Putra\AppData\Local\Programs\Python\Python311\Lib\site-packages\sklearn\utils\_param_validation.py", line 213, in wrapper
    return func(*args, **kwargs)
           ^^^^^^^^^^^^^^^^^^^^^
  File "C:\Users\Putra\AppData\Local\Programs\Python\Python311\Lib\site-packages\sklearn\model_selection\_validation.py", line 450, in cross_validate
    _warn_or_raise_about_fit_failures(results, error_score)
  File "C:\Users\Putra\AppData\Local\Programs\Python\Python311\Lib\site-packages\sklearn\model_selection\_validation.py", line 536, in _warn_or_raise_about_fit_failures
    raise ValueError(all_fits_failed_message)
ValueError: 
All the 10 fits failed.
It is very likely that your model is misconfigured.
You can try to debug the error by setting error_score='raise'.

Below are more details about the failures:
--------------------------------------------------------------------------------
10 fits failed with the following error:
Traceback (most recent call last):
  File "C:\Users\Putra\AppData\Local\Programs\Python\Python311\Lib\site-packages\sklearn\model_selection\_validation.py", line 895, in _fit_and_score
    estimator.fit(X_train, y_train, **fit_params)
  File "C:\Users\Putra\AppData\Local\Programs\Python\Python311\Lib\site-packages\pycaret\internal\pipeline.py", line 278, in fit
    fitted_estimator = self._memory_fit(
                       ^^^^^^^^^^^^^^^^^
  File "C:\Users\Putra\AppData\Local\Programs\Python\Python311\Lib\site-packages\joblib\memory.py", line 353, in __call__
    return self.func(*args, **kwargs)
           ^^^^^^^^^^^^^^^^^^^^^^^^^^
  File "C:\Users\Putra\AppData\Local\Programs\Python\Python311\Lib\site-packages\pycaret\internal\pipeline.py", line 69, in _fit_one
    transformer.fit(*args)
  File "C:\Users\Putra\AppData\Local\Programs\Python\Python311\Lib\site-packages\lightgbm\sklearn.py", line 1536, in fit
    super().fit(
  File "C:\Users\Putra\AppData\Local\Programs\Python\Python311\Lib\site-packages\lightgbm\sklearn.py", line 1171, in fit
    self._Booster = train(
                    ^^^^^^
  File "C:\Users\Putra\AppData\Local\Programs\Python\Python311\Lib\site-packages\lightgbm\engine.py", line 296, in train
    booster = Booster(params=params, train_set=train_set)
              ^^^^^^^^^^^^^^^^^^^^^^^^^^^^^^^^^^^^^^^^^^^
  File "C:\Users\Putra\AppData\Local\Programs\Python\Python311\Lib\site-packages\lightgbm\basic.py", line 3758, in __init__
    train_set.construct()
  File "C:\Users\Putra\AppData\Local\Programs\Python\Python311\Lib\site-packages\lightgbm\basic.py", line 2574, in construct
    self._lazy_init(
  File "C:\Users\Putra\AppData\Local\Programs\Python\Python311\Lib\site-packages\lightgbm\basic.py", line 2189, in _lazy_init
    self.set_label(label)
  File "C:\Users\Putra\AppData\Local\Programs\Python\Python311\Lib\site-packages\lightgbm\basic.py", line 3097, in set_label
    self.set_field("label", label_array)
  File "C:\Users\Putra\AppData\Local\Programs\Python\Python311\Lib\site-packages\lightgbm\basic.py", line 2860, in set_field
    _LIB.LGBM_DatasetSetField(
OSError: exception: access violation reading 0x0000000000000000


2026-09-17 13:59:59,781:INFO:Initializing Dummy Regressor
2026-09-17 13:59:59,781:INFO:Total runtime is 0.1890008568763733 minutes
2026-09-17 13:59:59,781:INFO:SubProcess create_model() called ==================================
2026-09-17 13:59:59,782:INFO:Initializing create_model()
2026-09-17 13:59:59,782:INFO:create_model(self=<pycaret.regression.oop.RegressionExperiment object at 0x00000242BB6F9950>, estimator=dummy, fold=KFold(n_splits=10, random_state=None, shuffle=False), round=4, cross_validation=True, predict=True, fit_kwargs={}, groups=None, refit=False, probability_threshold=None, experiment_custom_tags=None, verbose=False, system=False, add_to_model_list=True, metrics=None, display=<pycaret.internal.display.display.CommonDisplay object at 0x00000242EAFCBD50>, model_only=True, return_train_score=False, error_score=0.0, kwargs={})
2026-09-17 13:59:59,782:INFO:Checking exceptions
2026-09-17 13:59:59,782:INFO:Importing libraries
2026-09-17 13:59:59,782:INFO:Copying training dataset
2026-09-17 13:59:59,786:INFO:Defining folds
2026-09-17 13:59:59,786:INFO:Declaring metric variables
2026-09-17 13:59:59,787:INFO:Importing untrained model
2026-09-17 13:59:59,787:INFO:Dummy Regressor Imported successfully
2026-09-17 13:59:59,787:INFO:Starting cross validation
2026-09-17 13:59:59,788:INFO:Cross validating with KFold(n_splits=10, random_state=None, shuffle=False), n_jobs=-1
2026-09-17 13:59:59,849:INFO:Calculating mean and std
2026-09-17 13:59:59,850:INFO:Creating metrics dataframe
2026-09-17 13:59:59,851:INFO:Uploading results into container
2026-09-17 13:59:59,852:INFO:Uploading model into container now
2026-09-17 13:59:59,852:INFO:_master_model_container: 18
2026-09-17 13:59:59,852:INFO:_display_container: 2
2026-09-17 13:59:59,852:INFO:DummyRegressor()
2026-09-17 13:59:59,852:INFO:create_model() successfully completed......................................
2026-09-17 13:59:59,919:INFO:SubProcess create_model() end ==================================
2026-09-17 13:59:59,919:INFO:Creating metrics dataframe
2026-09-17 13:59:59,922:WARNING:C:\Users\Putra\AppData\Local\Programs\Python\Python311\Lib\site-packages\pycaret\internal\pycaret_experiment\supervised_experiment.py:339: FutureWarning: Styler.applymap has been deprecated. Use Styler.map instead.
  .applymap(highlight_cols, subset=["TT (Sec)"])

2026-09-17 13:59:59,923:INFO:Initializing create_model()
2026-09-17 13:59:59,923:INFO:create_model(self=<pycaret.regression.oop.RegressionExperiment object at 0x00000242BB6F9950>, estimator=BayesianRidge(), fold=KFold(n_splits=10, random_state=None, shuffle=False), round=4, cross_validation=False, predict=False, fit_kwargs={}, groups=None, refit=True, probability_threshold=None, experiment_custom_tags=None, verbose=False, system=False, add_to_model_list=True, metrics=None, display=None, model_only=True, return_train_score=False, error_score=0.0, kwargs={})
2026-09-17 13:59:59,923:INFO:Checking exceptions
2026-09-17 13:59:59,924:INFO:Importing libraries
2026-09-17 13:59:59,924:INFO:Copying training dataset
2026-09-17 13:59:59,927:INFO:Defining folds
2026-09-17 13:59:59,927:INFO:Declaring metric variables
2026-09-17 13:59:59,927:INFO:Importing untrained model
2026-09-17 13:59:59,927:INFO:Declaring custom model
2026-09-17 13:59:59,927:INFO:Bayesian Ridge Imported successfully
2026-09-17 13:59:59,928:INFO:Cross validation set to False
2026-09-17 13:59:59,928:INFO:Fitting Model
2026-09-17 13:59:59,935:INFO:BayesianRidge()
2026-09-17 13:59:59,935:INFO:create_model() successfully completed......................................
2026-09-17 13:59:59,991:INFO:Initializing create_model()
2026-09-17 13:59:59,991:INFO:create_model(self=<pycaret.regression.oop.RegressionExperiment object at 0x00000242BB6F9950>, estimator=LinearRegression(n_jobs=-1), fold=KFold(n_splits=10, random_state=None, shuffle=False), round=4, cross_validation=False, predict=False, fit_kwargs={}, groups=None, refit=True, probability_threshold=None, experiment_custom_tags=None, verbose=False, system=False, add_to_model_list=True, metrics=None, display=None, model_only=True, return_train_score=False, error_score=0.0, kwargs={})
2026-09-17 13:59:59,991:INFO:Checking exceptions
2026-09-17 13:59:59,992:INFO:Importing libraries
2026-09-17 13:59:59,992:INFO:Copying training dataset
2026-09-17 13:59:59,996:INFO:Defining folds
2026-09-17 13:59:59,996:INFO:Declaring metric variables
2026-09-17 13:59:59,996:INFO:Importing untrained model
2026-09-17 13:59:59,996:INFO:Declaring custom model
2026-09-17 13:59:59,996:INFO:Linear Regression Imported successfully
2026-09-17 13:59:59,998:INFO:Cross validation set to False
2026-09-17 13:59:59,998:INFO:Fitting Model
2026-09-17 14:00:00,002:INFO:LinearRegression(n_jobs=-1)
2026-09-17 14:00:00,002:INFO:create_model() successfully completed......................................
2026-09-17 14:00:00,067:INFO:Initializing create_model()
2026-09-17 14:00:00,067:INFO:create_model(self=<pycaret.regression.oop.RegressionExperiment object at 0x00000242BB6F9950>, estimator=HuberRegressor(), fold=KFold(n_splits=10, random_state=None, shuffle=False), round=4, cross_validation=False, predict=False, fit_kwargs={}, groups=None, refit=True, probability_threshold=None, experiment_custom_tags=None, verbose=False, system=False, add_to_model_list=True, metrics=None, display=None, model_only=True, return_train_score=False, error_score=0.0, kwargs={})
2026-09-17 14:00:00,067:INFO:Checking exceptions
2026-09-17 14:00:00,067:INFO:Importing libraries
2026-09-17 14:00:00,067:INFO:Copying training dataset
2026-09-17 14:00:00,070:INFO:Defining folds
2026-09-17 14:00:00,070:INFO:Declaring metric variables
2026-09-17 14:00:00,070:INFO:Importing untrained model
2026-09-17 14:00:00,070:INFO:Declaring custom model
2026-09-17 14:00:00,071:INFO:Huber Regressor Imported successfully
2026-09-17 14:00:00,071:INFO:Cross validation set to False
2026-09-17 14:00:00,071:INFO:Fitting Model
2026-09-17 14:00:00,116:WARNING:C:\Users\Putra\AppData\Local\Programs\Python\Python311\Lib\site-packages\sklearn\linear_model\_huber.py:342: ConvergenceWarning: lbfgs failed to converge (status=1):
STOP: TOTAL NO. of ITERATIONS REACHED LIMIT.

Increase the number of iterations (max_iter) or scale the data as shown in:
    https://scikit-learn.org/stable/modules/preprocessing.html
  self.n_iter_ = _check_optimize_result("lbfgs", opt_res, self.max_iter)

2026-09-17 14:00:00,117:INFO:HuberRegressor()
2026-09-17 14:00:00,117:INFO:create_model() successfully completed......................................
2026-09-17 14:00:00,180:INFO:Initializing create_model()
2026-09-17 14:00:00,180:INFO:create_model(self=<pycaret.regression.oop.RegressionExperiment object at 0x00000242BB6F9950>, estimator=PassiveAggressiveRegressor(random_state=1691), fold=KFold(n_splits=10, random_state=None, shuffle=False), round=4, cross_validation=False, predict=False, fit_kwargs={}, groups=None, refit=True, probability_threshold=None, experiment_custom_tags=None, verbose=False, system=False, add_to_model_list=True, metrics=None, display=None, model_only=True, return_train_score=False, error_score=0.0, kwargs={})
2026-09-17 14:00:00,180:INFO:Checking exceptions
2026-09-17 14:00:00,180:INFO:Importing libraries
2026-09-17 14:00:00,180:INFO:Copying training dataset
2026-09-17 14:00:00,184:INFO:Defining folds
2026-09-17 14:00:00,184:INFO:Declaring metric variables
2026-09-17 14:00:00,184:INFO:Importing untrained model
2026-09-17 14:00:00,184:INFO:Declaring custom model
2026-09-17 14:00:00,185:INFO:Passive Aggressive Regressor Imported successfully
2026-09-17 14:00:00,185:INFO:Cross validation set to False
2026-09-17 14:00:00,185:INFO:Fitting Model
2026-09-17 14:00:00,192:INFO:PassiveAggressiveRegressor(random_state=1691)
2026-09-17 14:00:00,192:INFO:create_model() successfully completed......................................
2026-09-17 14:00:00,252:INFO:Initializing create_model()
2026-09-17 14:00:00,252:INFO:create_model(self=<pycaret.regression.oop.RegressionExperiment object at 0x00000242BB6F9950>, estimator=ExtraTreesRegressor(n_jobs=-1, random_state=1691), fold=KFold(n_splits=10, random_state=None, shuffle=False), round=4, cross_validation=False, predict=False, fit_kwargs={}, groups=None, refit=True, probability_threshold=None, experiment_custom_tags=None, verbose=False, system=False, add_to_model_list=True, metrics=None, display=None, model_only=True, return_train_score=False, error_score=0.0, kwargs={})
2026-09-17 14:00:00,252:INFO:Checking exceptions
2026-09-17 14:00:00,253:INFO:Importing libraries
2026-09-17 14:00:00,253:INFO:Copying training dataset
2026-09-17 14:00:00,257:INFO:Defining folds
2026-09-17 14:00:00,257:INFO:Declaring metric variables
2026-09-17 14:00:00,257:INFO:Importing untrained model
2026-09-17 14:00:00,257:INFO:Declaring custom model
2026-09-17 14:00:00,258:INFO:Extra Trees Regressor Imported successfully
2026-09-17 14:00:00,258:INFO:Cross validation set to False
2026-09-17 14:00:00,258:INFO:Fitting Model
2026-09-17 14:00:00,345:INFO:ExtraTreesRegressor(n_jobs=-1, random_state=1691)
2026-09-17 14:00:00,345:INFO:create_model() successfully completed......................................
2026-09-17 14:00:00,401:INFO:Initializing create_model()
2026-09-17 14:00:00,401:INFO:create_model(self=<pycaret.regression.oop.RegressionExperiment object at 0x00000242BB6F9950>, estimator=AdaBoostRegressor(random_state=1691), fold=KFold(n_splits=10, random_state=None, shuffle=False), round=4, cross_validation=False, predict=False, fit_kwargs={}, groups=None, refit=True, probability_threshold=None, experiment_custom_tags=None, verbose=False, system=False, add_to_model_list=True, metrics=None, display=None, model_only=True, return_train_score=False, error_score=0.0, kwargs={})
2026-09-17 14:00:00,401:INFO:Checking exceptions
2026-09-17 14:00:00,402:INFO:Importing libraries
2026-09-17 14:00:00,402:INFO:Copying training dataset
2026-09-17 14:00:00,406:INFO:Defining folds
2026-09-17 14:00:00,406:INFO:Declaring metric variables
2026-09-17 14:00:00,406:INFO:Importing untrained model
2026-09-17 14:00:00,406:INFO:Declaring custom model
2026-09-17 14:00:00,406:INFO:AdaBoost Regressor Imported successfully
2026-09-17 14:00:00,406:INFO:Cross validation set to False
2026-09-17 14:00:00,407:INFO:Fitting Model
2026-09-17 14:00:00,482:INFO:AdaBoostRegressor(random_state=1691)
2026-09-17 14:00:00,482:INFO:create_model() successfully completed......................................
2026-09-17 14:00:00,542:INFO:Initializing create_model()
2026-09-17 14:00:00,542:INFO:create_model(self=<pycaret.regression.oop.RegressionExperiment object at 0x00000242BB6F9950>, estimator=RandomForestRegressor(n_jobs=-1, random_state=1691), fold=KFold(n_splits=10, random_state=None, shuffle=False), round=4, cross_validation=False, predict=False, fit_kwargs={}, groups=None, refit=True, probability_threshold=None, experiment_custom_tags=None, verbose=False, system=False, add_to_model_list=True, metrics=None, display=None, model_only=True, return_train_score=False, error_score=0.0, kwargs={})
2026-09-17 14:00:00,543:INFO:Checking exceptions
2026-09-17 14:00:00,543:INFO:Importing libraries
2026-09-17 14:00:00,543:INFO:Copying training dataset
2026-09-17 14:00:00,547:INFO:Defining folds
2026-09-17 14:00:00,547:INFO:Declaring metric variables
2026-09-17 14:00:00,547:INFO:Importing untrained model
2026-09-17 14:00:00,547:INFO:Declaring custom model
2026-09-17 14:00:00,547:INFO:Random Forest Regressor Imported successfully
2026-09-17 14:00:00,549:INFO:Cross validation set to False
2026-09-17 14:00:00,549:INFO:Fitting Model
2026-09-17 14:00:00,659:INFO:RandomForestRegressor(n_jobs=-1, random_state=1691)
2026-09-17 14:00:00,659:INFO:create_model() successfully completed......................................
2026-09-17 14:00:00,719:INFO:Initializing create_model()
2026-09-17 14:00:00,719:INFO:create_model(self=<pycaret.regression.oop.RegressionExperiment object at 0x00000242BB6F9950>, estimator=Ridge(random_state=1691), fold=KFold(n_splits=10, random_state=None, shuffle=False), round=4, cross_validation=False, predict=False, fit_kwargs={}, groups=None, refit=True, probability_threshold=None, experiment_custom_tags=None, verbose=False, system=False, add_to_model_list=True, metrics=None, display=None, model_only=True, return_train_score=False, error_score=0.0, kwargs={})
2026-09-17 14:00:00,719:INFO:Checking exceptions
2026-09-17 14:00:00,719:INFO:Importing libraries
2026-09-17 14:00:00,719:INFO:Copying training dataset
2026-09-17 14:00:00,722:INFO:Defining folds
2026-09-17 14:00:00,723:INFO:Declaring metric variables
2026-09-17 14:00:00,723:INFO:Importing untrained model
2026-09-17 14:00:00,723:INFO:Declaring custom model
2026-09-17 14:00:00,723:INFO:Ridge Regression Imported successfully
2026-09-17 14:00:00,724:INFO:Cross validation set to False
2026-09-17 14:00:00,724:INFO:Fitting Model
2026-09-17 14:00:00,730:INFO:Ridge(random_state=1691)
2026-09-17 14:00:00,730:INFO:create_model() successfully completed......................................
2026-09-17 14:00:00,793:INFO:Initializing create_model()
2026-09-17 14:00:00,793:INFO:create_model(self=<pycaret.regression.oop.RegressionExperiment object at 0x00000242BB6F9950>, estimator=GradientBoostingRegressor(random_state=1691), fold=KFold(n_splits=10, random_state=None, shuffle=False), round=4, cross_validation=False, predict=False, fit_kwargs={}, groups=None, refit=True, probability_threshold=None, experiment_custom_tags=None, verbose=False, system=False, add_to_model_list=True, metrics=None, display=None, model_only=True, return_train_score=False, error_score=0.0, kwargs={})
2026-09-17 14:00:00,793:INFO:Checking exceptions
2026-09-17 14:00:00,794:INFO:Importing libraries
2026-09-17 14:00:00,794:INFO:Copying training dataset
2026-09-17 14:00:00,798:INFO:Defining folds
2026-09-17 14:00:00,798:INFO:Declaring metric variables
2026-09-17 14:00:00,798:INFO:Importing untrained model
2026-09-17 14:00:00,798:INFO:Declaring custom model
2026-09-17 14:00:00,799:INFO:Gradient Boosting Regressor Imported successfully
2026-09-17 14:00:00,800:INFO:Cross validation set to False
2026-09-17 14:00:00,800:INFO:Fitting Model
2026-09-17 14:00:00,894:INFO:GradientBoostingRegressor(random_state=1691)
2026-09-17 14:00:00,894:INFO:create_model() successfully completed......................................
2026-09-17 14:00:00,949:INFO:Initializing create_model()
2026-09-17 14:00:00,949:INFO:create_model(self=<pycaret.regression.oop.RegressionExperiment object at 0x00000242BB6F9950>, estimator=KNeighborsRegressor(n_jobs=-1), fold=KFold(n_splits=10, random_state=None, shuffle=False), round=4, cross_validation=False, predict=False, fit_kwargs={}, groups=None, refit=True, probability_threshold=None, experiment_custom_tags=None, verbose=False, system=False, add_to_model_list=True, metrics=None, display=None, model_only=True, return_train_score=False, error_score=0.0, kwargs={})
2026-09-17 14:00:00,949:INFO:Checking exceptions
2026-09-17 14:00:00,950:INFO:Importing libraries
2026-09-17 14:00:00,950:INFO:Copying training dataset
2026-09-17 14:00:00,953:INFO:Defining folds
2026-09-17 14:00:00,953:INFO:Declaring metric variables
2026-09-17 14:00:00,953:INFO:Importing untrained model
2026-09-17 14:00:00,953:INFO:Declaring custom model
2026-09-17 14:00:00,953:INFO:K Neighbors Regressor Imported successfully
2026-09-17 14:00:00,954:INFO:Cross validation set to False
2026-09-17 14:00:00,954:INFO:Fitting Model
2026-09-17 14:00:00,960:INFO:KNeighborsRegressor(n_jobs=-1)
2026-09-17 14:00:00,960:INFO:create_model() successfully completed......................................
2026-09-17 14:00:01,032:INFO:_master_model_container: 18
2026-09-17 14:00:01,032:INFO:_display_container: 2
2026-09-17 14:00:01,035:INFO:[BayesianRidge(), LinearRegression(n_jobs=-1), HuberRegressor(), PassiveAggressiveRegressor(random_state=1691), ExtraTreesRegressor(n_jobs=-1, random_state=1691), AdaBoostRegressor(random_state=1691), RandomForestRegressor(n_jobs=-1, random_state=1691), Ridge(random_state=1691), GradientBoostingRegressor(random_state=1691), KNeighborsRegressor(n_jobs=-1)]
2026-09-17 14:00:01,035:INFO:compare_models() successfully completed......................................
2026-09-17 16:05:15,234:WARNING:
'cuml' is a soft dependency and not included in the pycaret installation. Please run: `pip install cuml` to install.
2026-09-17 16:05:15,234:WARNING:
'cuml' is a soft dependency and not included in the pycaret installation. Please run: `pip install cuml` to install.
2026-09-17 16:05:15,234:WARNING:
'cuml' is a soft dependency and not included in the pycaret installation. Please run: `pip install cuml` to install.
2026-09-17 16:05:15,234:WARNING:
'cuml' is a soft dependency and not included in the pycaret installation. Please run: `pip install cuml` to install.
2026-09-17 16:05:15,793:INFO:PyCaret ClassificationExperiment
2026-09-17 16:05:15,794:INFO:Logging name: clf-default-name
2026-09-17 16:05:15,794:INFO:ML Usecase: MLUsecase.CLASSIFICATION
2026-09-17 16:05:15,794:INFO:version 3.3.2
2026-09-17 16:05:15,794:INFO:Initializing setup()
2026-09-17 16:05:15,794:INFO:self.USI: a4eb
2026-09-17 16:05:15,794:INFO:self._variable_keys: {'memory', 'y', 'y_test', 'fix_imbalance', 'log_plots_param', 'gpu_param', 'logging_param', 'X_train', 'is_multiclass', 'X', 'exp_id', 'pipeline', 'fold_generator', 'fold_shuffle_param', 'n_jobs_param', 'idx', 'target_param', 'fold_groups_param', 'X_test', 'data', 'y_train', '_ml_usecase', 'seed', '_available_plots', 'gpu_n_jobs_param', 'USI', 'html_param', 'exp_name_log'}
2026-09-17 16:05:15,794:INFO:Checking environment
2026-09-17 16:05:15,794:INFO:python_version: 3.11.0
2026-09-17 16:05:15,794:INFO:python_build: ('main', 'Oct 24 2022 18:26:48')
2026-09-17 16:05:15,794:INFO:machine: AMD64
2026-09-17 16:05:15,808:INFO:platform: Windows-10-10.0.26200-SP0
2026-09-17 16:05:15,810:INFO:Memory: svmem(total=16869548032, available=2185850880, percent=87.0, used=14683697152, free=2185850880)
2026-09-17 16:05:15,810:INFO:Physical Core: 14
2026-09-17 16:05:15,810:INFO:Logical Core: 20
2026-09-17 16:05:15,810:INFO:Checking libraries
2026-09-17 16:05:15,810:INFO:System:
2026-09-17 16:05:15,810:INFO:    python: 3.11.0 (main, Oct 24 2022, 18:26:48) [MSC v.1933 64 bit (AMD64)]
2026-09-17 16:05:15,810:INFO:executable: C:\Users\Putra\AppData\Local\Programs\Python\Python311\python.exe
2026-09-17 16:05:15,810:INFO:   machine: Windows-10-10.0.26200-SP0
2026-09-17 16:05:15,810:INFO:PyCaret required dependencies:
2026-09-17 16:05:15,811:WARNING:C:\Users\Putra\AppData\Local\Programs\Python\Python311\Lib\site-packages\_distutils_hack\__init__.py:33: UserWarning: Setuptools is replacing distutils.
  warnings.warn("Setuptools is replacing distutils.")

2026-09-17 16:05:15,825:INFO:                 pip: 26.2.1
2026-09-17 16:05:15,825:INFO:          setuptools: 65.5.0
2026-09-17 16:05:15,825:INFO:             pycaret: 3.3.2
2026-09-17 16:05:15,825:INFO:             IPython: 9.17.1
2026-09-17 16:05:15,825:INFO:          ipywidgets: 8.1.9
2026-09-17 16:05:15,825:INFO:                tqdm: 4.70.1
2026-09-17 16:05:15,825:INFO:               numpy: 1.26.4
2026-09-17 16:05:15,825:INFO:              pandas: 2.1.4
2026-09-17 16:05:15,825:INFO:              jinja2: 3.1.6
2026-09-17 16:05:15,825:INFO:               scipy: 1.11.4
2026-09-17 16:05:15,825:INFO:              joblib: 1.3.2
2026-09-17 16:05:15,825:INFO:             sklearn: 1.4.2
2026-09-17 16:05:15,825:INFO:                pyod: 3.4.0
2026-09-17 16:05:15,825:INFO:            imblearn: 0.14.2
2026-09-17 16:05:15,825:INFO:   category_encoders: 2.7.0
2026-09-17 16:05:15,825:INFO:            lightgbm: 4.7.0
2026-09-17 16:05:15,825:INFO:               numba: 0.67.0
2026-09-17 16:05:15,825:INFO:            requests: 2.34.2
2026-09-17 16:05:15,826:INFO:          matplotlib: 3.7.5
2026-09-17 16:05:15,826:INFO:          scikitplot: 0.3.7
2026-09-17 16:05:15,826:INFO:         yellowbrick: 1.5
2026-09-17 16:05:15,826:INFO:              plotly: 6.9.0
2026-09-17 16:05:15,826:INFO:    plotly-resampler: Not installed
2026-09-17 16:05:15,826:INFO:             kaleido: 1.4.0
2026-09-17 16:05:15,826:INFO:           schemdraw: 0.15
2026-09-17 16:05:15,826:INFO:         statsmodels: 0.15.0
2026-09-17 16:05:15,826:INFO:              sktime: 0.26.0
2026-09-17 16:05:15,826:INFO:               tbats: 1.1.3
2026-09-17 16:05:15,826:INFO:            pmdarima: 2.0.4
2026-09-17 16:05:15,826:INFO:              psutil: 7.2.2
2026-09-17 16:05:15,826:INFO:          markupsafe: 3.0.3
2026-09-17 16:05:15,826:INFO:             pickle5: Not installed
2026-09-17 16:05:15,826:INFO:         cloudpickle: 3.1.2
2026-09-17 16:05:15,826:INFO:         deprecation: 2.1.0
2026-09-17 16:05:15,826:INFO:              xxhash: 4.0.1
2026-09-17 16:05:15,826:INFO:           wurlitzer: Not installed
2026-09-17 16:05:15,826:INFO:PyCaret optional dependencies:
2026-09-17 16:05:15,848:INFO:                shap: Not installed
2026-09-17 16:05:15,848:INFO:           interpret: Not installed
2026-09-17 16:05:15,848:INFO:                umap: Not installed
2026-09-17 16:05:15,848:INFO:     ydata_profiling: Not installed
2026-09-17 16:05:15,848:INFO:  explainerdashboard: Not installed
2026-09-17 16:05:15,848:INFO:             autoviz: Not installed
2026-09-17 16:05:15,848:INFO:           fairlearn: Not installed
2026-09-17 16:05:15,848:INFO:          deepchecks: Not installed
2026-09-17 16:05:15,848:INFO:             xgboost: 2.1.4
2026-09-17 16:05:15,848:INFO:            catboost: Not installed
2026-09-17 16:05:15,848:INFO:              kmodes: Not installed
2026-09-17 16:05:15,848:INFO:             mlxtend: Not installed
2026-09-17 16:05:15,848:INFO:       statsforecast: Not installed
2026-09-17 16:05:15,848:INFO:        tune_sklearn: Not installed
2026-09-17 16:05:15,848:INFO:                 ray: Not installed
2026-09-17 16:05:15,848:INFO:            hyperopt: Not installed
2026-09-17 16:05:15,848:INFO:              optuna: Not installed
2026-09-17 16:05:15,848:INFO:               skopt: Not installed
2026-09-17 16:05:15,848:INFO:              mlflow: Not installed
2026-09-17 16:05:15,848:INFO:              gradio: Not installed
2026-09-17 16:05:15,848:INFO:             fastapi: Not installed
2026-09-17 16:05:15,848:INFO:             uvicorn: Not installed
2026-09-17 16:05:15,848:INFO:              m2cgen: Not installed
2026-09-17 16:05:15,848:INFO:           evidently: Not installed
2026-09-17 16:05:15,848:INFO:               fugue: Not installed
2026-09-17 16:05:15,848:INFO:           streamlit: Not installed
2026-09-17 16:05:15,848:INFO:             prophet: Not installed
2026-09-17 16:05:15,848:INFO:None
2026-09-17 16:05:15,848:INFO:Set up data.
2026-09-17 16:05:15,851:INFO:Set up folding strategy.
2026-09-17 16:05:15,851:INFO:Set up train/test split.
2026-09-17 16:05:15,856:INFO:Set up index.
2026-09-17 16:05:15,858:INFO:Assigning column types.
2026-09-17 16:05:15,859:INFO:Engine successfully changes for model 'lr' to 'sklearn'.
2026-09-17 16:05:15,881:INFO:Engine for model 'knn' has not been set explicitly, hence returning None.
2026-09-17 16:05:15,885:INFO:Engine for model 'rbfsvm' has not been set explicitly, hence returning None.
2026-09-17 16:05:15,903:INFO:Soft dependency imported: xgboost: 2.1.4
2026-09-17 16:05:15,905:WARNING:
'catboost' is a soft dependency and not included in the pycaret installation. Please run: `pip install catboost` to install.
Alternately, you can install this by running `pip install pycaret[models]`
2026-09-17 16:05:15,927:INFO:Engine for model 'knn' has not been set explicitly, hence returning None.
2026-09-17 16:05:15,928:INFO:Engine for model 'rbfsvm' has not been set explicitly, hence returning None.
2026-09-17 16:05:15,942:INFO:Soft dependency imported: xgboost: 2.1.4
2026-09-17 16:05:15,943:WARNING:
'catboost' is a soft dependency and not included in the pycaret installation. Please run: `pip install catboost` to install.
Alternately, you can install this by running `pip install pycaret[models]`
2026-09-17 16:05:15,943:INFO:Engine successfully changes for model 'knn' to 'sklearn'.
2026-09-17 16:05:15,965:INFO:Engine for model 'rbfsvm' has not been set explicitly, hence returning None.
2026-09-17 16:05:15,980:INFO:Soft dependency imported: xgboost: 2.1.4
2026-09-17 16:05:15,980:WARNING:
'catboost' is a soft dependency and not included in the pycaret installation. Please run: `pip install catboost` to install.
Alternately, you can install this by running `pip install pycaret[models]`
2026-09-17 16:05:16,003:INFO:Engine for model 'rbfsvm' has not been set explicitly, hence returning None.
2026-09-17 16:05:16,017:INFO:Soft dependency imported: xgboost: 2.1.4
2026-09-17 16:05:16,018:WARNING:
'catboost' is a soft dependency and not included in the pycaret installation. Please run: `pip install catboost` to install.
Alternately, you can install this by running `pip install pycaret[models]`
2026-09-17 16:05:16,018:INFO:Engine successfully changes for model 'rbfsvm' to 'sklearn'.
2026-09-17 16:05:16,055:INFO:Soft dependency imported: xgboost: 2.1.4
2026-09-17 16:05:16,056:WARNING:
'catboost' is a soft dependency and not included in the pycaret installation. Please run: `pip install catboost` to install.
Alternately, you can install this by running `pip install pycaret[models]`
2026-09-17 16:05:16,093:INFO:Soft dependency imported: xgboost: 2.1.4
2026-09-17 16:05:16,094:WARNING:
'catboost' is a soft dependency and not included in the pycaret installation. Please run: `pip install catboost` to install.
Alternately, you can install this by running `pip install pycaret[models]`
2026-09-17 16:05:16,096:INFO:Preparing preprocessing pipeline...
2026-09-17 16:05:16,097:INFO:Set up simple imputation.
2026-09-17 16:05:16,097:INFO:Set up column name cleaning.
2026-09-17 16:05:16,109:INFO:Finished creating preprocessing pipeline.
2026-09-17 16:05:16,112:INFO:Pipeline: Pipeline(memory=FastMemory(location=C:\Users\Putra\AppData\Local\Temp\joblib),
         steps=[('numerical_imputer',
                 TransformerWrapper(exclude=None,
                                    include=['sepal length (cm)',
                                             'sepal width (cm)',
                                             'petal length (cm)',
                                             'petal width (cm)'],
                                    transformer=SimpleImputer(add_indicator=False,
                                                              copy=True,
                                                              fill_value=None,
                                                              keep_empty_features=False,
                                                              missing_values=nan,
                                                              strategy='mean'...
                ('categorical_imputer',
                 TransformerWrapper(exclude=None, include=[],
                                    transformer=SimpleImputer(add_indicator=False,
                                                              copy=True,
                                                              fill_value=None,
                                                              keep_empty_features=False,
                                                              missing_values=nan,
                                                              strategy='most_frequent'))),
                ('clean_column_names',
                 TransformerWrapper(exclude=None, include=None,
                                    transformer=CleanColumnNames(match='[\\]\\[\\,\\{\\}\\"\\:]+')))],
         verbose=False)
2026-09-17 16:05:16,112:INFO:Creating final display dataframe.
2026-09-17 16:05:16,147:INFO:Setup _display_container:                     Description             Value
0                    Session id              2955
1                        Target            Target
2                   Target type        Multiclass
3           Original data shape          (150, 5)
4        Transformed data shape          (150, 5)
5   Transformed train set shape          (105, 5)
6    Transformed test set shape           (45, 5)
7              Numeric features                 4
8                    Preprocess              True
9               Imputation type            simple
10           Numeric imputation              mean
11       Categorical imputation              mode
12               Fold Generator   StratifiedKFold
13                  Fold Number                10
14                     CPU Jobs                -1
15                      Use GPU             False
16               Log Experiment             False
17              Experiment Name  clf-default-name
18                          USI              a4eb
2026-09-17 16:05:16,187:INFO:Soft dependency imported: xgboost: 2.1.4
2026-09-17 16:05:16,188:WARNING:
'catboost' is a soft dependency and not included in the pycaret installation. Please run: `pip install catboost` to install.
Alternately, you can install this by running `pip install pycaret[models]`
2026-09-17 16:05:16,224:INFO:Soft dependency imported: xgboost: 2.1.4
2026-09-17 16:05:16,226:WARNING:
'catboost' is a soft dependency and not included in the pycaret installation. Please run: `pip install catboost` to install.
Alternately, you can install this by running `pip install pycaret[models]`
2026-09-17 16:05:16,226:INFO:setup() successfully completed in 0.44s...............
2026-09-17 16:05:16,226:INFO:Initializing compare_models()
2026-09-17 16:05:16,226:INFO:compare_models(self=<pycaret.classification.oop.ClassificationExperiment object at 0x0000023D51878B10>, include=None, exclude=None, fold=None, round=4, cross_validation=True, sort=Accuracy, n_select=1, budget_time=None, turbo=True, errors=ignore, fit_kwargs=None, groups=None, experiment_custom_tags=None, probability_threshold=None, verbose=True, parallel=None, caller_params={'self': <pycaret.classification.oop.ClassificationExperiment object at 0x0000023D51878B10>, 'include': None, 'exclude': None, 'fold': None, 'round': 4, 'cross_validation': True, 'sort': 'Accuracy', 'n_select': 1, 'budget_time': None, 'turbo': True, 'errors': 'ignore', 'fit_kwargs': None, 'groups': None, 'experiment_custom_tags': None, 'probability_threshold': None, 'engine': None, 'verbose': True, 'parallel': None, '__class__': <class 'pycaret.classification.oop.ClassificationExperiment'>})
2026-09-17 16:05:16,226:INFO:Checking exceptions
2026-09-17 16:05:16,231:INFO:Preparing display monitor
2026-09-17 16:05:16,235:INFO:Initializing Logistic Regression
2026-09-17 16:05:16,235:INFO:Total runtime is 0.0 minutes
2026-09-17 16:05:16,235:INFO:SubProcess create_model() called ==================================
2026-09-17 16:05:16,235:INFO:Initializing create_model()
2026-09-17 16:05:16,235:INFO:create_model(self=<pycaret.classification.oop.ClassificationExperiment object at 0x0000023D51878B10>, estimator=lr, fold=StratifiedKFold(n_splits=10, random_state=None, shuffle=False), round=4, cross_validation=True, predict=True, fit_kwargs={}, groups=None, refit=False, probability_threshold=None, experiment_custom_tags=None, verbose=False, system=False, add_to_model_list=True, metrics=None, display=<pycaret.internal.display.display.CommonDisplay object at 0x0000023D5938BD10>, model_only=True, return_train_score=False, error_score=0.0, kwargs={})
2026-09-17 16:05:16,235:INFO:Checking exceptions
2026-09-17 16:05:16,235:INFO:Importing libraries
2026-09-17 16:05:16,235:INFO:Copying training dataset
2026-09-17 16:05:16,237:INFO:Defining folds
2026-09-17 16:05:16,237:INFO:Declaring metric variables
2026-09-17 16:05:16,237:INFO:Importing untrained model
2026-09-17 16:05:16,238:INFO:Logistic Regression Imported successfully
2026-09-17 16:05:16,238:INFO:Starting cross validation
2026-09-17 16:05:16,238:INFO:Cross validating with StratifiedKFold(n_splits=10, random_state=None, shuffle=False), n_jobs=-1
2026-09-17 16:05:19,744:WARNING:C:\Users\Putra\AppData\Local\Programs\Python\Python311\Lib\site-packages\_distutils_hack\__init__.py:33: UserWarning: Setuptools is replacing distutils.
  warnings.warn("Setuptools is replacing distutils.")

2026-09-17 16:05:19,744:WARNING:C:\Users\Putra\AppData\Local\Programs\Python\Python311\Lib\site-packages\_distutils_hack\__init__.py:33: UserWarning: Setuptools is replacing distutils.
  warnings.warn("Setuptools is replacing distutils.")

2026-09-17 16:05:19,781:WARNING:C:\Users\Putra\AppData\Local\Programs\Python\Python311\Lib\site-packages\_distutils_hack\__init__.py:33: UserWarning: Setuptools is replacing distutils.
  warnings.warn("Setuptools is replacing distutils.")

2026-09-17 16:05:19,782:WARNING:C:\Users\Putra\AppData\Local\Programs\Python\Python311\Lib\site-packages\_distutils_hack\__init__.py:33: UserWarning: Setuptools is replacing distutils.
  warnings.warn("Setuptools is replacing distutils.")

2026-09-17 16:05:19,793:WARNING:C:\Users\Putra\AppData\Local\Programs\Python\Python311\Lib\site-packages\_distutils_hack\__init__.py:33: UserWarning: Setuptools is replacing distutils.
  warnings.warn("Setuptools is replacing distutils.")

2026-09-17 16:05:19,793:WARNING:C:\Users\Putra\AppData\Local\Programs\Python\Python311\Lib\site-packages\_distutils_hack\__init__.py:33: UserWarning: Setuptools is replacing distutils.
  warnings.warn("Setuptools is replacing distutils.")

2026-09-17 16:05:19,793:WARNING:C:\Users\Putra\AppData\Local\Programs\Python\Python311\Lib\site-packages\_distutils_hack\__init__.py:33: UserWarning: Setuptools is replacing distutils.
  warnings.warn("Setuptools is replacing distutils.")

2026-09-17 16:05:19,795:WARNING:C:\Users\Putra\AppData\Local\Programs\Python\Python311\Lib\site-packages\_distutils_hack\__init__.py:33: UserWarning: Setuptools is replacing distutils.
  warnings.warn("Setuptools is replacing distutils.")

2026-09-17 16:05:19,806:WARNING:C:\Users\Putra\AppData\Local\Programs\Python\Python311\Lib\site-packages\_distutils_hack\__init__.py:33: UserWarning: Setuptools is replacing distutils.
  warnings.warn("Setuptools is replacing distutils.")

2026-09-17 16:05:20,356:WARNING:C:\Users\Putra\AppData\Local\Programs\Python\Python311\Lib\site-packages\pycaret\internal\metrics.py:204: FitFailedWarning: Metric 'make_scorer(roc_auc_score, response_method=('decision_function', 'predict_proba'), average=weighted, multi_class=ovr)' failed and error score 0.0 has been returned instead. If this is a custom metric, this usually means that the error is in the metric code. Full exception below:
Traceback (most recent call last):
  File "C:\Users\Putra\AppData\Local\Programs\Python\Python311\Lib\site-packages\pycaret\internal\metrics.py", line 196, in _score
    return super()._score(
           ^^^^^^^^^^^^^^^
  File "C:\Users\Putra\AppData\Local\Programs\Python\Python311\Lib\site-packages\sklearn\metrics\_scorer.py", line 350, in _score
    return self._sign * self._score_func(y_true, y_pred, **scoring_kwargs)
                        ^^^^^^^^^^^^^^^^^^^^^^^^^^^^^^^^^^^^^^^^^^^^^^^^^^
  File "C:\Users\Putra\AppData\Local\Programs\Python\Python311\Lib\site-packages\pycaret\internal\metrics.py", line 144, in __call__
    return self.score_func(y_true, y_pred, **kwargs)
           ^^^^^^^^^^^^^^^^^^^^^^^^^^^^^^^^^^^^^^^^^
  File "C:\Users\Putra\AppData\Local\Programs\Python\Python311\Lib\site-packages\sklearn\utils\_param_validation.py", line 213, in wrapper
    return func(*args, **kwargs)
           ^^^^^^^^^^^^^^^^^^^^^
  File "C:\Users\Putra\AppData\Local\Programs\Python\Python311\Lib\site-packages\sklearn\metrics\_ranking.py", line 634, in roc_auc_score
    return _multiclass_roc_auc_score(
           ^^^^^^^^^^^^^^^^^^^^^^^^^^
  File "C:\Users\Putra\AppData\Local\Programs\Python\Python311\Lib\site-packages\sklearn\metrics\_ranking.py", line 707, in _multiclass_roc_auc_score
    raise ValueError(
ValueError: Target scores need to be probabilities for multiclass roc_auc, i.e. they should sum up to 1.0 over classes

  warnings.warn(

2026-09-17 16:05:20,377:WARNING:C:\Users\Putra\AppData\Local\Programs\Python\Python311\Lib\site-packages\pycaret\internal\metrics.py:204: FitFailedWarning: Metric 'make_scorer(roc_auc_score, response_method=('decision_function', 'predict_proba'), average=weighted, multi_class=ovr)' failed and error score 0.0 has been returned instead. If this is a custom metric, this usually means that the error is in the metric code. Full exception below:
Traceback (most recent call last):
  File "C:\Users\Putra\AppData\Local\Programs\Python\Python311\Lib\site-packages\pycaret\internal\metrics.py", line 196, in _score
    return super()._score(
           ^^^^^^^^^^^^^^^
  File "C:\Users\Putra\AppData\Local\Programs\Python\Python311\Lib\site-packages\sklearn\metrics\_scorer.py", line 350, in _score
    return self._sign * self._score_func(y_true, y_pred, **scoring_kwargs)
                        ^^^^^^^^^^^^^^^^^^^^^^^^^^^^^^^^^^^^^^^^^^^^^^^^^^
  File "C:\Users\Putra\AppData\Local\Programs\Python\Python311\Lib\site-packages\pycaret\internal\metrics.py", line 144, in __call__
    return self.score_func(y_true, y_pred, **kwargs)
           ^^^^^^^^^^^^^^^^^^^^^^^^^^^^^^^^^^^^^^^^^
  File "C:\Users\Putra\AppData\Local\Programs\Python\Python311\Lib\site-packages\sklearn\utils\_param_validation.py", line 213, in wrapper
    return func(*args, **kwargs)
           ^^^^^^^^^^^^^^^^^^^^^
  File "C:\Users\Putra\AppData\Local\Programs\Python\Python311\Lib\site-packages\sklearn\metrics\_ranking.py", line 634, in roc_auc_score
    return _multiclass_roc_auc_score(
           ^^^^^^^^^^^^^^^^^^^^^^^^^^
  File "C:\Users\Putra\AppData\Local\Programs\Python\Python311\Lib\site-packages\sklearn\metrics\_ranking.py", line 707, in _multiclass_roc_auc_score
    raise ValueError(
ValueError: Target scores need to be probabilities for multiclass roc_auc, i.e. they should sum up to 1.0 over classes

  warnings.warn(

2026-09-17 16:05:20,404:WARNING:C:\Users\Putra\AppData\Local\Programs\Python\Python311\Lib\site-packages\pycaret\internal\metrics.py:204: FitFailedWarning: Metric 'make_scorer(roc_auc_score, response_method=('decision_function', 'predict_proba'), average=weighted, multi_class=ovr)' failed and error score 0.0 has been returned instead. If this is a custom metric, this usually means that the error is in the metric code. Full exception below:
Traceback (most recent call last):
  File "C:\Users\Putra\AppData\Local\Programs\Python\Python311\Lib\site-packages\pycaret\internal\metrics.py", line 196, in _score
    return super()._score(
           ^^^^^^^^^^^^^^^
  File "C:\Users\Putra\AppData\Local\Programs\Python\Python311\Lib\site-packages\sklearn\metrics\_scorer.py", line 350, in _score
    return self._sign * self._score_func(y_true, y_pred, **scoring_kwargs)
                        ^^^^^^^^^^^^^^^^^^^^^^^^^^^^^^^^^^^^^^^^^^^^^^^^^^
  File "C:\Users\Putra\AppData\Local\Programs\Python\Python311\Lib\site-packages\pycaret\internal\metrics.py", line 144, in __call__
    return self.score_func(y_true, y_pred, **kwargs)
           ^^^^^^^^^^^^^^^^^^^^^^^^^^^^^^^^^^^^^^^^^
  File "C:\Users\Putra\AppData\Local\Programs\Python\Python311\Lib\site-packages\sklearn\utils\_param_validation.py", line 213, in wrapper
    return func(*args, **kwargs)
           ^^^^^^^^^^^^^^^^^^^^^
  File "C:\Users\Putra\AppData\Local\Programs\Python\Python311\Lib\site-packages\sklearn\metrics\_ranking.py", line 634, in roc_auc_score
    return _multiclass_roc_auc_score(
           ^^^^^^^^^^^^^^^^^^^^^^^^^^
  File "C:\Users\Putra\AppData\Local\Programs\Python\Python311\Lib\site-packages\sklearn\metrics\_ranking.py", line 707, in _multiclass_roc_auc_score
    raise ValueError(
ValueError: Target scores need to be probabilities for multiclass roc_auc, i.e. they should sum up to 1.0 over classes

  warnings.warn(

2026-09-17 16:05:20,409:WARNING:C:\Users\Putra\AppData\Local\Programs\Python\Python311\Lib\site-packages\pycaret\internal\metrics.py:204: FitFailedWarning: Metric 'make_scorer(roc_auc_score, response_method=('decision_function', 'predict_proba'), average=weighted, multi_class=ovr)' failed and error score 0.0 has been returned instead. If this is a custom metric, this usually means that the error is in the metric code. Full exception below:
Traceback (most recent call last):
  File "C:\Users\Putra\AppData\Local\Programs\Python\Python311\Lib\site-packages\pycaret\internal\metrics.py", line 196, in _score
    return super()._score(
           ^^^^^^^^^^^^^^^
  File "C:\Users\Putra\AppData\Local\Programs\Python\Python311\Lib\site-packages\sklearn\metrics\_scorer.py", line 350, in _score
    return self._sign * self._score_func(y_true, y_pred, **scoring_kwargs)
                        ^^^^^^^^^^^^^^^^^^^^^^^^^^^^^^^^^^^^^^^^^^^^^^^^^^
  File "C:\Users\Putra\AppData\Local\Programs\Python\Python311\Lib\site-packages\pycaret\internal\metrics.py", line 144, in __call__
    return self.score_func(y_true, y_pred, **kwargs)
           ^^^^^^^^^^^^^^^^^^^^^^^^^^^^^^^^^^^^^^^^^
  File "C:\Users\Putra\AppData\Local\Programs\Python\Python311\Lib\site-packages\sklearn\utils\_param_validation.py", line 213, in wrapper
    return func(*args, **kwargs)
           ^^^^^^^^^^^^^^^^^^^^^
  File "C:\Users\Putra\AppData\Local\Programs\Python\Python311\Lib\site-packages\sklearn\metrics\_ranking.py", line 634, in roc_auc_score
    return _multiclass_roc_auc_score(
           ^^^^^^^^^^^^^^^^^^^^^^^^^^
  File "C:\Users\Putra\AppData\Local\Programs\Python\Python311\Lib\site-packages\sklearn\metrics\_ranking.py", line 707, in _multiclass_roc_auc_score
    raise ValueError(
ValueError: Target scores need to be probabilities for multiclass roc_auc, i.e. they should sum up to 1.0 over classes

  warnings.warn(

2026-09-17 16:05:20,418:WARNING:C:\Users\Putra\AppData\Local\Programs\Python\Python311\Lib\site-packages\pycaret\internal\metrics.py:204: FitFailedWarning: Metric 'make_scorer(roc_auc_score, response_method=('decision_function', 'predict_proba'), average=weighted, multi_class=ovr)' failed and error score 0.0 has been returned instead. If this is a custom metric, this usually means that the error is in the metric code. Full exception below:
Traceback (most recent call last):
  File "C:\Users\Putra\AppData\Local\Programs\Python\Python311\Lib\site-packages\pycaret\internal\metrics.py", line 196, in _score
    return super()._score(
           ^^^^^^^^^^^^^^^
  File "C:\Users\Putra\AppData\Local\Programs\Python\Python311\Lib\site-packages\sklearn\metrics\_scorer.py", line 350, in _score
    return self._sign * self._score_func(y_true, y_pred, **scoring_kwargs)
                        ^^^^^^^^^^^^^^^^^^^^^^^^^^^^^^^^^^^^^^^^^^^^^^^^^^
  File "C:\Users\Putra\AppData\Local\Programs\Python\Python311\Lib\site-packages\pycaret\internal\metrics.py", line 144, in __call__
    return self.score_func(y_true, y_pred, **kwargs)
           ^^^^^^^^^^^^^^^^^^^^^^^^^^^^^^^^^^^^^^^^^
  File "C:\Users\Putra\AppData\Local\Programs\Python\Python311\Lib\site-packages\sklearn\utils\_param_validation.py", line 213, in wrapper
    return func(*args, **kwargs)
           ^^^^^^^^^^^^^^^^^^^^^
  File "C:\Users\Putra\AppData\Local\Programs\Python\Python311\Lib\site-packages\sklearn\metrics\_ranking.py", line 634, in roc_auc_score
    return _multiclass_roc_auc_score(
           ^^^^^^^^^^^^^^^^^^^^^^^^^^
  File "C:\Users\Putra\AppData\Local\Programs\Python\Python311\Lib\site-packages\sklearn\metrics\_ranking.py", line 707, in _multiclass_roc_auc_score
    raise ValueError(
ValueError: Target scores need to be probabilities for multiclass roc_auc, i.e. they should sum up to 1.0 over classes

  warnings.warn(

2026-09-17 16:05:20,419:WARNING:C:\Users\Putra\AppData\Local\Programs\Python\Python311\Lib\site-packages\pycaret\internal\metrics.py:204: FitFailedWarning: Metric 'make_scorer(roc_auc_score, response_method=('decision_function', 'predict_proba'), average=weighted, multi_class=ovr)' failed and error score 0.0 has been returned instead. If this is a custom metric, this usually means that the error is in the metric code. Full exception below:
Traceback (most recent call last):
  File "C:\Users\Putra\AppData\Local\Programs\Python\Python311\Lib\site-packages\pycaret\internal\metrics.py", line 196, in _score
    return super()._score(
           ^^^^^^^^^^^^^^^
  File "C:\Users\Putra\AppData\Local\Programs\Python\Python311\Lib\site-packages\sklearn\metrics\_scorer.py", line 350, in _score
    return self._sign * self._score_func(y_true, y_pred, **scoring_kwargs)
                        ^^^^^^^^^^^^^^^^^^^^^^^^^^^^^^^^^^^^^^^^^^^^^^^^^^
  File "C:\Users\Putra\AppData\Local\Programs\Python\Python311\Lib\site-packages\pycaret\internal\metrics.py", line 144, in __call__
    return self.score_func(y_true, y_pred, **kwargs)
           ^^^^^^^^^^^^^^^^^^^^^^^^^^^^^^^^^^^^^^^^^
  File "C:\Users\Putra\AppData\Local\Programs\Python\Python311\Lib\site-packages\sklearn\utils\_param_validation.py", line 213, in wrapper
    return func(*args, **kwargs)
           ^^^^^^^^^^^^^^^^^^^^^
  File "C:\Users\Putra\AppData\Local\Programs\Python\Python311\Lib\site-packages\sklearn\metrics\_ranking.py", line 634, in roc_auc_score
    return _multiclass_roc_auc_score(
           ^^^^^^^^^^^^^^^^^^^^^^^^^^
  File "C:\Users\Putra\AppData\Local\Programs\Python\Python311\Lib\site-packages\sklearn\metrics\_ranking.py", line 707, in _multiclass_roc_auc_score
    raise ValueError(
ValueError: Target scores need to be probabilities for multiclass roc_auc, i.e. they should sum up to 1.0 over classes

  warnings.warn(

2026-09-17 16:05:20,419:WARNING:C:\Users\Putra\AppData\Local\Programs\Python\Python311\Lib\site-packages\pycaret\internal\metrics.py:204: FitFailedWarning: Metric 'make_scorer(roc_auc_score, response_method=('decision_function', 'predict_proba'), average=weighted, multi_class=ovr)' failed and error score 0.0 has been returned instead. If this is a custom metric, this usually means that the error is in the metric code. Full exception below:
Traceback (most recent call last):
  File "C:\Users\Putra\AppData\Local\Programs\Python\Python311\Lib\site-packages\pycaret\internal\metrics.py", line 196, in _score
    return super()._score(
           ^^^^^^^^^^^^^^^
  File "C:\Users\Putra\AppData\Local\Programs\Python\Python311\Lib\site-packages\sklearn\metrics\_scorer.py", line 350, in _score
    return self._sign * self._score_func(y_true, y_pred, **scoring_kwargs)
                        ^^^^^^^^^^^^^^^^^^^^^^^^^^^^^^^^^^^^^^^^^^^^^^^^^^
  File "C:\Users\Putra\AppData\Local\Programs\Python\Python311\Lib\site-packages\pycaret\internal\metrics.py", line 144, in __call__
    return self.score_func(y_true, y_pred, **kwargs)
           ^^^^^^^^^^^^^^^^^^^^^^^^^^^^^^^^^^^^^^^^^
  File "C:\Users\Putra\AppData\Local\Programs\Python\Python311\Lib\site-packages\sklearn\utils\_param_validation.py", line 213, in wrapper
    return func(*args, **kwargs)
           ^^^^^^^^^^^^^^^^^^^^^
  File "C:\Users\Putra\AppData\Local\Programs\Python\Python311\Lib\site-packages\sklearn\metrics\_ranking.py", line 634, in roc_auc_score
    return _multiclass_roc_auc_score(
           ^^^^^^^^^^^^^^^^^^^^^^^^^^
  File "C:\Users\Putra\AppData\Local\Programs\Python\Python311\Lib\site-packages\sklearn\metrics\_ranking.py", line 707, in _multiclass_roc_auc_score
    raise ValueError(
ValueError: Target scores need to be probabilities for multiclass roc_auc, i.e. they should sum up to 1.0 over classes

  warnings.warn(

2026-09-17 16:05:20,422:WARNING:C:\Users\Putra\AppData\Local\Programs\Python\Python311\Lib\site-packages\pycaret\internal\metrics.py:204: FitFailedWarning: Metric 'make_scorer(roc_auc_score, response_method=('decision_function', 'predict_proba'), average=weighted, multi_class=ovr)' failed and error score 0.0 has been returned instead. If this is a custom metric, this usually means that the error is in the metric code. Full exception below:
Traceback (most recent call last):
  File "C:\Users\Putra\AppData\Local\Programs\Python\Python311\Lib\site-packages\pycaret\internal\metrics.py", line 196, in _score
    return super()._score(
           ^^^^^^^^^^^^^^^
  File "C:\Users\Putra\AppData\Local\Programs\Python\Python311\Lib\site-packages\sklearn\metrics\_scorer.py", line 350, in _score
    return self._sign * self._score_func(y_true, y_pred, **scoring_kwargs)
                        ^^^^^^^^^^^^^^^^^^^^^^^^^^^^^^^^^^^^^^^^^^^^^^^^^^
  File "C:\Users\Putra\AppData\Local\Programs\Python\Python311\Lib\site-packages\pycaret\internal\metrics.py", line 144, in __call__
    return self.score_func(y_true, y_pred, **kwargs)
           ^^^^^^^^^^^^^^^^^^^^^^^^^^^^^^^^^^^^^^^^^
  File "C:\Users\Putra\AppData\Local\Programs\Python\Python311\Lib\site-packages\sklearn\utils\_param_validation.py", line 213, in wrapper
    return func(*args, **kwargs)
           ^^^^^^^^^^^^^^^^^^^^^
  File "C:\Users\Putra\AppData\Local\Programs\Python\Python311\Lib\site-packages\sklearn\metrics\_ranking.py", line 634, in roc_auc_score
    return _multiclass_roc_auc_score(
           ^^^^^^^^^^^^^^^^^^^^^^^^^^
  File "C:\Users\Putra\AppData\Local\Programs\Python\Python311\Lib\site-packages\sklearn\metrics\_ranking.py", line 707, in _multiclass_roc_auc_score
    raise ValueError(
ValueError: Target scores need to be probabilities for multiclass roc_auc, i.e. they should sum up to 1.0 over classes

  warnings.warn(

2026-09-17 16:05:20,429:WARNING:C:\Users\Putra\AppData\Local\Programs\Python\Python311\Lib\site-packages\pycaret\internal\metrics.py:204: FitFailedWarning: Metric 'make_scorer(roc_auc_score, response_method=('decision_function', 'predict_proba'), average=weighted, multi_class=ovr)' failed and error score 0.0 has been returned instead. If this is a custom metric, this usually means that the error is in the metric code. Full exception below:
Traceback (most recent call last):
  File "C:\Users\Putra\AppData\Local\Programs\Python\Python311\Lib\site-packages\pycaret\internal\metrics.py", line 196, in _score
    return super()._score(
           ^^^^^^^^^^^^^^^
  File "C:\Users\Putra\AppData\Local\Programs\Python\Python311\Lib\site-packages\sklearn\metrics\_scorer.py", line 350, in _score
    return self._sign * self._score_func(y_true, y_pred, **scoring_kwargs)
                        ^^^^^^^^^^^^^^^^^^^^^^^^^^^^^^^^^^^^^^^^^^^^^^^^^^
  File "C:\Users\Putra\AppData\Local\Programs\Python\Python311\Lib\site-packages\pycaret\internal\metrics.py", line 144, in __call__
    return self.score_func(y_true, y_pred, **kwargs)
           ^^^^^^^^^^^^^^^^^^^^^^^^^^^^^^^^^^^^^^^^^
  File "C:\Users\Putra\AppData\Local\Programs\Python\Python311\Lib\site-packages\sklearn\utils\_param_validation.py", line 213, in wrapper
    return func(*args, **kwargs)
           ^^^^^^^^^^^^^^^^^^^^^
  File "C:\Users\Putra\AppData\Local\Programs\Python\Python311\Lib\site-packages\sklearn\metrics\_ranking.py", line 634, in roc_auc_score
    return _multiclass_roc_auc_score(
           ^^^^^^^^^^^^^^^^^^^^^^^^^^
  File "C:\Users\Putra\AppData\Local\Programs\Python\Python311\Lib\site-packages\sklearn\metrics\_ranking.py", line 707, in _multiclass_roc_auc_score
    raise ValueError(
ValueError: Target scores need to be probabilities for multiclass roc_auc, i.e. they should sum up to 1.0 over classes

  warnings.warn(

2026-09-17 16:05:20,454:WARNING:C:\Users\Putra\AppData\Local\Programs\Python\Python311\Lib\site-packages\pycaret\internal\metrics.py:204: FitFailedWarning: Metric 'make_scorer(roc_auc_score, response_method=('decision_function', 'predict_proba'), average=weighted, multi_class=ovr)' failed and error score 0.0 has been returned instead. If this is a custom metric, this usually means that the error is in the metric code. Full exception below:
Traceback (most recent call last):
  File "C:\Users\Putra\AppData\Local\Programs\Python\Python311\Lib\site-packages\pycaret\internal\metrics.py", line 196, in _score
    return super()._score(
           ^^^^^^^^^^^^^^^
  File "C:\Users\Putra\AppData\Local\Programs\Python\Python311\Lib\site-packages\sklearn\metrics\_scorer.py", line 350, in _score
    return self._sign * self._score_func(y_true, y_pred, **scoring_kwargs)
                        ^^^^^^^^^^^^^^^^^^^^^^^^^^^^^^^^^^^^^^^^^^^^^^^^^^
  File "C:\Users\Putra\AppData\Local\Programs\Python\Python311\Lib\site-packages\pycaret\internal\metrics.py", line 144, in __call__
    return self.score_func(y_true, y_pred, **kwargs)
           ^^^^^^^^^^^^^^^^^^^^^^^^^^^^^^^^^^^^^^^^^
  File "C:\Users\Putra\AppData\Local\Programs\Python\Python311\Lib\site-packages\sklearn\utils\_param_validation.py", line 213, in wrapper
    return func(*args, **kwargs)
           ^^^^^^^^^^^^^^^^^^^^^
  File "C:\Users\Putra\AppData\Local\Programs\Python\Python311\Lib\site-packages\sklearn\metrics\_ranking.py", line 634, in roc_auc_score
    return _multiclass_roc_auc_score(
           ^^^^^^^^^^^^^^^^^^^^^^^^^^
  File "C:\Users\Putra\AppData\Local\Programs\Python\Python311\Lib\site-packages\sklearn\metrics\_ranking.py", line 707, in _multiclass_roc_auc_score
    raise ValueError(
ValueError: Target scores need to be probabilities for multiclass roc_auc, i.e. they should sum up to 1.0 over classes

  warnings.warn(

2026-09-17 16:05:20,480:INFO:Calculating mean and std
2026-09-17 16:05:20,485:INFO:Creating metrics dataframe
2026-09-17 16:05:20,490:INFO:Uploading results into container
2026-09-17 16:05:20,491:INFO:Uploading model into container now
2026-09-17 16:05:20,492:INFO:_master_model_container: 1
2026-09-17 16:05:20,492:INFO:_display_container: 2
2026-09-17 16:05:20,492:INFO:LogisticRegression(C=1.0, class_weight=None, dual=False, fit_intercept=True,
                   intercept_scaling=1, l1_ratio=None, max_iter=1000,
                   multi_class='auto', n_jobs=None, penalty='l2',
                   random_state=2955, solver='lbfgs', tol=0.0001, verbose=0,
                   warm_start=False)
2026-09-17 16:05:20,492:INFO:create_model() successfully completed......................................
2026-09-17 16:05:20,785:INFO:SubProcess create_model() end ==================================
2026-09-17 16:05:20,785:INFO:Creating metrics dataframe
2026-09-17 16:05:20,792:INFO:Initializing K Neighbors Classifier
2026-09-17 16:05:20,792:INFO:Total runtime is 0.07593985001246134 minutes
2026-09-17 16:05:20,792:INFO:SubProcess create_model() called ==================================
2026-09-17 16:05:20,792:INFO:Initializing create_model()
2026-09-17 16:05:20,792:INFO:create_model(self=<pycaret.classification.oop.ClassificationExperiment object at 0x0000023D51878B10>, estimator=knn, fold=StratifiedKFold(n_splits=10, random_state=None, shuffle=False), round=4, cross_validation=True, predict=True, fit_kwargs={}, groups=None, refit=False, probability_threshold=None, experiment_custom_tags=None, verbose=False, system=False, add_to_model_list=True, metrics=None, display=<pycaret.internal.display.display.CommonDisplay object at 0x0000023D5938BD10>, model_only=True, return_train_score=False, error_score=0.0, kwargs={})
2026-09-17 16:05:20,792:INFO:Checking exceptions
2026-09-17 16:05:20,792:INFO:Importing libraries
2026-09-17 16:05:20,792:INFO:Copying training dataset
2026-09-17 16:05:20,795:INFO:Defining folds
2026-09-17 16:05:20,795:INFO:Declaring metric variables
2026-09-17 16:05:20,795:INFO:Importing untrained model
2026-09-17 16:05:20,795:INFO:K Neighbors Classifier Imported successfully
2026-09-17 16:05:20,795:INFO:Starting cross validation
2026-09-17 16:05:20,796:INFO:Cross validating with StratifiedKFold(n_splits=10, random_state=None, shuffle=False), n_jobs=-1
2026-09-17 16:05:23,804:WARNING:C:\Users\Putra\AppData\Local\Programs\Python\Python311\Lib\site-packages\_distutils_hack\__init__.py:33: UserWarning: Setuptools is replacing distutils.
  warnings.warn("Setuptools is replacing distutils.")

2026-09-17 16:05:23,857:WARNING:C:\Users\Putra\AppData\Local\Programs\Python\Python311\Lib\site-packages\_distutils_hack\__init__.py:33: UserWarning: Setuptools is replacing distutils.
  warnings.warn("Setuptools is replacing distutils.")

2026-09-17 16:05:23,869:WARNING:C:\Users\Putra\AppData\Local\Programs\Python\Python311\Lib\site-packages\_distutils_hack\__init__.py:33: UserWarning: Setuptools is replacing distutils.
  warnings.warn("Setuptools is replacing distutils.")

2026-09-17 16:05:23,878:WARNING:C:\Users\Putra\AppData\Local\Programs\Python\Python311\Lib\site-packages\_distutils_hack\__init__.py:33: UserWarning: Setuptools is replacing distutils.
  warnings.warn("Setuptools is replacing distutils.")

2026-09-17 16:05:23,886:WARNING:C:\Users\Putra\AppData\Local\Programs\Python\Python311\Lib\site-packages\_distutils_hack\__init__.py:33: UserWarning: Setuptools is replacing distutils.
  warnings.warn("Setuptools is replacing distutils.")

2026-09-17 16:05:23,894:WARNING:C:\Users\Putra\AppData\Local\Programs\Python\Python311\Lib\site-packages\_distutils_hack\__init__.py:33: UserWarning: Setuptools is replacing distutils.
  warnings.warn("Setuptools is replacing distutils.")

2026-09-17 16:05:23,894:WARNING:C:\Users\Putra\AppData\Local\Programs\Python\Python311\Lib\site-packages\_distutils_hack\__init__.py:33: UserWarning: Setuptools is replacing distutils.
  warnings.warn("Setuptools is replacing distutils.")

2026-09-17 16:05:23,897:WARNING:C:\Users\Putra\AppData\Local\Programs\Python\Python311\Lib\site-packages\_distutils_hack\__init__.py:33: UserWarning: Setuptools is replacing distutils.
  warnings.warn("Setuptools is replacing distutils.")

2026-09-17 16:05:23,917:WARNING:C:\Users\Putra\AppData\Local\Programs\Python\Python311\Lib\site-packages\_distutils_hack\__init__.py:33: UserWarning: Setuptools is replacing distutils.
  warnings.warn("Setuptools is replacing distutils.")

2026-09-17 16:05:23,956:WARNING:C:\Users\Putra\AppData\Local\Programs\Python\Python311\Lib\site-packages\_distutils_hack\__init__.py:33: UserWarning: Setuptools is replacing distutils.
  warnings.warn("Setuptools is replacing distutils.")

2026-09-17 16:05:24,787:INFO:Calculating mean and std
2026-09-17 16:05:24,790:INFO:Creating metrics dataframe
2026-09-17 16:05:24,799:INFO:Uploading results into container
2026-09-17 16:05:24,801:INFO:Uploading model into container now
2026-09-17 16:05:24,801:INFO:_master_model_container: 2
2026-09-17 16:05:24,801:INFO:_display_container: 2
2026-09-17 16:05:24,803:INFO:KNeighborsClassifier(algorithm='auto', leaf_size=30, metric='minkowski',
                     metric_params=None, n_jobs=-1, n_neighbors=5, p=2,
                     weights='uniform')
2026-09-17 16:05:24,803:INFO:create_model() successfully completed......................................
2026-09-17 16:05:25,067:INFO:SubProcess create_model() end ==================================
2026-09-17 16:05:25,067:INFO:Creating metrics dataframe
2026-09-17 16:05:25,070:INFO:Initializing Naive Bayes
2026-09-17 16:05:25,071:INFO:Total runtime is 0.1472687522570292 minutes
2026-09-17 16:05:25,071:INFO:SubProcess create_model() called ==================================
2026-09-17 16:05:25,072:INFO:Initializing create_model()
2026-09-17 16:05:25,072:INFO:create_model(self=<pycaret.classification.oop.ClassificationExperiment object at 0x0000023D51878B10>, estimator=nb, fold=StratifiedKFold(n_splits=10, random_state=None, shuffle=False), round=4, cross_validation=True, predict=True, fit_kwargs={}, groups=None, refit=False, probability_threshold=None, experiment_custom_tags=None, verbose=False, system=False, add_to_model_list=True, metrics=None, display=<pycaret.internal.display.display.CommonDisplay object at 0x0000023D5938BD10>, model_only=True, return_train_score=False, error_score=0.0, kwargs={})
2026-09-17 16:05:25,072:INFO:Checking exceptions
2026-09-17 16:05:25,072:INFO:Importing libraries
2026-09-17 16:05:25,072:INFO:Copying training dataset
2026-09-17 16:05:25,075:INFO:Defining folds
2026-09-17 16:05:25,075:INFO:Declaring metric variables
2026-09-17 16:05:25,075:INFO:Importing untrained model
2026-09-17 16:05:25,075:INFO:Naive Bayes Imported successfully
2026-09-17 16:05:25,077:INFO:Starting cross validation
2026-09-17 16:05:25,077:INFO:Cross validating with StratifiedKFold(n_splits=10, random_state=None, shuffle=False), n_jobs=-1
2026-09-17 16:05:25,147:INFO:Calculating mean and std
2026-09-17 16:05:25,148:INFO:Creating metrics dataframe
2026-09-17 16:05:25,149:INFO:Uploading results into container
2026-09-17 16:05:25,150:INFO:Uploading model into container now
2026-09-17 16:05:25,150:INFO:_master_model_container: 3
2026-09-17 16:05:25,150:INFO:_display_container: 2
2026-09-17 16:05:25,150:INFO:GaussianNB(priors=None, var_smoothing=1e-09)
2026-09-17 16:05:25,150:INFO:create_model() successfully completed......................................
2026-09-17 16:05:25,274:INFO:SubProcess create_model() end ==================================
2026-09-17 16:05:25,274:INFO:Creating metrics dataframe
2026-09-17 16:05:25,276:INFO:Initializing Decision Tree Classifier
2026-09-17 16:05:25,276:INFO:Total runtime is 0.15068438053131103 minutes
2026-09-17 16:05:25,276:INFO:SubProcess create_model() called ==================================
2026-09-17 16:05:25,276:INFO:Initializing create_model()
2026-09-17 16:05:25,276:INFO:create_model(self=<pycaret.classification.oop.ClassificationExperiment object at 0x0000023D51878B10>, estimator=dt, fold=StratifiedKFold(n_splits=10, random_state=None, shuffle=False), round=4, cross_validation=True, predict=True, fit_kwargs={}, groups=None, refit=False, probability_threshold=None, experiment_custom_tags=None, verbose=False, system=False, add_to_model_list=True, metrics=None, display=<pycaret.internal.display.display.CommonDisplay object at 0x0000023D5938BD10>, model_only=True, return_train_score=False, error_score=0.0, kwargs={})
2026-09-17 16:05:25,276:INFO:Checking exceptions
2026-09-17 16:05:25,276:INFO:Importing libraries
2026-09-17 16:05:25,276:INFO:Copying training dataset
2026-09-17 16:05:25,280:INFO:Defining folds
2026-09-17 16:05:25,280:INFO:Declaring metric variables
2026-09-17 16:05:25,281:INFO:Importing untrained model
2026-09-17 16:05:25,281:INFO:Decision Tree Classifier Imported successfully
2026-09-17 16:05:25,281:INFO:Starting cross validation
2026-09-17 16:05:25,282:INFO:Cross validating with StratifiedKFold(n_splits=10, random_state=None, shuffle=False), n_jobs=-1
2026-09-17 16:05:25,339:INFO:Calculating mean and std
2026-09-17 16:05:25,340:INFO:Creating metrics dataframe
2026-09-17 16:05:25,342:INFO:Uploading results into container
2026-09-17 16:05:25,342:INFO:Uploading model into container now
2026-09-17 16:05:25,343:INFO:_master_model_container: 4
2026-09-17 16:05:25,343:INFO:_display_container: 2
2026-09-17 16:05:25,343:INFO:DecisionTreeClassifier(ccp_alpha=0.0, class_weight=None, criterion='gini',
                       max_depth=None, max_features=None, max_leaf_nodes=None,
                       min_impurity_decrease=0.0, min_samples_leaf=1,
                       min_samples_split=2, min_weight_fraction_leaf=0.0,
                       monotonic_cst=None, random_state=2955, splitter='best')
2026-09-17 16:05:25,343:INFO:create_model() successfully completed......................................
2026-09-17 16:05:25,430:INFO:SubProcess create_model() end ==================================
2026-09-17 16:05:25,430:INFO:Creating metrics dataframe
2026-09-17 16:05:25,432:INFO:Initializing SVM - Linear Kernel
2026-09-17 16:05:25,432:INFO:Total runtime is 0.1532866835594177 minutes
2026-09-17 16:05:25,432:INFO:SubProcess create_model() called ==================================
2026-09-17 16:05:25,432:INFO:Initializing create_model()
2026-09-17 16:05:25,432:INFO:create_model(self=<pycaret.classification.oop.ClassificationExperiment object at 0x0000023D51878B10>, estimator=svm, fold=StratifiedKFold(n_splits=10, random_state=None, shuffle=False), round=4, cross_validation=True, predict=True, fit_kwargs={}, groups=None, refit=False, probability_threshold=None, experiment_custom_tags=None, verbose=False, system=False, add_to_model_list=True, metrics=None, display=<pycaret.internal.display.display.CommonDisplay object at 0x0000023D5938BD10>, model_only=True, return_train_score=False, error_score=0.0, kwargs={})
2026-09-17 16:05:25,432:INFO:Checking exceptions
2026-09-17 16:05:25,432:INFO:Importing libraries
2026-09-17 16:05:25,432:INFO:Copying training dataset
2026-09-17 16:05:25,436:INFO:Defining folds
2026-09-17 16:05:25,436:INFO:Declaring metric variables
2026-09-17 16:05:25,436:INFO:Importing untrained model
2026-09-17 16:05:25,438:INFO:SVM - Linear Kernel Imported successfully
2026-09-17 16:05:25,438:INFO:Starting cross validation
2026-09-17 16:05:25,439:INFO:Cross validating with StratifiedKFold(n_splits=10, random_state=None, shuffle=False), n_jobs=-1
2026-09-17 16:05:25,525:WARNING:C:\Users\Putra\AppData\Local\Programs\Python\Python311\Lib\site-packages\pycaret\internal\metrics.py:204: FitFailedWarning: Metric 'make_scorer(roc_auc_score, response_method=('decision_function', 'predict_proba'), average=weighted, multi_class=ovr)' failed and error score 0.0 has been returned instead. If this is a custom metric, this usually means that the error is in the metric code. Full exception below:
Traceback (most recent call last):
  File "C:\Users\Putra\AppData\Local\Programs\Python\Python311\Lib\site-packages\pycaret\internal\metrics.py", line 196, in _score
    return super()._score(
           ^^^^^^^^^^^^^^^
  File "C:\Users\Putra\AppData\Local\Programs\Python\Python311\Lib\site-packages\sklearn\metrics\_scorer.py", line 350, in _score
    return self._sign * self._score_func(y_true, y_pred, **scoring_kwargs)
                        ^^^^^^^^^^^^^^^^^^^^^^^^^^^^^^^^^^^^^^^^^^^^^^^^^^
  File "C:\Users\Putra\AppData\Local\Programs\Python\Python311\Lib\site-packages\pycaret\internal\metrics.py", line 144, in __call__
    return self.score_func(y_true, y_pred, **kwargs)
           ^^^^^^^^^^^^^^^^^^^^^^^^^^^^^^^^^^^^^^^^^
  File "C:\Users\Putra\AppData\Local\Programs\Python\Python311\Lib\site-packages\sklearn\utils\_param_validation.py", line 213, in wrapper
    return func(*args, **kwargs)
           ^^^^^^^^^^^^^^^^^^^^^
  File "C:\Users\Putra\AppData\Local\Programs\Python\Python311\Lib\site-packages\sklearn\metrics\_ranking.py", line 634, in roc_auc_score
    return _multiclass_roc_auc_score(
           ^^^^^^^^^^^^^^^^^^^^^^^^^^
  File "C:\Users\Putra\AppData\Local\Programs\Python\Python311\Lib\site-packages\sklearn\metrics\_ranking.py", line 707, in _multiclass_roc_auc_score
    raise ValueError(
ValueError: Target scores need to be probabilities for multiclass roc_auc, i.e. they should sum up to 1.0 over classes

  warnings.warn(

2026-09-17 16:05:25,525:WARNING:C:\Users\Putra\AppData\Local\Programs\Python\Python311\Lib\site-packages\pycaret\internal\metrics.py:204: FitFailedWarning: Metric 'make_scorer(roc_auc_score, response_method=('decision_function', 'predict_proba'), average=weighted, multi_class=ovr)' failed and error score 0.0 has been returned instead. If this is a custom metric, this usually means that the error is in the metric code. Full exception below:
Traceback (most recent call last):
  File "C:\Users\Putra\AppData\Local\Programs\Python\Python311\Lib\site-packages\pycaret\internal\metrics.py", line 196, in _score
    return super()._score(
           ^^^^^^^^^^^^^^^
  File "C:\Users\Putra\AppData\Local\Programs\Python\Python311\Lib\site-packages\sklearn\metrics\_scorer.py", line 350, in _score
    return self._sign * self._score_func(y_true, y_pred, **scoring_kwargs)
                        ^^^^^^^^^^^^^^^^^^^^^^^^^^^^^^^^^^^^^^^^^^^^^^^^^^
  File "C:\Users\Putra\AppData\Local\Programs\Python\Python311\Lib\site-packages\pycaret\internal\metrics.py", line 144, in __call__
    return self.score_func(y_true, y_pred, **kwargs)
           ^^^^^^^^^^^^^^^^^^^^^^^^^^^^^^^^^^^^^^^^^
  File "C:\Users\Putra\AppData\Local\Programs\Python\Python311\Lib\site-packages\sklearn\utils\_param_validation.py", line 213, in wrapper
    return func(*args, **kwargs)
           ^^^^^^^^^^^^^^^^^^^^^
  File "C:\Users\Putra\AppData\Local\Programs\Python\Python311\Lib\site-packages\sklearn\metrics\_ranking.py", line 634, in roc_auc_score
    return _multiclass_roc_auc_score(
           ^^^^^^^^^^^^^^^^^^^^^^^^^^
  File "C:\Users\Putra\AppData\Local\Programs\Python\Python311\Lib\site-packages\sklearn\metrics\_ranking.py", line 707, in _multiclass_roc_auc_score
    raise ValueError(
ValueError: Target scores need to be probabilities for multiclass roc_auc, i.e. they should sum up to 1.0 over classes

  warnings.warn(

2026-09-17 16:05:25,525:WARNING:C:\Users\Putra\AppData\Local\Programs\Python\Python311\Lib\site-packages\pycaret\internal\metrics.py:204: FitFailedWarning: Metric 'make_scorer(roc_auc_score, response_method=('decision_function', 'predict_proba'), average=weighted, multi_class=ovr)' failed and error score 0.0 has been returned instead. If this is a custom metric, this usually means that the error is in the metric code. Full exception below:
Traceback (most recent call last):
  File "C:\Users\Putra\AppData\Local\Programs\Python\Python311\Lib\site-packages\pycaret\internal\metrics.py", line 196, in _score
    return super()._score(
           ^^^^^^^^^^^^^^^
  File "C:\Users\Putra\AppData\Local\Programs\Python\Python311\Lib\site-packages\sklearn\metrics\_scorer.py", line 350, in _score
    return self._sign * self._score_func(y_true, y_pred, **scoring_kwargs)
                        ^^^^^^^^^^^^^^^^^^^^^^^^^^^^^^^^^^^^^^^^^^^^^^^^^^
  File "C:\Users\Putra\AppData\Local\Programs\Python\Python311\Lib\site-packages\pycaret\internal\metrics.py", line 144, in __call__
    return self.score_func(y_true, y_pred, **kwargs)
           ^^^^^^^^^^^^^^^^^^^^^^^^^^^^^^^^^^^^^^^^^
  File "C:\Users\Putra\AppData\Local\Programs\Python\Python311\Lib\site-packages\sklearn\utils\_param_validation.py", line 213, in wrapper
    return func(*args, **kwargs)
           ^^^^^^^^^^^^^^^^^^^^^
  File "C:\Users\Putra\AppData\Local\Programs\Python\Python311\Lib\site-packages\sklearn\metrics\_ranking.py", line 634, in roc_auc_score
    return _multiclass_roc_auc_score(
           ^^^^^^^^^^^^^^^^^^^^^^^^^^
  File "C:\Users\Putra\AppData\Local\Programs\Python\Python311\Lib\site-packages\sklearn\metrics\_ranking.py", line 707, in _multiclass_roc_auc_score
    raise ValueError(
ValueError: Target scores need to be probabilities for multiclass roc_auc, i.e. they should sum up to 1.0 over classes

  warnings.warn(

2026-09-17 16:05:25,526:WARNING:C:\Users\Putra\AppData\Local\Programs\Python\Python311\Lib\site-packages\pycaret\internal\metrics.py:204: FitFailedWarning: Metric 'make_scorer(roc_auc_score, response_method=('decision_function', 'predict_proba'), average=weighted, multi_class=ovr)' failed and error score 0.0 has been returned instead. If this is a custom metric, this usually means that the error is in the metric code. Full exception below:
Traceback (most recent call last):
  File "C:\Users\Putra\AppData\Local\Programs\Python\Python311\Lib\site-packages\pycaret\internal\metrics.py", line 196, in _score
    return super()._score(
           ^^^^^^^^^^^^^^^
  File "C:\Users\Putra\AppData\Local\Programs\Python\Python311\Lib\site-packages\sklearn\metrics\_scorer.py", line 350, in _score
    return self._sign * self._score_func(y_true, y_pred, **scoring_kwargs)
                        ^^^^^^^^^^^^^^^^^^^^^^^^^^^^^^^^^^^^^^^^^^^^^^^^^^
  File "C:\Users\Putra\AppData\Local\Programs\Python\Python311\Lib\site-packages\pycaret\internal\metrics.py", line 144, in __call__
    return self.score_func(y_true, y_pred, **kwargs)
           ^^^^^^^^^^^^^^^^^^^^^^^^^^^^^^^^^^^^^^^^^
  File "C:\Users\Putra\AppData\Local\Programs\Python\Python311\Lib\site-packages\sklearn\utils\_param_validation.py", line 213, in wrapper
    return func(*args, **kwargs)
           ^^^^^^^^^^^^^^^^^^^^^
  File "C:\Users\Putra\AppData\Local\Programs\Python\Python311\Lib\site-packages\sklearn\metrics\_ranking.py", line 634, in roc_auc_score
    return _multiclass_roc_auc_score(
           ^^^^^^^^^^^^^^^^^^^^^^^^^^
  File "C:\Users\Putra\AppData\Local\Programs\Python\Python311\Lib\site-packages\sklearn\metrics\_ranking.py", line 707, in _multiclass_roc_auc_score
    raise ValueError(
ValueError: Target scores need to be probabilities for multiclass roc_auc, i.e. they should sum up to 1.0 over classes

  warnings.warn(

2026-09-17 16:05:25,528:WARNING:C:\Users\Putra\AppData\Local\Programs\Python\Python311\Lib\site-packages\pycaret\internal\metrics.py:204: FitFailedWarning: Metric 'make_scorer(roc_auc_score, response_method=('decision_function', 'predict_proba'), average=weighted, multi_class=ovr)' failed and error score 0.0 has been returned instead. If this is a custom metric, this usually means that the error is in the metric code. Full exception below:
Traceback (most recent call last):
  File "C:\Users\Putra\AppData\Local\Programs\Python\Python311\Lib\site-packages\pycaret\internal\metrics.py", line 196, in _score
    return super()._score(
           ^^^^^^^^^^^^^^^
  File "C:\Users\Putra\AppData\Local\Programs\Python\Python311\Lib\site-packages\sklearn\metrics\_scorer.py", line 350, in _score
    return self._sign * self._score_func(y_true, y_pred, **scoring_kwargs)
                        ^^^^^^^^^^^^^^^^^^^^^^^^^^^^^^^^^^^^^^^^^^^^^^^^^^
  File "C:\Users\Putra\AppData\Local\Programs\Python\Python311\Lib\site-packages\pycaret\internal\metrics.py", line 144, in __call__
    return self.score_func(y_true, y_pred, **kwargs)
           ^^^^^^^^^^^^^^^^^^^^^^^^^^^^^^^^^^^^^^^^^
  File "C:\Users\Putra\AppData\Local\Programs\Python\Python311\Lib\site-packages\sklearn\utils\_param_validation.py", line 213, in wrapper
    return func(*args, **kwargs)
           ^^^^^^^^^^^^^^^^^^^^^
  File "C:\Users\Putra\AppData\Local\Programs\Python\Python311\Lib\site-packages\sklearn\metrics\_ranking.py", line 634, in roc_auc_score
    return _multiclass_roc_auc_score(
           ^^^^^^^^^^^^^^^^^^^^^^^^^^
  File "C:\Users\Putra\AppData\Local\Programs\Python\Python311\Lib\site-packages\sklearn\metrics\_ranking.py", line 707, in _multiclass_roc_auc_score
    raise ValueError(
ValueError: Target scores need to be probabilities for multiclass roc_auc, i.e. they should sum up to 1.0 over classes

  warnings.warn(

2026-09-17 16:05:25,529:WARNING:C:\Users\Putra\AppData\Local\Programs\Python\Python311\Lib\site-packages\pycaret\internal\metrics.py:204: FitFailedWarning: Metric 'make_scorer(roc_auc_score, response_method=('decision_function', 'predict_proba'), average=weighted, multi_class=ovr)' failed and error score 0.0 has been returned instead. If this is a custom metric, this usually means that the error is in the metric code. Full exception below:
Traceback (most recent call last):
  File "C:\Users\Putra\AppData\Local\Programs\Python\Python311\Lib\site-packages\pycaret\internal\metrics.py", line 196, in _score
    return super()._score(
           ^^^^^^^^^^^^^^^
  File "C:\Users\Putra\AppData\Local\Programs\Python\Python311\Lib\site-packages\sklearn\metrics\_scorer.py", line 350, in _score
    return self._sign * self._score_func(y_true, y_pred, **scoring_kwargs)
                        ^^^^^^^^^^^^^^^^^^^^^^^^^^^^^^^^^^^^^^^^^^^^^^^^^^
  File "C:\Users\Putra\AppData\Local\Programs\Python\Python311\Lib\site-packages\pycaret\internal\metrics.py", line 144, in __call__
    return self.score_func(y_true, y_pred, **kwargs)
           ^^^^^^^^^^^^^^^^^^^^^^^^^^^^^^^^^^^^^^^^^
  File "C:\Users\Putra\AppData\Local\Programs\Python\Python311\Lib\site-packages\sklearn\utils\_param_validation.py", line 213, in wrapper
    return func(*args, **kwargs)
           ^^^^^^^^^^^^^^^^^^^^^
  File "C:\Users\Putra\AppData\Local\Programs\Python\Python311\Lib\site-packages\sklearn\metrics\_ranking.py", line 634, in roc_auc_score
    return _multiclass_roc_auc_score(
           ^^^^^^^^^^^^^^^^^^^^^^^^^^
  File "C:\Users\Putra\AppData\Local\Programs\Python\Python311\Lib\site-packages\sklearn\metrics\_ranking.py", line 707, in _multiclass_roc_auc_score
    raise ValueError(
ValueError: Target scores need to be probabilities for multiclass roc_auc, i.e. they should sum up to 1.0 over classes

  warnings.warn(

2026-09-17 16:05:25,529:WARNING:C:\Users\Putra\AppData\Local\Programs\Python\Python311\Lib\site-packages\pycaret\internal\metrics.py:204: FitFailedWarning: Metric 'make_scorer(roc_auc_score, response_method=('decision_function', 'predict_proba'), average=weighted, multi_class=ovr)' failed and error score 0.0 has been returned instead. If this is a custom metric, this usually means that the error is in the metric code. Full exception below:
Traceback (most recent call last):
  File "C:\Users\Putra\AppData\Local\Programs\Python\Python311\Lib\site-packages\pycaret\internal\metrics.py", line 196, in _score
    return super()._score(
           ^^^^^^^^^^^^^^^
  File "C:\Users\Putra\AppData\Local\Programs\Python\Python311\Lib\site-packages\sklearn\metrics\_scorer.py", line 350, in _score
    return self._sign * self._score_func(y_true, y_pred, **scoring_kwargs)
                        ^^^^^^^^^^^^^^^^^^^^^^^^^^^^^^^^^^^^^^^^^^^^^^^^^^
  File "C:\Users\Putra\AppData\Local\Programs\Python\Python311\Lib\site-packages\pycaret\internal\metrics.py", line 144, in __call__
    return self.score_func(y_true, y_pred, **kwargs)
           ^^^^^^^^^^^^^^^^^^^^^^^^^^^^^^^^^^^^^^^^^
  File "C:\Users\Putra\AppData\Local\Programs\Python\Python311\Lib\site-packages\sklearn\utils\_param_validation.py", line 213, in wrapper
    return func(*args, **kwargs)
           ^^^^^^^^^^^^^^^^^^^^^
  File "C:\Users\Putra\AppData\Local\Programs\Python\Python311\Lib\site-packages\sklearn\metrics\_ranking.py", line 634, in roc_auc_score
    return _multiclass_roc_auc_score(
           ^^^^^^^^^^^^^^^^^^^^^^^^^^
  File "C:\Users\Putra\AppData\Local\Programs\Python\Python311\Lib\site-packages\sklearn\metrics\_ranking.py", line 707, in _multiclass_roc_auc_score
    raise ValueError(
ValueError: Target scores need to be probabilities for multiclass roc_auc, i.e. they should sum up to 1.0 over classes

  warnings.warn(

2026-09-17 16:05:25,532:WARNING:C:\Users\Putra\AppData\Local\Programs\Python\Python311\Lib\site-packages\pycaret\internal\metrics.py:204: FitFailedWarning: Metric 'make_scorer(roc_auc_score, response_method=('decision_function', 'predict_proba'), average=weighted, multi_class=ovr)' failed and error score 0.0 has been returned instead. If this is a custom metric, this usually means that the error is in the metric code. Full exception below:
Traceback (most recent call last):
  File "C:\Users\Putra\AppData\Local\Programs\Python\Python311\Lib\site-packages\pycaret\internal\metrics.py", line 196, in _score
    return super()._score(
           ^^^^^^^^^^^^^^^
  File "C:\Users\Putra\AppData\Local\Programs\Python\Python311\Lib\site-packages\sklearn\metrics\_scorer.py", line 350, in _score
    return self._sign * self._score_func(y_true, y_pred, **scoring_kwargs)
                        ^^^^^^^^^^^^^^^^^^^^^^^^^^^^^^^^^^^^^^^^^^^^^^^^^^
  File "C:\Users\Putra\AppData\Local\Programs\Python\Python311\Lib\site-packages\pycaret\internal\metrics.py", line 144, in __call__
    return self.score_func(y_true, y_pred, **kwargs)
           ^^^^^^^^^^^^^^^^^^^^^^^^^^^^^^^^^^^^^^^^^
  File "C:\Users\Putra\AppData\Local\Programs\Python\Python311\Lib\site-packages\sklearn\utils\_param_validation.py", line 213, in wrapper
    return func(*args, **kwargs)
           ^^^^^^^^^^^^^^^^^^^^^
  File "C:\Users\Putra\AppData\Local\Programs\Python\Python311\Lib\site-packages\sklearn\metrics\_ranking.py", line 634, in roc_auc_score
    return _multiclass_roc_auc_score(
           ^^^^^^^^^^^^^^^^^^^^^^^^^^
  File "C:\Users\Putra\AppData\Local\Programs\Python\Python311\Lib\site-packages\sklearn\metrics\_ranking.py", line 707, in _multiclass_roc_auc_score
    raise ValueError(
ValueError: Target scores need to be probabilities for multiclass roc_auc, i.e. they should sum up to 1.0 over classes

  warnings.warn(

2026-09-17 16:05:25,532:WARNING:C:\Users\Putra\AppData\Local\Programs\Python\Python311\Lib\site-packages\pycaret\internal\metrics.py:204: FitFailedWarning: Metric 'make_scorer(roc_auc_score, response_method=('decision_function', 'predict_proba'), average=weighted, multi_class=ovr)' failed and error score 0.0 has been returned instead. If this is a custom metric, this usually means that the error is in the metric code. Full exception below:
Traceback (most recent call last):
  File "C:\Users\Putra\AppData\Local\Programs\Python\Python311\Lib\site-packages\pycaret\internal\metrics.py", line 196, in _score
    return super()._score(
           ^^^^^^^^^^^^^^^
  File "C:\Users\Putra\AppData\Local\Programs\Python\Python311\Lib\site-packages\sklearn\metrics\_scorer.py", line 350, in _score
    return self._sign * self._score_func(y_true, y_pred, **scoring_kwargs)
                        ^^^^^^^^^^^^^^^^^^^^^^^^^^^^^^^^^^^^^^^^^^^^^^^^^^
  File "C:\Users\Putra\AppData\Local\Programs\Python\Python311\Lib\site-packages\pycaret\internal\metrics.py", line 144, in __call__
    return self.score_func(y_true, y_pred, **kwargs)
           ^^^^^^^^^^^^^^^^^^^^^^^^^^^^^^^^^^^^^^^^^
  File "C:\Users\Putra\AppData\Local\Programs\Python\Python311\Lib\site-packages\sklearn\utils\_param_validation.py", line 213, in wrapper
    return func(*args, **kwargs)
           ^^^^^^^^^^^^^^^^^^^^^
  File "C:\Users\Putra\AppData\Local\Programs\Python\Python311\Lib\site-packages\sklearn\metrics\_ranking.py", line 634, in roc_auc_score
    return _multiclass_roc_auc_score(
           ^^^^^^^^^^^^^^^^^^^^^^^^^^
  File "C:\Users\Putra\AppData\Local\Programs\Python\Python311\Lib\site-packages\sklearn\metrics\_ranking.py", line 707, in _multiclass_roc_auc_score
    raise ValueError(
ValueError: Target scores need to be probabilities for multiclass roc_auc, i.e. they should sum up to 1.0 over classes

  warnings.warn(

2026-09-17 16:05:25,536:WARNING:C:\Users\Putra\AppData\Local\Programs\Python\Python311\Lib\site-packages\pycaret\internal\metrics.py:204: FitFailedWarning: Metric 'make_scorer(roc_auc_score, response_method=('decision_function', 'predict_proba'), average=weighted, multi_class=ovr)' failed and error score 0.0 has been returned instead. If this is a custom metric, this usually means that the error is in the metric code. Full exception below:
Traceback (most recent call last):
  File "C:\Users\Putra\AppData\Local\Programs\Python\Python311\Lib\site-packages\pycaret\internal\metrics.py", line 196, in _score
    return super()._score(
           ^^^^^^^^^^^^^^^
  File "C:\Users\Putra\AppData\Local\Programs\Python\Python311\Lib\site-packages\sklearn\metrics\_scorer.py", line 350, in _score
    return self._sign * self._score_func(y_true, y_pred, **scoring_kwargs)
                        ^^^^^^^^^^^^^^^^^^^^^^^^^^^^^^^^^^^^^^^^^^^^^^^^^^
  File "C:\Users\Putra\AppData\Local\Programs\Python\Python311\Lib\site-packages\pycaret\internal\metrics.py", line 144, in __call__
    return self.score_func(y_true, y_pred, **kwargs)
           ^^^^^^^^^^^^^^^^^^^^^^^^^^^^^^^^^^^^^^^^^
  File "C:\Users\Putra\AppData\Local\Programs\Python\Python311\Lib\site-packages\sklearn\utils\_param_validation.py", line 213, in wrapper
    return func(*args, **kwargs)
           ^^^^^^^^^^^^^^^^^^^^^
  File "C:\Users\Putra\AppData\Local\Programs\Python\Python311\Lib\site-packages\sklearn\metrics\_ranking.py", line 634, in roc_auc_score
    return _multiclass_roc_auc_score(
           ^^^^^^^^^^^^^^^^^^^^^^^^^^
  File "C:\Users\Putra\AppData\Local\Programs\Python\Python311\Lib\site-packages\sklearn\metrics\_ranking.py", line 707, in _multiclass_roc_auc_score
    raise ValueError(
ValueError: Target scores need to be probabilities for multiclass roc_auc, i.e. they should sum up to 1.0 over classes

  warnings.warn(

2026-09-17 16:05:25,540:WARNING:C:\Users\Putra\AppData\Local\Programs\Python\Python311\Lib\site-packages\sklearn\metrics\_classification.py:1509: UndefinedMetricWarning: Precision is ill-defined and being set to 0.0 in labels with no predicted samples. Use `zero_division` parameter to control this behavior.
  _warn_prf(average, modifier, f"{metric.capitalize()} is", len(result))

2026-09-17 16:05:25,551:INFO:Calculating mean and std
2026-09-17 16:05:25,551:INFO:Creating metrics dataframe
2026-09-17 16:05:25,552:INFO:Uploading results into container
2026-09-17 16:05:25,554:INFO:Uploading model into container now
2026-09-17 16:05:25,554:INFO:_master_model_container: 5
2026-09-17 16:05:25,554:INFO:_display_container: 2
2026-09-17 16:05:25,554:INFO:SGDClassifier(alpha=0.0001, average=False, class_weight=None,
              early_stopping=False, epsilon=0.1, eta0=0.001, fit_intercept=True,
              l1_ratio=0.15, learning_rate='optimal', loss='hinge',
              max_iter=1000, n_iter_no_change=5, n_jobs=-1, penalty='l2',
              power_t=0.5, random_state=2955, shuffle=True, tol=0.001,
              validation_fraction=0.1, verbose=0, warm_start=False)
2026-09-17 16:05:25,554:INFO:create_model() successfully completed......................................
2026-09-17 16:05:25,920:INFO:SubProcess create_model() end ==================================
2026-09-17 16:05:25,920:INFO:Creating metrics dataframe
2026-09-17 16:05:25,924:INFO:Initializing Ridge Classifier
2026-09-17 16:05:25,924:INFO:Total runtime is 0.1614863355954488 minutes
2026-09-17 16:05:25,924:INFO:SubProcess create_model() called ==================================
2026-09-17 16:05:25,924:INFO:Initializing create_model()
2026-09-17 16:05:25,925:INFO:create_model(self=<pycaret.classification.oop.ClassificationExperiment object at 0x0000023D51878B10>, estimator=ridge, fold=StratifiedKFold(n_splits=10, random_state=None, shuffle=False), round=4, cross_validation=True, predict=True, fit_kwargs={}, groups=None, refit=False, probability_threshold=None, experiment_custom_tags=None, verbose=False, system=False, add_to_model_list=True, metrics=None, display=<pycaret.internal.display.display.CommonDisplay object at 0x0000023D5938BD10>, model_only=True, return_train_score=False, error_score=0.0, kwargs={})
2026-09-17 16:05:25,925:INFO:Checking exceptions
2026-09-17 16:05:25,925:INFO:Importing libraries
2026-09-17 16:05:25,925:INFO:Copying training dataset
2026-09-17 16:05:25,927:INFO:Defining folds
2026-09-17 16:05:25,927:INFO:Declaring metric variables
2026-09-17 16:05:25,927:INFO:Importing untrained model
2026-09-17 16:05:25,927:INFO:Ridge Classifier Imported successfully
2026-09-17 16:05:25,927:INFO:Starting cross validation
2026-09-17 16:05:25,927:INFO:Cross validating with StratifiedKFold(n_splits=10, random_state=None, shuffle=False), n_jobs=-1
2026-09-17 16:05:26,017:WARNING:C:\Users\Putra\AppData\Local\Programs\Python\Python311\Lib\site-packages\pycaret\internal\metrics.py:204: FitFailedWarning: Metric 'make_scorer(roc_auc_score, response_method=('decision_function', 'predict_proba'), average=weighted, multi_class=ovr)' failed and error score 0.0 has been returned instead. If this is a custom metric, this usually means that the error is in the metric code. Full exception below:
Traceback (most recent call last):
  File "C:\Users\Putra\AppData\Local\Programs\Python\Python311\Lib\site-packages\pycaret\internal\metrics.py", line 196, in _score
    return super()._score(
           ^^^^^^^^^^^^^^^
  File "C:\Users\Putra\AppData\Local\Programs\Python\Python311\Lib\site-packages\sklearn\metrics\_scorer.py", line 350, in _score
    return self._sign * self._score_func(y_true, y_pred, **scoring_kwargs)
                        ^^^^^^^^^^^^^^^^^^^^^^^^^^^^^^^^^^^^^^^^^^^^^^^^^^
  File "C:\Users\Putra\AppData\Local\Programs\Python\Python311\Lib\site-packages\pycaret\internal\metrics.py", line 144, in __call__
    return self.score_func(y_true, y_pred, **kwargs)
           ^^^^^^^^^^^^^^^^^^^^^^^^^^^^^^^^^^^^^^^^^
  File "C:\Users\Putra\AppData\Local\Programs\Python\Python311\Lib\site-packages\sklearn\utils\_param_validation.py", line 213, in wrapper
    return func(*args, **kwargs)
           ^^^^^^^^^^^^^^^^^^^^^
  File "C:\Users\Putra\AppData\Local\Programs\Python\Python311\Lib\site-packages\sklearn\metrics\_ranking.py", line 634, in roc_auc_score
    return _multiclass_roc_auc_score(
           ^^^^^^^^^^^^^^^^^^^^^^^^^^
  File "C:\Users\Putra\AppData\Local\Programs\Python\Python311\Lib\site-packages\sklearn\metrics\_ranking.py", line 707, in _multiclass_roc_auc_score
    raise ValueError(
ValueError: Target scores need to be probabilities for multiclass roc_auc, i.e. they should sum up to 1.0 over classes

  warnings.warn(

2026-09-17 16:05:26,017:WARNING:C:\Users\Putra\AppData\Local\Programs\Python\Python311\Lib\site-packages\pycaret\internal\metrics.py:204: FitFailedWarning: Metric 'make_scorer(roc_auc_score, response_method=('decision_function', 'predict_proba'), average=weighted, multi_class=ovr)' failed and error score 0.0 has been returned instead. If this is a custom metric, this usually means that the error is in the metric code. Full exception below:
Traceback (most recent call last):
  File "C:\Users\Putra\AppData\Local\Programs\Python\Python311\Lib\site-packages\pycaret\internal\metrics.py", line 196, in _score
    return super()._score(
           ^^^^^^^^^^^^^^^
  File "C:\Users\Putra\AppData\Local\Programs\Python\Python311\Lib\site-packages\sklearn\metrics\_scorer.py", line 350, in _score
    return self._sign * self._score_func(y_true, y_pred, **scoring_kwargs)
                        ^^^^^^^^^^^^^^^^^^^^^^^^^^^^^^^^^^^^^^^^^^^^^^^^^^
  File "C:\Users\Putra\AppData\Local\Programs\Python\Python311\Lib\site-packages\pycaret\internal\metrics.py", line 144, in __call__
    return self.score_func(y_true, y_pred, **kwargs)
           ^^^^^^^^^^^^^^^^^^^^^^^^^^^^^^^^^^^^^^^^^
  File "C:\Users\Putra\AppData\Local\Programs\Python\Python311\Lib\site-packages\sklearn\utils\_param_validation.py", line 213, in wrapper
    return func(*args, **kwargs)
           ^^^^^^^^^^^^^^^^^^^^^
  File "C:\Users\Putra\AppData\Local\Programs\Python\Python311\Lib\site-packages\sklearn\metrics\_ranking.py", line 634, in roc_auc_score
    return _multiclass_roc_auc_score(
           ^^^^^^^^^^^^^^^^^^^^^^^^^^
  File "C:\Users\Putra\AppData\Local\Programs\Python\Python311\Lib\site-packages\sklearn\metrics\_ranking.py", line 707, in _multiclass_roc_auc_score
    raise ValueError(
ValueError: Target scores need to be probabilities for multiclass roc_auc, i.e. they should sum up to 1.0 over classes

  warnings.warn(

2026-09-17 16:05:26,017:WARNING:C:\Users\Putra\AppData\Local\Programs\Python\Python311\Lib\site-packages\pycaret\internal\metrics.py:204: FitFailedWarning: Metric 'make_scorer(roc_auc_score, response_method=('decision_function', 'predict_proba'), average=weighted, multi_class=ovr)' failed and error score 0.0 has been returned instead. If this is a custom metric, this usually means that the error is in the metric code. Full exception below:
Traceback (most recent call last):
  File "C:\Users\Putra\AppData\Local\Programs\Python\Python311\Lib\site-packages\pycaret\internal\metrics.py", line 196, in _score
    return super()._score(
           ^^^^^^^^^^^^^^^
  File "C:\Users\Putra\AppData\Local\Programs\Python\Python311\Lib\site-packages\sklearn\metrics\_scorer.py", line 350, in _score
    return self._sign * self._score_func(y_true, y_pred, **scoring_kwargs)
                        ^^^^^^^^^^^^^^^^^^^^^^^^^^^^^^^^^^^^^^^^^^^^^^^^^^
  File "C:\Users\Putra\AppData\Local\Programs\Python\Python311\Lib\site-packages\pycaret\internal\metrics.py", line 144, in __call__
    return self.score_func(y_true, y_pred, **kwargs)
           ^^^^^^^^^^^^^^^^^^^^^^^^^^^^^^^^^^^^^^^^^
  File "C:\Users\Putra\AppData\Local\Programs\Python\Python311\Lib\site-packages\sklearn\utils\_param_validation.py", line 213, in wrapper
    return func(*args, **kwargs)
           ^^^^^^^^^^^^^^^^^^^^^
  File "C:\Users\Putra\AppData\Local\Programs\Python\Python311\Lib\site-packages\sklearn\metrics\_ranking.py", line 634, in roc_auc_score
    return _multiclass_roc_auc_score(
           ^^^^^^^^^^^^^^^^^^^^^^^^^^
  File "C:\Users\Putra\AppData\Local\Programs\Python\Python311\Lib\site-packages\sklearn\metrics\_ranking.py", line 707, in _multiclass_roc_auc_score
    raise ValueError(
ValueError: Target scores need to be probabilities for multiclass roc_auc, i.e. they should sum up to 1.0 over classes

  warnings.warn(

2026-09-17 16:05:26,017:WARNING:C:\Users\Putra\AppData\Local\Programs\Python\Python311\Lib\site-packages\pycaret\internal\metrics.py:204: FitFailedWarning: Metric 'make_scorer(roc_auc_score, response_method=('decision_function', 'predict_proba'), average=weighted, multi_class=ovr)' failed and error score 0.0 has been returned instead. If this is a custom metric, this usually means that the error is in the metric code. Full exception below:
Traceback (most recent call last):
  File "C:\Users\Putra\AppData\Local\Programs\Python\Python311\Lib\site-packages\pycaret\internal\metrics.py", line 196, in _score
    return super()._score(
           ^^^^^^^^^^^^^^^
  File "C:\Users\Putra\AppData\Local\Programs\Python\Python311\Lib\site-packages\sklearn\metrics\_scorer.py", line 350, in _score
    return self._sign * self._score_func(y_true, y_pred, **scoring_kwargs)
                        ^^^^^^^^^^^^^^^^^^^^^^^^^^^^^^^^^^^^^^^^^^^^^^^^^^
  File "C:\Users\Putra\AppData\Local\Programs\Python\Python311\Lib\site-packages\pycaret\internal\metrics.py", line 144, in __call__
    return self.score_func(y_true, y_pred, **kwargs)
           ^^^^^^^^^^^^^^^^^^^^^^^^^^^^^^^^^^^^^^^^^
  File "C:\Users\Putra\AppData\Local\Programs\Python\Python311\Lib\site-packages\sklearn\utils\_param_validation.py", line 213, in wrapper
    return func(*args, **kwargs)
           ^^^^^^^^^^^^^^^^^^^^^
  File "C:\Users\Putra\AppData\Local\Programs\Python\Python311\Lib\site-packages\sklearn\metrics\_ranking.py", line 634, in roc_auc_score
    return _multiclass_roc_auc_score(
           ^^^^^^^^^^^^^^^^^^^^^^^^^^
  File "C:\Users\Putra\AppData\Local\Programs\Python\Python311\Lib\site-packages\sklearn\metrics\_ranking.py", line 707, in _multiclass_roc_auc_score
    raise ValueError(
ValueError: Target scores need to be probabilities for multiclass roc_auc, i.e. they should sum up to 1.0 over classes

  warnings.warn(

2026-09-17 16:05:26,018:WARNING:C:\Users\Putra\AppData\Local\Programs\Python\Python311\Lib\site-packages\pycaret\internal\metrics.py:204: FitFailedWarning: Metric 'make_scorer(roc_auc_score, response_method=('decision_function', 'predict_proba'), average=weighted, multi_class=ovr)' failed and error score 0.0 has been returned instead. If this is a custom metric, this usually means that the error is in the metric code. Full exception below:
Traceback (most recent call last):
  File "C:\Users\Putra\AppData\Local\Programs\Python\Python311\Lib\site-packages\pycaret\internal\metrics.py", line 196, in _score
    return super()._score(
           ^^^^^^^^^^^^^^^
  File "C:\Users\Putra\AppData\Local\Programs\Python\Python311\Lib\site-packages\sklearn\metrics\_scorer.py", line 350, in _score
    return self._sign * self._score_func(y_true, y_pred, **scoring_kwargs)
                        ^^^^^^^^^^^^^^^^^^^^^^^^^^^^^^^^^^^^^^^^^^^^^^^^^^
  File "C:\Users\Putra\AppData\Local\Programs\Python\Python311\Lib\site-packages\pycaret\internal\metrics.py", line 144, in __call__
    return self.score_func(y_true, y_pred, **kwargs)
           ^^^^^^^^^^^^^^^^^^^^^^^^^^^^^^^^^^^^^^^^^
  File "C:\Users\Putra\AppData\Local\Programs\Python\Python311\Lib\site-packages\sklearn\utils\_param_validation.py", line 213, in wrapper
    return func(*args, **kwargs)
           ^^^^^^^^^^^^^^^^^^^^^
  File "C:\Users\Putra\AppData\Local\Programs\Python\Python311\Lib\site-packages\sklearn\metrics\_ranking.py", line 634, in roc_auc_score
    return _multiclass_roc_auc_score(
           ^^^^^^^^^^^^^^^^^^^^^^^^^^
  File "C:\Users\Putra\AppData\Local\Programs\Python\Python311\Lib\site-packages\sklearn\metrics\_ranking.py", line 707, in _multiclass_roc_auc_score
    raise ValueError(
ValueError: Target scores need to be probabilities for multiclass roc_auc, i.e. they should sum up to 1.0 over classes

  warnings.warn(

2026-09-17 16:05:26,018:WARNING:C:\Users\Putra\AppData\Local\Programs\Python\Python311\Lib\site-packages\pycaret\internal\metrics.py:204: FitFailedWarning: Metric 'make_scorer(roc_auc_score, response_method=('decision_function', 'predict_proba'), average=weighted, multi_class=ovr)' failed and error score 0.0 has been returned instead. If this is a custom metric, this usually means that the error is in the metric code. Full exception below:
Traceback (most recent call last):
  File "C:\Users\Putra\AppData\Local\Programs\Python\Python311\Lib\site-packages\pycaret\internal\metrics.py", line 196, in _score
    return super()._score(
           ^^^^^^^^^^^^^^^
  File "C:\Users\Putra\AppData\Local\Programs\Python\Python311\Lib\site-packages\sklearn\metrics\_scorer.py", line 350, in _score
    return self._sign * self._score_func(y_true, y_pred, **scoring_kwargs)
                        ^^^^^^^^^^^^^^^^^^^^^^^^^^^^^^^^^^^^^^^^^^^^^^^^^^
  File "C:\Users\Putra\AppData\Local\Programs\Python\Python311\Lib\site-packages\pycaret\internal\metrics.py", line 144, in __call__
    return self.score_func(y_true, y_pred, **kwargs)
           ^^^^^^^^^^^^^^^^^^^^^^^^^^^^^^^^^^^^^^^^^
  File "C:\Users\Putra\AppData\Local\Programs\Python\Python311\Lib\site-packages\sklearn\utils\_param_validation.py", line 213, in wrapper
    return func(*args, **kwargs)
           ^^^^^^^^^^^^^^^^^^^^^
  File "C:\Users\Putra\AppData\Local\Programs\Python\Python311\Lib\site-packages\sklearn\metrics\_ranking.py", line 634, in roc_auc_score
    return _multiclass_roc_auc_score(
           ^^^^^^^^^^^^^^^^^^^^^^^^^^
  File "C:\Users\Putra\AppData\Local\Programs\Python\Python311\Lib\site-packages\sklearn\metrics\_ranking.py", line 707, in _multiclass_roc_auc_score
    raise ValueError(
ValueError: Target scores need to be probabilities for multiclass roc_auc, i.e. they should sum up to 1.0 over classes

  warnings.warn(

2026-09-17 16:05:26,018:WARNING:C:\Users\Putra\AppData\Local\Programs\Python\Python311\Lib\site-packages\pycaret\internal\metrics.py:204: FitFailedWarning: Metric 'make_scorer(roc_auc_score, response_method=('decision_function', 'predict_proba'), average=weighted, multi_class=ovr)' failed and error score 0.0 has been returned instead. If this is a custom metric, this usually means that the error is in the metric code. Full exception below:
Traceback (most recent call last):
  File "C:\Users\Putra\AppData\Local\Programs\Python\Python311\Lib\site-packages\pycaret\internal\metrics.py", line 196, in _score
    return super()._score(
           ^^^^^^^^^^^^^^^
  File "C:\Users\Putra\AppData\Local\Programs\Python\Python311\Lib\site-packages\sklearn\metrics\_scorer.py", line 350, in _score
    return self._sign * self._score_func(y_true, y_pred, **scoring_kwargs)
                        ^^^^^^^^^^^^^^^^^^^^^^^^^^^^^^^^^^^^^^^^^^^^^^^^^^
  File "C:\Users\Putra\AppData\Local\Programs\Python\Python311\Lib\site-packages\pycaret\internal\metrics.py", line 144, in __call__
    return self.score_func(y_true, y_pred, **kwargs)
           ^^^^^^^^^^^^^^^^^^^^^^^^^^^^^^^^^^^^^^^^^
  File "C:\Users\Putra\AppData\Local\Programs\Python\Python311\Lib\site-packages\sklearn\utils\_param_validation.py", line 213, in wrapper
    return func(*args, **kwargs)
           ^^^^^^^^^^^^^^^^^^^^^
  File "C:\Users\Putra\AppData\Local\Programs\Python\Python311\Lib\site-packages\sklearn\metrics\_ranking.py", line 634, in roc_auc_score
    return _multiclass_roc_auc_score(
           ^^^^^^^^^^^^^^^^^^^^^^^^^^
  File "C:\Users\Putra\AppData\Local\Programs\Python\Python311\Lib\site-packages\sklearn\metrics\_ranking.py", line 707, in _multiclass_roc_auc_score
    raise ValueError(
ValueError: Target scores need to be probabilities for multiclass roc_auc, i.e. they should sum up to 1.0 over classes

  warnings.warn(

2026-09-17 16:05:26,018:WARNING:C:\Users\Putra\AppData\Local\Programs\Python\Python311\Lib\site-packages\pycaret\internal\metrics.py:204: FitFailedWarning: Metric 'make_scorer(roc_auc_score, response_method=('decision_function', 'predict_proba'), average=weighted, multi_class=ovr)' failed and error score 0.0 has been returned instead. If this is a custom metric, this usually means that the error is in the metric code. Full exception below:
Traceback (most recent call last):
  File "C:\Users\Putra\AppData\Local\Programs\Python\Python311\Lib\site-packages\pycaret\internal\metrics.py", line 196, in _score
    return super()._score(
           ^^^^^^^^^^^^^^^
  File "C:\Users\Putra\AppData\Local\Programs\Python\Python311\Lib\site-packages\sklearn\metrics\_scorer.py", line 350, in _score
    return self._sign * self._score_func(y_true, y_pred, **scoring_kwargs)
                        ^^^^^^^^^^^^^^^^^^^^^^^^^^^^^^^^^^^^^^^^^^^^^^^^^^
  File "C:\Users\Putra\AppData\Local\Programs\Python\Python311\Lib\site-packages\pycaret\internal\metrics.py", line 144, in __call__
    return self.score_func(y_true, y_pred, **kwargs)
           ^^^^^^^^^^^^^^^^^^^^^^^^^^^^^^^^^^^^^^^^^
  File "C:\Users\Putra\AppData\Local\Programs\Python\Python311\Lib\site-packages\sklearn\utils\_param_validation.py", line 213, in wrapper
    return func(*args, **kwargs)
           ^^^^^^^^^^^^^^^^^^^^^
  File "C:\Users\Putra\AppData\Local\Programs\Python\Python311\Lib\site-packages\sklearn\metrics\_ranking.py", line 634, in roc_auc_score
    return _multiclass_roc_auc_score(
           ^^^^^^^^^^^^^^^^^^^^^^^^^^
  File "C:\Users\Putra\AppData\Local\Programs\Python\Python311\Lib\site-packages\sklearn\metrics\_ranking.py", line 707, in _multiclass_roc_auc_score
    raise ValueError(
ValueError: Target scores need to be probabilities for multiclass roc_auc, i.e. they should sum up to 1.0 over classes

  warnings.warn(

2026-09-17 16:05:26,018:WARNING:C:\Users\Putra\AppData\Local\Programs\Python\Python311\Lib\site-packages\pycaret\internal\metrics.py:204: FitFailedWarning: Metric 'make_scorer(roc_auc_score, response_method=('decision_function', 'predict_proba'), average=weighted, multi_class=ovr)' failed and error score 0.0 has been returned instead. If this is a custom metric, this usually means that the error is in the metric code. Full exception below:
Traceback (most recent call last):
  File "C:\Users\Putra\AppData\Local\Programs\Python\Python311\Lib\site-packages\pycaret\internal\metrics.py", line 196, in _score
    return super()._score(
           ^^^^^^^^^^^^^^^
  File "C:\Users\Putra\AppData\Local\Programs\Python\Python311\Lib\site-packages\sklearn\metrics\_scorer.py", line 350, in _score
    return self._sign * self._score_func(y_true, y_pred, **scoring_kwargs)
                        ^^^^^^^^^^^^^^^^^^^^^^^^^^^^^^^^^^^^^^^^^^^^^^^^^^
  File "C:\Users\Putra\AppData\Local\Programs\Python\Python311\Lib\site-packages\pycaret\internal\metrics.py", line 144, in __call__
    return self.score_func(y_true, y_pred, **kwargs)
           ^^^^^^^^^^^^^^^^^^^^^^^^^^^^^^^^^^^^^^^^^
  File "C:\Users\Putra\AppData\Local\Programs\Python\Python311\Lib\site-packages\sklearn\utils\_param_validation.py", line 213, in wrapper
    return func(*args, **kwargs)
           ^^^^^^^^^^^^^^^^^^^^^
  File "C:\Users\Putra\AppData\Local\Programs\Python\Python311\Lib\site-packages\sklearn\metrics\_ranking.py", line 634, in roc_auc_score
    return _multiclass_roc_auc_score(
           ^^^^^^^^^^^^^^^^^^^^^^^^^^
  File "C:\Users\Putra\AppData\Local\Programs\Python\Python311\Lib\site-packages\sklearn\metrics\_ranking.py", line 707, in _multiclass_roc_auc_score
    raise ValueError(
ValueError: Target scores need to be probabilities for multiclass roc_auc, i.e. they should sum up to 1.0 over classes

  warnings.warn(

2026-09-17 16:05:26,032:WARNING:C:\Users\Putra\AppData\Local\Programs\Python\Python311\Lib\site-packages\pycaret\internal\metrics.py:204: FitFailedWarning: Metric 'make_scorer(roc_auc_score, response_method=('decision_function', 'predict_proba'), average=weighted, multi_class=ovr)' failed and error score 0.0 has been returned instead. If this is a custom metric, this usually means that the error is in the metric code. Full exception below:
Traceback (most recent call last):
  File "C:\Users\Putra\AppData\Local\Programs\Python\Python311\Lib\site-packages\pycaret\internal\metrics.py", line 196, in _score
    return super()._score(
           ^^^^^^^^^^^^^^^
  File "C:\Users\Putra\AppData\Local\Programs\Python\Python311\Lib\site-packages\sklearn\metrics\_scorer.py", line 350, in _score
    return self._sign * self._score_func(y_true, y_pred, **scoring_kwargs)
                        ^^^^^^^^^^^^^^^^^^^^^^^^^^^^^^^^^^^^^^^^^^^^^^^^^^
  File "C:\Users\Putra\AppData\Local\Programs\Python\Python311\Lib\site-packages\pycaret\internal\metrics.py", line 144, in __call__
    return self.score_func(y_true, y_pred, **kwargs)
           ^^^^^^^^^^^^^^^^^^^^^^^^^^^^^^^^^^^^^^^^^
  File "C:\Users\Putra\AppData\Local\Programs\Python\Python311\Lib\site-packages\sklearn\utils\_param_validation.py", line 213, in wrapper
    return func(*args, **kwargs)
           ^^^^^^^^^^^^^^^^^^^^^
  File "C:\Users\Putra\AppData\Local\Programs\Python\Python311\Lib\site-packages\sklearn\metrics\_ranking.py", line 634, in roc_auc_score
    return _multiclass_roc_auc_score(
           ^^^^^^^^^^^^^^^^^^^^^^^^^^
  File "C:\Users\Putra\AppData\Local\Programs\Python\Python311\Lib\site-packages\sklearn\metrics\_ranking.py", line 707, in _multiclass_roc_auc_score
    raise ValueError(
ValueError: Target scores need to be probabilities for multiclass roc_auc, i.e. they should sum up to 1.0 over classes

  warnings.warn(

2026-09-17 16:05:26,064:INFO:Calculating mean and std
2026-09-17 16:05:26,065:INFO:Creating metrics dataframe
2026-09-17 16:05:26,067:INFO:Uploading results into container
2026-09-17 16:05:26,068:INFO:Uploading model into container now
2026-09-17 16:05:26,070:INFO:_master_model_container: 6
2026-09-17 16:05:26,070:INFO:_display_container: 2
2026-09-17 16:05:26,070:INFO:RidgeClassifier(alpha=1.0, class_weight=None, copy_X=True, fit_intercept=True,
                max_iter=None, positive=False, random_state=2955, solver='auto',
                tol=0.0001)
2026-09-17 16:05:26,070:INFO:create_model() successfully completed......................................
2026-09-17 16:05:26,396:INFO:SubProcess create_model() end ==================================
2026-09-17 16:05:26,397:INFO:Creating metrics dataframe
2026-09-17 16:05:26,399:INFO:Initializing Random Forest Classifier
2026-09-17 16:05:26,399:INFO:Total runtime is 0.16940550009409586 minutes
2026-09-17 16:05:26,399:INFO:SubProcess create_model() called ==================================
2026-09-17 16:05:26,399:INFO:Initializing create_model()
2026-09-17 16:05:26,399:INFO:create_model(self=<pycaret.classification.oop.ClassificationExperiment object at 0x0000023D51878B10>, estimator=rf, fold=StratifiedKFold(n_splits=10, random_state=None, shuffle=False), round=4, cross_validation=True, predict=True, fit_kwargs={}, groups=None, refit=False, probability_threshold=None, experiment_custom_tags=None, verbose=False, system=False, add_to_model_list=True, metrics=None, display=<pycaret.internal.display.display.CommonDisplay object at 0x0000023D5938BD10>, model_only=True, return_train_score=False, error_score=0.0, kwargs={})
2026-09-17 16:05:26,399:INFO:Checking exceptions
2026-09-17 16:05:26,399:INFO:Importing libraries
2026-09-17 16:05:26,399:INFO:Copying training dataset
2026-09-17 16:05:26,403:INFO:Defining folds
2026-09-17 16:05:26,403:INFO:Declaring metric variables
2026-09-17 16:05:26,405:INFO:Importing untrained model
2026-09-17 16:05:26,405:INFO:Random Forest Classifier Imported successfully
2026-09-17 16:05:26,406:INFO:Starting cross validation
2026-09-17 16:05:26,406:INFO:Cross validating with StratifiedKFold(n_splits=10, random_state=None, shuffle=False), n_jobs=-1
2026-09-17 16:05:26,748:INFO:Calculating mean and std
2026-09-17 16:05:26,749:INFO:Creating metrics dataframe
2026-09-17 16:05:26,750:INFO:Uploading results into container
2026-09-17 16:05:26,751:INFO:Uploading model into container now
2026-09-17 16:05:26,751:INFO:_master_model_container: 7
2026-09-17 16:05:26,751:INFO:_display_container: 2
2026-09-17 16:05:26,751:INFO:RandomForestClassifier(bootstrap=True, ccp_alpha=0.0, class_weight=None,
                       criterion='gini', max_depth=None, max_features='sqrt',
                       max_leaf_nodes=None, max_samples=None,
                       min_impurity_decrease=0.0, min_samples_leaf=1,
                       min_samples_split=2, min_weight_fraction_leaf=0.0,
                       monotonic_cst=None, n_estimators=100, n_jobs=-1,
                       oob_score=False, random_state=2955, verbose=0,
                       warm_start=False)
2026-09-17 16:05:26,751:INFO:create_model() successfully completed......................................
2026-09-17 16:05:26,825:INFO:SubProcess create_model() end ==================================
2026-09-17 16:05:26,825:INFO:Creating metrics dataframe
2026-09-17 16:05:26,827:INFO:Initializing Quadratic Discriminant Analysis
2026-09-17 16:05:26,827:INFO:Total runtime is 0.1765298088391622 minutes
2026-09-17 16:05:26,827:INFO:SubProcess create_model() called ==================================
2026-09-17 16:05:26,827:INFO:Initializing create_model()
2026-09-17 16:05:26,827:INFO:create_model(self=<pycaret.classification.oop.ClassificationExperiment object at 0x0000023D51878B10>, estimator=qda, fold=StratifiedKFold(n_splits=10, random_state=None, shuffle=False), round=4, cross_validation=True, predict=True, fit_kwargs={}, groups=None, refit=False, probability_threshold=None, experiment_custom_tags=None, verbose=False, system=False, add_to_model_list=True, metrics=None, display=<pycaret.internal.display.display.CommonDisplay object at 0x0000023D5938BD10>, model_only=True, return_train_score=False, error_score=0.0, kwargs={})
2026-09-17 16:05:26,827:INFO:Checking exceptions
2026-09-17 16:05:26,827:INFO:Importing libraries
2026-09-17 16:05:26,827:INFO:Copying training dataset
2026-09-17 16:05:26,828:INFO:Defining folds
2026-09-17 16:05:26,828:INFO:Declaring metric variables
2026-09-17 16:05:26,829:INFO:Importing untrained model
2026-09-17 16:05:26,829:INFO:Quadratic Discriminant Analysis Imported successfully
2026-09-17 16:05:26,829:INFO:Starting cross validation
2026-09-17 16:05:26,829:INFO:Cross validating with StratifiedKFold(n_splits=10, random_state=None, shuffle=False), n_jobs=-1
2026-09-17 16:05:26,864:WARNING:C:\Users\Putra\AppData\Local\Programs\Python\Python311\Lib\site-packages\pycaret\internal\metrics.py:204: FitFailedWarning: Metric 'make_scorer(roc_auc_score, response_method=('decision_function', 'predict_proba'), average=weighted, multi_class=ovr)' failed and error score 0.0 has been returned instead. If this is a custom metric, this usually means that the error is in the metric code. Full exception below:
Traceback (most recent call last):
  File "C:\Users\Putra\AppData\Local\Programs\Python\Python311\Lib\site-packages\pycaret\internal\metrics.py", line 196, in _score
    return super()._score(
           ^^^^^^^^^^^^^^^
  File "C:\Users\Putra\AppData\Local\Programs\Python\Python311\Lib\site-packages\sklearn\metrics\_scorer.py", line 350, in _score
    return self._sign * self._score_func(y_true, y_pred, **scoring_kwargs)
                        ^^^^^^^^^^^^^^^^^^^^^^^^^^^^^^^^^^^^^^^^^^^^^^^^^^
  File "C:\Users\Putra\AppData\Local\Programs\Python\Python311\Lib\site-packages\pycaret\internal\metrics.py", line 144, in __call__
    return self.score_func(y_true, y_pred, **kwargs)
           ^^^^^^^^^^^^^^^^^^^^^^^^^^^^^^^^^^^^^^^^^
  File "C:\Users\Putra\AppData\Local\Programs\Python\Python311\Lib\site-packages\sklearn\utils\_param_validation.py", line 213, in wrapper
    return func(*args, **kwargs)
           ^^^^^^^^^^^^^^^^^^^^^
  File "C:\Users\Putra\AppData\Local\Programs\Python\Python311\Lib\site-packages\sklearn\metrics\_ranking.py", line 634, in roc_auc_score
    return _multiclass_roc_auc_score(
           ^^^^^^^^^^^^^^^^^^^^^^^^^^
  File "C:\Users\Putra\AppData\Local\Programs\Python\Python311\Lib\site-packages\sklearn\metrics\_ranking.py", line 707, in _multiclass_roc_auc_score
    raise ValueError(
ValueError: Target scores need to be probabilities for multiclass roc_auc, i.e. they should sum up to 1.0 over classes

  warnings.warn(

2026-09-17 16:05:26,864:WARNING:C:\Users\Putra\AppData\Local\Programs\Python\Python311\Lib\site-packages\pycaret\internal\metrics.py:204: FitFailedWarning: Metric 'make_scorer(roc_auc_score, response_method=('decision_function', 'predict_proba'), average=weighted, multi_class=ovr)' failed and error score 0.0 has been returned instead. If this is a custom metric, this usually means that the error is in the metric code. Full exception below:
Traceback (most recent call last):
  File "C:\Users\Putra\AppData\Local\Programs\Python\Python311\Lib\site-packages\pycaret\internal\metrics.py", line 196, in _score
    return super()._score(
           ^^^^^^^^^^^^^^^
  File "C:\Users\Putra\AppData\Local\Programs\Python\Python311\Lib\site-packages\sklearn\metrics\_scorer.py", line 350, in _score
    return self._sign * self._score_func(y_true, y_pred, **scoring_kwargs)
                        ^^^^^^^^^^^^^^^^^^^^^^^^^^^^^^^^^^^^^^^^^^^^^^^^^^
  File "C:\Users\Putra\AppData\Local\Programs\Python\Python311\Lib\site-packages\pycaret\internal\metrics.py", line 144, in __call__
    return self.score_func(y_true, y_pred, **kwargs)
           ^^^^^^^^^^^^^^^^^^^^^^^^^^^^^^^^^^^^^^^^^
  File "C:\Users\Putra\AppData\Local\Programs\Python\Python311\Lib\site-packages\sklearn\utils\_param_validation.py", line 213, in wrapper
    return func(*args, **kwargs)
           ^^^^^^^^^^^^^^^^^^^^^
  File "C:\Users\Putra\AppData\Local\Programs\Python\Python311\Lib\site-packages\sklearn\metrics\_ranking.py", line 634, in roc_auc_score
    return _multiclass_roc_auc_score(
           ^^^^^^^^^^^^^^^^^^^^^^^^^^
  File "C:\Users\Putra\AppData\Local\Programs\Python\Python311\Lib\site-packages\sklearn\metrics\_ranking.py", line 707, in _multiclass_roc_auc_score
    raise ValueError(
ValueError: Target scores need to be probabilities for multiclass roc_auc, i.e. they should sum up to 1.0 over classes

  warnings.warn(

2026-09-17 16:05:26,866:WARNING:C:\Users\Putra\AppData\Local\Programs\Python\Python311\Lib\site-packages\pycaret\internal\metrics.py:204: FitFailedWarning: Metric 'make_scorer(roc_auc_score, response_method=('decision_function', 'predict_proba'), average=weighted, multi_class=ovr)' failed and error score 0.0 has been returned instead. If this is a custom metric, this usually means that the error is in the metric code. Full exception below:
Traceback (most recent call last):
  File "C:\Users\Putra\AppData\Local\Programs\Python\Python311\Lib\site-packages\pycaret\internal\metrics.py", line 196, in _score
    return super()._score(
           ^^^^^^^^^^^^^^^
  File "C:\Users\Putra\AppData\Local\Programs\Python\Python311\Lib\site-packages\sklearn\metrics\_scorer.py", line 350, in _score
    return self._sign * self._score_func(y_true, y_pred, **scoring_kwargs)
                        ^^^^^^^^^^^^^^^^^^^^^^^^^^^^^^^^^^^^^^^^^^^^^^^^^^
  File "C:\Users\Putra\AppData\Local\Programs\Python\Python311\Lib\site-packages\pycaret\internal\metrics.py", line 144, in __call__
    return self.score_func(y_true, y_pred, **kwargs)
           ^^^^^^^^^^^^^^^^^^^^^^^^^^^^^^^^^^^^^^^^^
  File "C:\Users\Putra\AppData\Local\Programs\Python\Python311\Lib\site-packages\sklearn\utils\_param_validation.py", line 213, in wrapper
    return func(*args, **kwargs)
           ^^^^^^^^^^^^^^^^^^^^^
  File "C:\Users\Putra\AppData\Local\Programs\Python\Python311\Lib\site-packages\sklearn\metrics\_ranking.py", line 634, in roc_auc_score
    return _multiclass_roc_auc_score(
           ^^^^^^^^^^^^^^^^^^^^^^^^^^
  File "C:\Users\Putra\AppData\Local\Programs\Python\Python311\Lib\site-packages\sklearn\metrics\_ranking.py", line 707, in _multiclass_roc_auc_score
    raise ValueError(
ValueError: Target scores need to be probabilities for multiclass roc_auc, i.e. they should sum up to 1.0 over classes

  warnings.warn(

2026-09-17 16:05:26,866:WARNING:C:\Users\Putra\AppData\Local\Programs\Python\Python311\Lib\site-packages\pycaret\internal\metrics.py:204: FitFailedWarning: Metric 'make_scorer(roc_auc_score, response_method=('decision_function', 'predict_proba'), average=weighted, multi_class=ovr)' failed and error score 0.0 has been returned instead. If this is a custom metric, this usually means that the error is in the metric code. Full exception below:
Traceback (most recent call last):
  File "C:\Users\Putra\AppData\Local\Programs\Python\Python311\Lib\site-packages\pycaret\internal\metrics.py", line 196, in _score
    return super()._score(
           ^^^^^^^^^^^^^^^
  File "C:\Users\Putra\AppData\Local\Programs\Python\Python311\Lib\site-packages\sklearn\metrics\_scorer.py", line 350, in _score
    return self._sign * self._score_func(y_true, y_pred, **scoring_kwargs)
                        ^^^^^^^^^^^^^^^^^^^^^^^^^^^^^^^^^^^^^^^^^^^^^^^^^^
  File "C:\Users\Putra\AppData\Local\Programs\Python\Python311\Lib\site-packages\pycaret\internal\metrics.py", line 144, in __call__
    return self.score_func(y_true, y_pred, **kwargs)
           ^^^^^^^^^^^^^^^^^^^^^^^^^^^^^^^^^^^^^^^^^
  File "C:\Users\Putra\AppData\Local\Programs\Python\Python311\Lib\site-packages\sklearn\utils\_param_validation.py", line 213, in wrapper
    return func(*args, **kwargs)
           ^^^^^^^^^^^^^^^^^^^^^
  File "C:\Users\Putra\AppData\Local\Programs\Python\Python311\Lib\site-packages\sklearn\metrics\_ranking.py", line 634, in roc_auc_score
    return _multiclass_roc_auc_score(
           ^^^^^^^^^^^^^^^^^^^^^^^^^^
  File "C:\Users\Putra\AppData\Local\Programs\Python\Python311\Lib\site-packages\sklearn\metrics\_ranking.py", line 707, in _multiclass_roc_auc_score
    raise ValueError(
ValueError: Target scores need to be probabilities for multiclass roc_auc, i.e. they should sum up to 1.0 over classes

  warnings.warn(

2026-09-17 16:05:26,867:WARNING:C:\Users\Putra\AppData\Local\Programs\Python\Python311\Lib\site-packages\pycaret\internal\metrics.py:204: FitFailedWarning: Metric 'make_scorer(roc_auc_score, response_method=('decision_function', 'predict_proba'), average=weighted, multi_class=ovr)' failed and error score 0.0 has been returned instead. If this is a custom metric, this usually means that the error is in the metric code. Full exception below:
Traceback (most recent call last):
  File "C:\Users\Putra\AppData\Local\Programs\Python\Python311\Lib\site-packages\pycaret\internal\metrics.py", line 196, in _score
    return super()._score(
           ^^^^^^^^^^^^^^^
  File "C:\Users\Putra\AppData\Local\Programs\Python\Python311\Lib\site-packages\sklearn\metrics\_scorer.py", line 350, in _score
    return self._sign * self._score_func(y_true, y_pred, **scoring_kwargs)
                        ^^^^^^^^^^^^^^^^^^^^^^^^^^^^^^^^^^^^^^^^^^^^^^^^^^
  File "C:\Users\Putra\AppData\Local\Programs\Python\Python311\Lib\site-packages\pycaret\internal\metrics.py", line 144, in __call__
    return self.score_func(y_true, y_pred, **kwargs)
           ^^^^^^^^^^^^^^^^^^^^^^^^^^^^^^^^^^^^^^^^^
  File "C:\Users\Putra\AppData\Local\Programs\Python\Python311\Lib\site-packages\sklearn\utils\_param_validation.py", line 213, in wrapper
    return func(*args, **kwargs)
           ^^^^^^^^^^^^^^^^^^^^^
  File "C:\Users\Putra\AppData\Local\Programs\Python\Python311\Lib\site-packages\sklearn\metrics\_ranking.py", line 634, in roc_auc_score
    return _multiclass_roc_auc_score(
           ^^^^^^^^^^^^^^^^^^^^^^^^^^
  File "C:\Users\Putra\AppData\Local\Programs\Python\Python311\Lib\site-packages\sklearn\metrics\_ranking.py", line 707, in _multiclass_roc_auc_score
    raise ValueError(
ValueError: Target scores need to be probabilities for multiclass roc_auc, i.e. they should sum up to 1.0 over classes

  warnings.warn(

2026-09-17 16:05:26,867:WARNING:C:\Users\Putra\AppData\Local\Programs\Python\Python311\Lib\site-packages\pycaret\internal\metrics.py:204: FitFailedWarning: Metric 'make_scorer(roc_auc_score, response_method=('decision_function', 'predict_proba'), average=weighted, multi_class=ovr)' failed and error score 0.0 has been returned instead. If this is a custom metric, this usually means that the error is in the metric code. Full exception below:
Traceback (most recent call last):
  File "C:\Users\Putra\AppData\Local\Programs\Python\Python311\Lib\site-packages\pycaret\internal\metrics.py", line 196, in _score
    return super()._score(
           ^^^^^^^^^^^^^^^
  File "C:\Users\Putra\AppData\Local\Programs\Python\Python311\Lib\site-packages\sklearn\metrics\_scorer.py", line 350, in _score
    return self._sign * self._score_func(y_true, y_pred, **scoring_kwargs)
                        ^^^^^^^^^^^^^^^^^^^^^^^^^^^^^^^^^^^^^^^^^^^^^^^^^^
  File "C:\Users\Putra\AppData\Local\Programs\Python\Python311\Lib\site-packages\pycaret\internal\metrics.py", line 144, in __call__
    return self.score_func(y_true, y_pred, **kwargs)
           ^^^^^^^^^^^^^^^^^^^^^^^^^^^^^^^^^^^^^^^^^
  File "C:\Users\Putra\AppData\Local\Programs\Python\Python311\Lib\site-packages\sklearn\utils\_param_validation.py", line 213, in wrapper
    return func(*args, **kwargs)
           ^^^^^^^^^^^^^^^^^^^^^
  File "C:\Users\Putra\AppData\Local\Programs\Python\Python311\Lib\site-packages\sklearn\metrics\_ranking.py", line 634, in roc_auc_score
    return _multiclass_roc_auc_score(
           ^^^^^^^^^^^^^^^^^^^^^^^^^^
  File "C:\Users\Putra\AppData\Local\Programs\Python\Python311\Lib\site-packages\sklearn\metrics\_ranking.py", line 707, in _multiclass_roc_auc_score
    raise ValueError(
ValueError: Target scores need to be probabilities for multiclass roc_auc, i.e. they should sum up to 1.0 over classes

  warnings.warn(

2026-09-17 16:05:26,867:WARNING:C:\Users\Putra\AppData\Local\Programs\Python\Python311\Lib\site-packages\pycaret\internal\metrics.py:204: FitFailedWarning: Metric 'make_scorer(roc_auc_score, response_method=('decision_function', 'predict_proba'), average=weighted, multi_class=ovr)' failed and error score 0.0 has been returned instead. If this is a custom metric, this usually means that the error is in the metric code. Full exception below:
Traceback (most recent call last):
  File "C:\Users\Putra\AppData\Local\Programs\Python\Python311\Lib\site-packages\pycaret\internal\metrics.py", line 196, in _score
    return super()._score(
           ^^^^^^^^^^^^^^^
  File "C:\Users\Putra\AppData\Local\Programs\Python\Python311\Lib\site-packages\sklearn\metrics\_scorer.py", line 350, in _score
    return self._sign * self._score_func(y_true, y_pred, **scoring_kwargs)
                        ^^^^^^^^^^^^^^^^^^^^^^^^^^^^^^^^^^^^^^^^^^^^^^^^^^
  File "C:\Users\Putra\AppData\Local\Programs\Python\Python311\Lib\site-packages\pycaret\internal\metrics.py", line 144, in __call__
    return self.score_func(y_true, y_pred, **kwargs)
           ^^^^^^^^^^^^^^^^^^^^^^^^^^^^^^^^^^^^^^^^^
  File "C:\Users\Putra\AppData\Local\Programs\Python\Python311\Lib\site-packages\sklearn\utils\_param_validation.py", line 213, in wrapper
    return func(*args, **kwargs)
           ^^^^^^^^^^^^^^^^^^^^^
  File "C:\Users\Putra\AppData\Local\Programs\Python\Python311\Lib\site-packages\sklearn\metrics\_ranking.py", line 634, in roc_auc_score
    return _multiclass_roc_auc_score(
           ^^^^^^^^^^^^^^^^^^^^^^^^^^
  File "C:\Users\Putra\AppData\Local\Programs\Python\Python311\Lib\site-packages\sklearn\metrics\_ranking.py", line 707, in _multiclass_roc_auc_score
    raise ValueError(
ValueError: Target scores need to be probabilities for multiclass roc_auc, i.e. they should sum up to 1.0 over classes

  warnings.warn(

2026-09-17 16:05:26,867:WARNING:C:\Users\Putra\AppData\Local\Programs\Python\Python311\Lib\site-packages\pycaret\internal\metrics.py:204: FitFailedWarning: Metric 'make_scorer(roc_auc_score, response_method=('decision_function', 'predict_proba'), average=weighted, multi_class=ovr)' failed and error score 0.0 has been returned instead. If this is a custom metric, this usually means that the error is in the metric code. Full exception below:
Traceback (most recent call last):
  File "C:\Users\Putra\AppData\Local\Programs\Python\Python311\Lib\site-packages\pycaret\internal\metrics.py", line 196, in _score
    return super()._score(
           ^^^^^^^^^^^^^^^
  File "C:\Users\Putra\AppData\Local\Programs\Python\Python311\Lib\site-packages\sklearn\metrics\_scorer.py", line 350, in _score
    return self._sign * self._score_func(y_true, y_pred, **scoring_kwargs)
                        ^^^^^^^^^^^^^^^^^^^^^^^^^^^^^^^^^^^^^^^^^^^^^^^^^^
  File "C:\Users\Putra\AppData\Local\Programs\Python\Python311\Lib\site-packages\pycaret\internal\metrics.py", line 144, in __call__
    return self.score_func(y_true, y_pred, **kwargs)
           ^^^^^^^^^^^^^^^^^^^^^^^^^^^^^^^^^^^^^^^^^
  File "C:\Users\Putra\AppData\Local\Programs\Python\Python311\Lib\site-packages\sklearn\utils\_param_validation.py", line 213, in wrapper
    return func(*args, **kwargs)
           ^^^^^^^^^^^^^^^^^^^^^
  File "C:\Users\Putra\AppData\Local\Programs\Python\Python311\Lib\site-packages\sklearn\metrics\_ranking.py", line 634, in roc_auc_score
    return _multiclass_roc_auc_score(
           ^^^^^^^^^^^^^^^^^^^^^^^^^^
  File "C:\Users\Putra\AppData\Local\Programs\Python\Python311\Lib\site-packages\sklearn\metrics\_ranking.py", line 707, in _multiclass_roc_auc_score
    raise ValueError(
ValueError: Target scores need to be probabilities for multiclass roc_auc, i.e. they should sum up to 1.0 over classes

  warnings.warn(

2026-09-17 16:05:26,867:WARNING:C:\Users\Putra\AppData\Local\Programs\Python\Python311\Lib\site-packages\pycaret\internal\metrics.py:204: FitFailedWarning: Metric 'make_scorer(roc_auc_score, response_method=('decision_function', 'predict_proba'), average=weighted, multi_class=ovr)' failed and error score 0.0 has been returned instead. If this is a custom metric, this usually means that the error is in the metric code. Full exception below:
Traceback (most recent call last):
  File "C:\Users\Putra\AppData\Local\Programs\Python\Python311\Lib\site-packages\pycaret\internal\metrics.py", line 196, in _score
    return super()._score(
           ^^^^^^^^^^^^^^^
  File "C:\Users\Putra\AppData\Local\Programs\Python\Python311\Lib\site-packages\sklearn\metrics\_scorer.py", line 350, in _score
    return self._sign * self._score_func(y_true, y_pred, **scoring_kwargs)
                        ^^^^^^^^^^^^^^^^^^^^^^^^^^^^^^^^^^^^^^^^^^^^^^^^^^
  File "C:\Users\Putra\AppData\Local\Programs\Python\Python311\Lib\site-packages\pycaret\internal\metrics.py", line 144, in __call__
    return self.score_func(y_true, y_pred, **kwargs)
           ^^^^^^^^^^^^^^^^^^^^^^^^^^^^^^^^^^^^^^^^^
  File "C:\Users\Putra\AppData\Local\Programs\Python\Python311\Lib\site-packages\sklearn\utils\_param_validation.py", line 213, in wrapper
    return func(*args, **kwargs)
           ^^^^^^^^^^^^^^^^^^^^^
  File "C:\Users\Putra\AppData\Local\Programs\Python\Python311\Lib\site-packages\sklearn\metrics\_ranking.py", line 634, in roc_auc_score
    return _multiclass_roc_auc_score(
           ^^^^^^^^^^^^^^^^^^^^^^^^^^
  File "C:\Users\Putra\AppData\Local\Programs\Python\Python311\Lib\site-packages\sklearn\metrics\_ranking.py", line 707, in _multiclass_roc_auc_score
    raise ValueError(
ValueError: Target scores need to be probabilities for multiclass roc_auc, i.e. they should sum up to 1.0 over classes

  warnings.warn(

2026-09-17 16:05:26,888:INFO:Calculating mean and std
2026-09-17 16:05:26,888:INFO:Creating metrics dataframe
2026-09-17 16:05:26,889:INFO:Uploading results into container
2026-09-17 16:05:26,890:INFO:Uploading model into container now
2026-09-17 16:05:26,890:INFO:_master_model_container: 8
2026-09-17 16:05:26,890:INFO:_display_container: 2
2026-09-17 16:05:26,890:INFO:QuadraticDiscriminantAnalysis(priors=None, reg_param=0.0,
                              store_covariance=False, tol=0.0001)
2026-09-17 16:05:26,890:INFO:create_model() successfully completed......................................
2026-09-17 16:05:26,987:INFO:SubProcess create_model() end ==================================
2026-09-17 16:05:26,987:INFO:Creating metrics dataframe
2026-09-17 16:05:26,988:INFO:Initializing Ada Boost Classifier
2026-09-17 16:05:26,988:INFO:Total runtime is 0.17921210130055745 minutes
2026-09-17 16:05:26,989:INFO:SubProcess create_model() called ==================================
2026-09-17 16:05:26,989:INFO:Initializing create_model()
2026-09-17 16:05:26,989:INFO:create_model(self=<pycaret.classification.oop.ClassificationExperiment object at 0x0000023D51878B10>, estimator=ada, fold=StratifiedKFold(n_splits=10, random_state=None, shuffle=False), round=4, cross_validation=True, predict=True, fit_kwargs={}, groups=None, refit=False, probability_threshold=None, experiment_custom_tags=None, verbose=False, system=False, add_to_model_list=True, metrics=None, display=<pycaret.internal.display.display.CommonDisplay object at 0x0000023D5938BD10>, model_only=True, return_train_score=False, error_score=0.0, kwargs={})
2026-09-17 16:05:26,989:INFO:Checking exceptions
2026-09-17 16:05:26,989:INFO:Importing libraries
2026-09-17 16:05:26,989:INFO:Copying training dataset
2026-09-17 16:05:26,990:INFO:Defining folds
2026-09-17 16:05:26,991:INFO:Declaring metric variables
2026-09-17 16:05:26,991:INFO:Importing untrained model
2026-09-17 16:05:26,991:INFO:Ada Boost Classifier Imported successfully
2026-09-17 16:05:26,991:INFO:Starting cross validation
2026-09-17 16:05:26,991:INFO:Cross validating with StratifiedKFold(n_splits=10, random_state=None, shuffle=False), n_jobs=-1
2026-09-17 16:05:27,006:WARNING:C:\Users\Putra\AppData\Local\Programs\Python\Python311\Lib\site-packages\sklearn\ensemble\_weight_boosting.py:519: FutureWarning: The SAMME.R algorithm (the default) is deprecated and will be removed in 1.6. Use the SAMME algorithm to circumvent this warning.
  warnings.warn(

2026-09-17 16:05:27,008:WARNING:C:\Users\Putra\AppData\Local\Programs\Python\Python311\Lib\site-packages\sklearn\ensemble\_weight_boosting.py:519: FutureWarning: The SAMME.R algorithm (the default) is deprecated and will be removed in 1.6. Use the SAMME algorithm to circumvent this warning.
  warnings.warn(

2026-09-17 16:05:27,008:WARNING:C:\Users\Putra\AppData\Local\Programs\Python\Python311\Lib\site-packages\sklearn\ensemble\_weight_boosting.py:519: FutureWarning: The SAMME.R algorithm (the default) is deprecated and will be removed in 1.6. Use the SAMME algorithm to circumvent this warning.
  warnings.warn(

2026-09-17 16:05:27,011:WARNING:C:\Users\Putra\AppData\Local\Programs\Python\Python311\Lib\site-packages\sklearn\ensemble\_weight_boosting.py:519: FutureWarning: The SAMME.R algorithm (the default) is deprecated and will be removed in 1.6. Use the SAMME algorithm to circumvent this warning.
  warnings.warn(

2026-09-17 16:05:27,012:WARNING:C:\Users\Putra\AppData\Local\Programs\Python\Python311\Lib\site-packages\sklearn\ensemble\_weight_boosting.py:519: FutureWarning: The SAMME.R algorithm (the default) is deprecated and will be removed in 1.6. Use the SAMME algorithm to circumvent this warning.
  warnings.warn(

2026-09-17 16:05:27,012:WARNING:C:\Users\Putra\AppData\Local\Programs\Python\Python311\Lib\site-packages\sklearn\ensemble\_weight_boosting.py:519: FutureWarning: The SAMME.R algorithm (the default) is deprecated and will be removed in 1.6. Use the SAMME algorithm to circumvent this warning.
  warnings.warn(

2026-09-17 16:05:27,014:WARNING:C:\Users\Putra\AppData\Local\Programs\Python\Python311\Lib\site-packages\sklearn\ensemble\_weight_boosting.py:519: FutureWarning: The SAMME.R algorithm (the default) is deprecated and will be removed in 1.6. Use the SAMME algorithm to circumvent this warning.
  warnings.warn(

2026-09-17 16:05:27,016:WARNING:C:\Users\Putra\AppData\Local\Programs\Python\Python311\Lib\site-packages\sklearn\ensemble\_weight_boosting.py:519: FutureWarning: The SAMME.R algorithm (the default) is deprecated and will be removed in 1.6. Use the SAMME algorithm to circumvent this warning.
  warnings.warn(

2026-09-17 16:05:27,017:WARNING:C:\Users\Putra\AppData\Local\Programs\Python\Python311\Lib\site-packages\sklearn\ensemble\_weight_boosting.py:519: FutureWarning: The SAMME.R algorithm (the default) is deprecated and will be removed in 1.6. Use the SAMME algorithm to circumvent this warning.
  warnings.warn(

2026-09-17 16:05:27,114:WARNING:C:\Users\Putra\AppData\Local\Programs\Python\Python311\Lib\site-packages\pycaret\internal\metrics.py:204: FitFailedWarning: Metric 'make_scorer(roc_auc_score, response_method=('decision_function', 'predict_proba'), average=weighted, multi_class=ovr)' failed and error score 0.0 has been returned instead. If this is a custom metric, this usually means that the error is in the metric code. Full exception below:
Traceback (most recent call last):
  File "C:\Users\Putra\AppData\Local\Programs\Python\Python311\Lib\site-packages\pycaret\internal\metrics.py", line 196, in _score
    return super()._score(
           ^^^^^^^^^^^^^^^
  File "C:\Users\Putra\AppData\Local\Programs\Python\Python311\Lib\site-packages\sklearn\metrics\_scorer.py", line 350, in _score
    return self._sign * self._score_func(y_true, y_pred, **scoring_kwargs)
                        ^^^^^^^^^^^^^^^^^^^^^^^^^^^^^^^^^^^^^^^^^^^^^^^^^^
  File "C:\Users\Putra\AppData\Local\Programs\Python\Python311\Lib\site-packages\pycaret\internal\metrics.py", line 144, in __call__
    return self.score_func(y_true, y_pred, **kwargs)
           ^^^^^^^^^^^^^^^^^^^^^^^^^^^^^^^^^^^^^^^^^
  File "C:\Users\Putra\AppData\Local\Programs\Python\Python311\Lib\site-packages\sklearn\utils\_param_validation.py", line 213, in wrapper
    return func(*args, **kwargs)
           ^^^^^^^^^^^^^^^^^^^^^
  File "C:\Users\Putra\AppData\Local\Programs\Python\Python311\Lib\site-packages\sklearn\metrics\_ranking.py", line 634, in roc_auc_score
    return _multiclass_roc_auc_score(
           ^^^^^^^^^^^^^^^^^^^^^^^^^^
  File "C:\Users\Putra\AppData\Local\Programs\Python\Python311\Lib\site-packages\sklearn\metrics\_ranking.py", line 707, in _multiclass_roc_auc_score
    raise ValueError(
ValueError: Target scores need to be probabilities for multiclass roc_auc, i.e. they should sum up to 1.0 over classes

  warnings.warn(

2026-09-17 16:05:27,115:WARNING:C:\Users\Putra\AppData\Local\Programs\Python\Python311\Lib\site-packages\pycaret\internal\metrics.py:204: FitFailedWarning: Metric 'make_scorer(roc_auc_score, response_method=('decision_function', 'predict_proba'), average=weighted, multi_class=ovr)' failed and error score 0.0 has been returned instead. If this is a custom metric, this usually means that the error is in the metric code. Full exception below:
Traceback (most recent call last):
  File "C:\Users\Putra\AppData\Local\Programs\Python\Python311\Lib\site-packages\pycaret\internal\metrics.py", line 196, in _score
    return super()._score(
           ^^^^^^^^^^^^^^^
  File "C:\Users\Putra\AppData\Local\Programs\Python\Python311\Lib\site-packages\sklearn\metrics\_scorer.py", line 350, in _score
    return self._sign * self._score_func(y_true, y_pred, **scoring_kwargs)
                        ^^^^^^^^^^^^^^^^^^^^^^^^^^^^^^^^^^^^^^^^^^^^^^^^^^
  File "C:\Users\Putra\AppData\Local\Programs\Python\Python311\Lib\site-packages\pycaret\internal\metrics.py", line 144, in __call__
    return self.score_func(y_true, y_pred, **kwargs)
           ^^^^^^^^^^^^^^^^^^^^^^^^^^^^^^^^^^^^^^^^^
  File "C:\Users\Putra\AppData\Local\Programs\Python\Python311\Lib\site-packages\sklearn\utils\_param_validation.py", line 213, in wrapper
    return func(*args, **kwargs)
           ^^^^^^^^^^^^^^^^^^^^^
  File "C:\Users\Putra\AppData\Local\Programs\Python\Python311\Lib\site-packages\sklearn\metrics\_ranking.py", line 634, in roc_auc_score
    return _multiclass_roc_auc_score(
           ^^^^^^^^^^^^^^^^^^^^^^^^^^
  File "C:\Users\Putra\AppData\Local\Programs\Python\Python311\Lib\site-packages\sklearn\metrics\_ranking.py", line 707, in _multiclass_roc_auc_score
    raise ValueError(
ValueError: Target scores need to be probabilities for multiclass roc_auc, i.e. they should sum up to 1.0 over classes

  warnings.warn(

2026-09-17 16:05:27,119:WARNING:C:\Users\Putra\AppData\Local\Programs\Python\Python311\Lib\site-packages\pycaret\internal\metrics.py:204: FitFailedWarning: Metric 'make_scorer(roc_auc_score, response_method=('decision_function', 'predict_proba'), average=weighted, multi_class=ovr)' failed and error score 0.0 has been returned instead. If this is a custom metric, this usually means that the error is in the metric code. Full exception below:
Traceback (most recent call last):
  File "C:\Users\Putra\AppData\Local\Programs\Python\Python311\Lib\site-packages\pycaret\internal\metrics.py", line 196, in _score
    return super()._score(
           ^^^^^^^^^^^^^^^
  File "C:\Users\Putra\AppData\Local\Programs\Python\Python311\Lib\site-packages\sklearn\metrics\_scorer.py", line 350, in _score
    return self._sign * self._score_func(y_true, y_pred, **scoring_kwargs)
                        ^^^^^^^^^^^^^^^^^^^^^^^^^^^^^^^^^^^^^^^^^^^^^^^^^^
  File "C:\Users\Putra\AppData\Local\Programs\Python\Python311\Lib\site-packages\pycaret\internal\metrics.py", line 144, in __call__
    return self.score_func(y_true, y_pred, **kwargs)
           ^^^^^^^^^^^^^^^^^^^^^^^^^^^^^^^^^^^^^^^^^
  File "C:\Users\Putra\AppData\Local\Programs\Python\Python311\Lib\site-packages\sklearn\utils\_param_validation.py", line 213, in wrapper
    return func(*args, **kwargs)
           ^^^^^^^^^^^^^^^^^^^^^
  File "C:\Users\Putra\AppData\Local\Programs\Python\Python311\Lib\site-packages\sklearn\metrics\_ranking.py", line 634, in roc_auc_score
    return _multiclass_roc_auc_score(
           ^^^^^^^^^^^^^^^^^^^^^^^^^^
  File "C:\Users\Putra\AppData\Local\Programs\Python\Python311\Lib\site-packages\sklearn\metrics\_ranking.py", line 707, in _multiclass_roc_auc_score
    raise ValueError(
ValueError: Target scores need to be probabilities for multiclass roc_auc, i.e. they should sum up to 1.0 over classes

  warnings.warn(

2026-09-17 16:05:27,125:WARNING:C:\Users\Putra\AppData\Local\Programs\Python\Python311\Lib\site-packages\pycaret\internal\metrics.py:204: FitFailedWarning: Metric 'make_scorer(roc_auc_score, response_method=('decision_function', 'predict_proba'), average=weighted, multi_class=ovr)' failed and error score 0.0 has been returned instead. If this is a custom metric, this usually means that the error is in the metric code. Full exception below:
Traceback (most recent call last):
  File "C:\Users\Putra\AppData\Local\Programs\Python\Python311\Lib\site-packages\pycaret\internal\metrics.py", line 196, in _score
    return super()._score(
           ^^^^^^^^^^^^^^^
  File "C:\Users\Putra\AppData\Local\Programs\Python\Python311\Lib\site-packages\sklearn\metrics\_scorer.py", line 350, in _score
    return self._sign * self._score_func(y_true, y_pred, **scoring_kwargs)
                        ^^^^^^^^^^^^^^^^^^^^^^^^^^^^^^^^^^^^^^^^^^^^^^^^^^
  File "C:\Users\Putra\AppData\Local\Programs\Python\Python311\Lib\site-packages\pycaret\internal\metrics.py", line 144, in __call__
    return self.score_func(y_true, y_pred, **kwargs)
           ^^^^^^^^^^^^^^^^^^^^^^^^^^^^^^^^^^^^^^^^^
  File "C:\Users\Putra\AppData\Local\Programs\Python\Python311\Lib\site-packages\sklearn\utils\_param_validation.py", line 213, in wrapper
    return func(*args, **kwargs)
           ^^^^^^^^^^^^^^^^^^^^^
  File "C:\Users\Putra\AppData\Local\Programs\Python\Python311\Lib\site-packages\sklearn\metrics\_ranking.py", line 634, in roc_auc_score
    return _multiclass_roc_auc_score(
           ^^^^^^^^^^^^^^^^^^^^^^^^^^
  File "C:\Users\Putra\AppData\Local\Programs\Python\Python311\Lib\site-packages\sklearn\metrics\_ranking.py", line 707, in _multiclass_roc_auc_score
    raise ValueError(
ValueError: Target scores need to be probabilities for multiclass roc_auc, i.e. they should sum up to 1.0 over classes

  warnings.warn(

2026-09-17 16:05:27,127:WARNING:C:\Users\Putra\AppData\Local\Programs\Python\Python311\Lib\site-packages\pycaret\internal\metrics.py:204: FitFailedWarning: Metric 'make_scorer(roc_auc_score, response_method=('decision_function', 'predict_proba'), average=weighted, multi_class=ovr)' failed and error score 0.0 has been returned instead. If this is a custom metric, this usually means that the error is in the metric code. Full exception below:
Traceback (most recent call last):
  File "C:\Users\Putra\AppData\Local\Programs\Python\Python311\Lib\site-packages\pycaret\internal\metrics.py", line 196, in _score
    return super()._score(
           ^^^^^^^^^^^^^^^
  File "C:\Users\Putra\AppData\Local\Programs\Python\Python311\Lib\site-packages\sklearn\metrics\_scorer.py", line 350, in _score
    return self._sign * self._score_func(y_true, y_pred, **scoring_kwargs)
                        ^^^^^^^^^^^^^^^^^^^^^^^^^^^^^^^^^^^^^^^^^^^^^^^^^^
  File "C:\Users\Putra\AppData\Local\Programs\Python\Python311\Lib\site-packages\pycaret\internal\metrics.py", line 144, in __call__
    return self.score_func(y_true, y_pred, **kwargs)
           ^^^^^^^^^^^^^^^^^^^^^^^^^^^^^^^^^^^^^^^^^
  File "C:\Users\Putra\AppData\Local\Programs\Python\Python311\Lib\site-packages\sklearn\utils\_param_validation.py", line 213, in wrapper
    return func(*args, **kwargs)
           ^^^^^^^^^^^^^^^^^^^^^
  File "C:\Users\Putra\AppData\Local\Programs\Python\Python311\Lib\site-packages\sklearn\metrics\_ranking.py", line 634, in roc_auc_score
    return _multiclass_roc_auc_score(
           ^^^^^^^^^^^^^^^^^^^^^^^^^^
  File "C:\Users\Putra\AppData\Local\Programs\Python\Python311\Lib\site-packages\sklearn\metrics\_ranking.py", line 707, in _multiclass_roc_auc_score
    raise ValueError(
ValueError: Target scores need to be probabilities for multiclass roc_auc, i.e. they should sum up to 1.0 over classes

  warnings.warn(

2026-09-17 16:05:27,128:WARNING:C:\Users\Putra\AppData\Local\Programs\Python\Python311\Lib\site-packages\pycaret\internal\metrics.py:204: FitFailedWarning: Metric 'make_scorer(roc_auc_score, response_method=('decision_function', 'predict_proba'), average=weighted, multi_class=ovr)' failed and error score 0.0 has been returned instead. If this is a custom metric, this usually means that the error is in the metric code. Full exception below:
Traceback (most recent call last):
  File "C:\Users\Putra\AppData\Local\Programs\Python\Python311\Lib\site-packages\pycaret\internal\metrics.py", line 196, in _score
    return super()._score(
           ^^^^^^^^^^^^^^^
  File "C:\Users\Putra\AppData\Local\Programs\Python\Python311\Lib\site-packages\sklearn\metrics\_scorer.py", line 350, in _score
    return self._sign * self._score_func(y_true, y_pred, **scoring_kwargs)
                        ^^^^^^^^^^^^^^^^^^^^^^^^^^^^^^^^^^^^^^^^^^^^^^^^^^
  File "C:\Users\Putra\AppData\Local\Programs\Python\Python311\Lib\site-packages\pycaret\internal\metrics.py", line 144, in __call__
    return self.score_func(y_true, y_pred, **kwargs)
           ^^^^^^^^^^^^^^^^^^^^^^^^^^^^^^^^^^^^^^^^^
  File "C:\Users\Putra\AppData\Local\Programs\Python\Python311\Lib\site-packages\sklearn\utils\_param_validation.py", line 213, in wrapper
    return func(*args, **kwargs)
           ^^^^^^^^^^^^^^^^^^^^^
  File "C:\Users\Putra\AppData\Local\Programs\Python\Python311\Lib\site-packages\sklearn\metrics\_ranking.py", line 634, in roc_auc_score
    return _multiclass_roc_auc_score(
           ^^^^^^^^^^^^^^^^^^^^^^^^^^
  File "C:\Users\Putra\AppData\Local\Programs\Python\Python311\Lib\site-packages\sklearn\metrics\_ranking.py", line 707, in _multiclass_roc_auc_score
    raise ValueError(
ValueError: Target scores need to be probabilities for multiclass roc_auc, i.e. they should sum up to 1.0 over classes

  warnings.warn(

2026-09-17 16:05:27,129:WARNING:C:\Users\Putra\AppData\Local\Programs\Python\Python311\Lib\site-packages\pycaret\internal\metrics.py:204: FitFailedWarning: Metric 'make_scorer(roc_auc_score, response_method=('decision_function', 'predict_proba'), average=weighted, multi_class=ovr)' failed and error score 0.0 has been returned instead. If this is a custom metric, this usually means that the error is in the metric code. Full exception below:
Traceback (most recent call last):
  File "C:\Users\Putra\AppData\Local\Programs\Python\Python311\Lib\site-packages\pycaret\internal\metrics.py", line 196, in _score
    return super()._score(
           ^^^^^^^^^^^^^^^
  File "C:\Users\Putra\AppData\Local\Programs\Python\Python311\Lib\site-packages\sklearn\metrics\_scorer.py", line 350, in _score
    return self._sign * self._score_func(y_true, y_pred, **scoring_kwargs)
                        ^^^^^^^^^^^^^^^^^^^^^^^^^^^^^^^^^^^^^^^^^^^^^^^^^^
  File "C:\Users\Putra\AppData\Local\Programs\Python\Python311\Lib\site-packages\pycaret\internal\metrics.py", line 144, in __call__
    return self.score_func(y_true, y_pred, **kwargs)
           ^^^^^^^^^^^^^^^^^^^^^^^^^^^^^^^^^^^^^^^^^
  File "C:\Users\Putra\AppData\Local\Programs\Python\Python311\Lib\site-packages\sklearn\utils\_param_validation.py", line 213, in wrapper
    return func(*args, **kwargs)
           ^^^^^^^^^^^^^^^^^^^^^
  File "C:\Users\Putra\AppData\Local\Programs\Python\Python311\Lib\site-packages\sklearn\metrics\_ranking.py", line 634, in roc_auc_score
    return _multiclass_roc_auc_score(
           ^^^^^^^^^^^^^^^^^^^^^^^^^^
  File "C:\Users\Putra\AppData\Local\Programs\Python\Python311\Lib\site-packages\sklearn\metrics\_ranking.py", line 707, in _multiclass_roc_auc_score
    raise ValueError(
ValueError: Target scores need to be probabilities for multiclass roc_auc, i.e. they should sum up to 1.0 over classes

  warnings.warn(

2026-09-17 16:05:27,131:WARNING:C:\Users\Putra\AppData\Local\Programs\Python\Python311\Lib\site-packages\pycaret\internal\metrics.py:204: FitFailedWarning: Metric 'make_scorer(roc_auc_score, response_method=('decision_function', 'predict_proba'), average=weighted, multi_class=ovr)' failed and error score 0.0 has been returned instead. If this is a custom metric, this usually means that the error is in the metric code. Full exception below:
Traceback (most recent call last):
  File "C:\Users\Putra\AppData\Local\Programs\Python\Python311\Lib\site-packages\pycaret\internal\metrics.py", line 196, in _score
    return super()._score(
           ^^^^^^^^^^^^^^^
  File "C:\Users\Putra\AppData\Local\Programs\Python\Python311\Lib\site-packages\sklearn\metrics\_scorer.py", line 350, in _score
    return self._sign * self._score_func(y_true, y_pred, **scoring_kwargs)
                        ^^^^^^^^^^^^^^^^^^^^^^^^^^^^^^^^^^^^^^^^^^^^^^^^^^
  File "C:\Users\Putra\AppData\Local\Programs\Python\Python311\Lib\site-packages\pycaret\internal\metrics.py", line 144, in __call__
    return self.score_func(y_true, y_pred, **kwargs)
           ^^^^^^^^^^^^^^^^^^^^^^^^^^^^^^^^^^^^^^^^^
  File "C:\Users\Putra\AppData\Local\Programs\Python\Python311\Lib\site-packages\sklearn\utils\_param_validation.py", line 213, in wrapper
    return func(*args, **kwargs)
           ^^^^^^^^^^^^^^^^^^^^^
  File "C:\Users\Putra\AppData\Local\Programs\Python\Python311\Lib\site-packages\sklearn\metrics\_ranking.py", line 634, in roc_auc_score
    return _multiclass_roc_auc_score(
           ^^^^^^^^^^^^^^^^^^^^^^^^^^
  File "C:\Users\Putra\AppData\Local\Programs\Python\Python311\Lib\site-packages\sklearn\metrics\_ranking.py", line 707, in _multiclass_roc_auc_score
    raise ValueError(
ValueError: Target scores need to be probabilities for multiclass roc_auc, i.e. they should sum up to 1.0 over classes

  warnings.warn(

2026-09-17 16:05:27,131:WARNING:C:\Users\Putra\AppData\Local\Programs\Python\Python311\Lib\site-packages\pycaret\internal\metrics.py:204: FitFailedWarning: Metric 'make_scorer(roc_auc_score, response_method=('decision_function', 'predict_proba'), average=weighted, multi_class=ovr)' failed and error score 0.0 has been returned instead. If this is a custom metric, this usually means that the error is in the metric code. Full exception below:
Traceback (most recent call last):
  File "C:\Users\Putra\AppData\Local\Programs\Python\Python311\Lib\site-packages\pycaret\internal\metrics.py", line 196, in _score
    return super()._score(
           ^^^^^^^^^^^^^^^
  File "C:\Users\Putra\AppData\Local\Programs\Python\Python311\Lib\site-packages\sklearn\metrics\_scorer.py", line 350, in _score
    return self._sign * self._score_func(y_true, y_pred, **scoring_kwargs)
                        ^^^^^^^^^^^^^^^^^^^^^^^^^^^^^^^^^^^^^^^^^^^^^^^^^^
  File "C:\Users\Putra\AppData\Local\Programs\Python\Python311\Lib\site-packages\pycaret\internal\metrics.py", line 144, in __call__
    return self.score_func(y_true, y_pred, **kwargs)
           ^^^^^^^^^^^^^^^^^^^^^^^^^^^^^^^^^^^^^^^^^
  File "C:\Users\Putra\AppData\Local\Programs\Python\Python311\Lib\site-packages\sklearn\utils\_param_validation.py", line 213, in wrapper
    return func(*args, **kwargs)
           ^^^^^^^^^^^^^^^^^^^^^
  File "C:\Users\Putra\AppData\Local\Programs\Python\Python311\Lib\site-packages\sklearn\metrics\_ranking.py", line 634, in roc_auc_score
    return _multiclass_roc_auc_score(
           ^^^^^^^^^^^^^^^^^^^^^^^^^^
  File "C:\Users\Putra\AppData\Local\Programs\Python\Python311\Lib\site-packages\sklearn\metrics\_ranking.py", line 707, in _multiclass_roc_auc_score
    raise ValueError(
ValueError: Target scores need to be probabilities for multiclass roc_auc, i.e. they should sum up to 1.0 over classes

  warnings.warn(

2026-09-17 16:05:27,135:WARNING:C:\Users\Putra\AppData\Local\Programs\Python\Python311\Lib\site-packages\pycaret\internal\metrics.py:204: FitFailedWarning: Metric 'make_scorer(roc_auc_score, response_method=('decision_function', 'predict_proba'), average=weighted, multi_class=ovr)' failed and error score 0.0 has been returned instead. If this is a custom metric, this usually means that the error is in the metric code. Full exception below:
Traceback (most recent call last):
  File "C:\Users\Putra\AppData\Local\Programs\Python\Python311\Lib\site-packages\pycaret\internal\metrics.py", line 196, in _score
    return super()._score(
           ^^^^^^^^^^^^^^^
  File "C:\Users\Putra\AppData\Local\Programs\Python\Python311\Lib\site-packages\sklearn\metrics\_scorer.py", line 350, in _score
    return self._sign * self._score_func(y_true, y_pred, **scoring_kwargs)
                        ^^^^^^^^^^^^^^^^^^^^^^^^^^^^^^^^^^^^^^^^^^^^^^^^^^
  File "C:\Users\Putra\AppData\Local\Programs\Python\Python311\Lib\site-packages\pycaret\internal\metrics.py", line 144, in __call__
    return self.score_func(y_true, y_pred, **kwargs)
           ^^^^^^^^^^^^^^^^^^^^^^^^^^^^^^^^^^^^^^^^^
  File "C:\Users\Putra\AppData\Local\Programs\Python\Python311\Lib\site-packages\sklearn\utils\_param_validation.py", line 213, in wrapper
    return func(*args, **kwargs)
           ^^^^^^^^^^^^^^^^^^^^^
  File "C:\Users\Putra\AppData\Local\Programs\Python\Python311\Lib\site-packages\sklearn\metrics\_ranking.py", line 634, in roc_auc_score
    return _multiclass_roc_auc_score(
           ^^^^^^^^^^^^^^^^^^^^^^^^^^
  File "C:\Users\Putra\AppData\Local\Programs\Python\Python311\Lib\site-packages\sklearn\metrics\_ranking.py", line 707, in _multiclass_roc_auc_score
    raise ValueError(
ValueError: Target scores need to be probabilities for multiclass roc_auc, i.e. they should sum up to 1.0 over classes

  warnings.warn(

2026-09-17 16:05:27,153:INFO:Calculating mean and std
2026-09-17 16:05:27,153:INFO:Creating metrics dataframe
2026-09-17 16:05:27,154:INFO:Uploading results into container
2026-09-17 16:05:27,154:INFO:Uploading model into container now
2026-09-17 16:05:27,155:INFO:_master_model_container: 9
2026-09-17 16:05:27,155:INFO:_display_container: 2
2026-09-17 16:05:27,155:INFO:AdaBoostClassifier(algorithm='SAMME.R', estimator=None, learning_rate=1.0,
                   n_estimators=50, random_state=2955)
2026-09-17 16:05:27,155:INFO:create_model() successfully completed......................................
2026-09-17 16:05:27,219:INFO:SubProcess create_model() end ==================================
2026-09-17 16:05:27,220:INFO:Creating metrics dataframe
2026-09-17 16:05:27,222:INFO:Initializing Gradient Boosting Classifier
2026-09-17 16:05:27,222:INFO:Total runtime is 0.1831130584081014 minutes
2026-09-17 16:05:27,222:INFO:SubProcess create_model() called ==================================
2026-09-17 16:05:27,222:INFO:Initializing create_model()
2026-09-17 16:05:27,222:INFO:create_model(self=<pycaret.classification.oop.ClassificationExperiment object at 0x0000023D51878B10>, estimator=gbc, fold=StratifiedKFold(n_splits=10, random_state=None, shuffle=False), round=4, cross_validation=True, predict=True, fit_kwargs={}, groups=None, refit=False, probability_threshold=None, experiment_custom_tags=None, verbose=False, system=False, add_to_model_list=True, metrics=None, display=<pycaret.internal.display.display.CommonDisplay object at 0x0000023D5938BD10>, model_only=True, return_train_score=False, error_score=0.0, kwargs={})
2026-09-17 16:05:27,222:INFO:Checking exceptions
2026-09-17 16:05:27,222:INFO:Importing libraries
2026-09-17 16:05:27,222:INFO:Copying training dataset
2026-09-17 16:05:27,223:INFO:Defining folds
2026-09-17 16:05:27,223:INFO:Declaring metric variables
2026-09-17 16:05:27,223:INFO:Importing untrained model
2026-09-17 16:05:27,223:INFO:Gradient Boosting Classifier Imported successfully
2026-09-17 16:05:27,223:INFO:Starting cross validation
2026-09-17 16:05:27,224:INFO:Cross validating with StratifiedKFold(n_splits=10, random_state=None, shuffle=False), n_jobs=-1
2026-09-17 16:05:27,487:WARNING:C:\Users\Putra\AppData\Local\Programs\Python\Python311\Lib\site-packages\pycaret\internal\metrics.py:204: FitFailedWarning: Metric 'make_scorer(roc_auc_score, response_method=('decision_function', 'predict_proba'), average=weighted, multi_class=ovr)' failed and error score 0.0 has been returned instead. If this is a custom metric, this usually means that the error is in the metric code. Full exception below:
Traceback (most recent call last):
  File "C:\Users\Putra\AppData\Local\Programs\Python\Python311\Lib\site-packages\pycaret\internal\metrics.py", line 196, in _score
    return super()._score(
           ^^^^^^^^^^^^^^^
  File "C:\Users\Putra\AppData\Local\Programs\Python\Python311\Lib\site-packages\sklearn\metrics\_scorer.py", line 350, in _score
    return self._sign * self._score_func(y_true, y_pred, **scoring_kwargs)
                        ^^^^^^^^^^^^^^^^^^^^^^^^^^^^^^^^^^^^^^^^^^^^^^^^^^
  File "C:\Users\Putra\AppData\Local\Programs\Python\Python311\Lib\site-packages\pycaret\internal\metrics.py", line 144, in __call__
    return self.score_func(y_true, y_pred, **kwargs)
           ^^^^^^^^^^^^^^^^^^^^^^^^^^^^^^^^^^^^^^^^^
  File "C:\Users\Putra\AppData\Local\Programs\Python\Python311\Lib\site-packages\sklearn\utils\_param_validation.py", line 213, in wrapper
    return func(*args, **kwargs)
           ^^^^^^^^^^^^^^^^^^^^^
  File "C:\Users\Putra\AppData\Local\Programs\Python\Python311\Lib\site-packages\sklearn\metrics\_ranking.py", line 634, in roc_auc_score
    return _multiclass_roc_auc_score(
           ^^^^^^^^^^^^^^^^^^^^^^^^^^
  File "C:\Users\Putra\AppData\Local\Programs\Python\Python311\Lib\site-packages\sklearn\metrics\_ranking.py", line 707, in _multiclass_roc_auc_score
    raise ValueError(
ValueError: Target scores need to be probabilities for multiclass roc_auc, i.e. they should sum up to 1.0 over classes

  warnings.warn(

2026-09-17 16:05:27,493:WARNING:C:\Users\Putra\AppData\Local\Programs\Python\Python311\Lib\site-packages\pycaret\internal\metrics.py:204: FitFailedWarning: Metric 'make_scorer(roc_auc_score, response_method=('decision_function', 'predict_proba'), average=weighted, multi_class=ovr)' failed and error score 0.0 has been returned instead. If this is a custom metric, this usually means that the error is in the metric code. Full exception below:
Traceback (most recent call last):
  File "C:\Users\Putra\AppData\Local\Programs\Python\Python311\Lib\site-packages\pycaret\internal\metrics.py", line 196, in _score
    return super()._score(
           ^^^^^^^^^^^^^^^
  File "C:\Users\Putra\AppData\Local\Programs\Python\Python311\Lib\site-packages\sklearn\metrics\_scorer.py", line 350, in _score
    return self._sign * self._score_func(y_true, y_pred, **scoring_kwargs)
                        ^^^^^^^^^^^^^^^^^^^^^^^^^^^^^^^^^^^^^^^^^^^^^^^^^^
  File "C:\Users\Putra\AppData\Local\Programs\Python\Python311\Lib\site-packages\pycaret\internal\metrics.py", line 144, in __call__
    return self.score_func(y_true, y_pred, **kwargs)
           ^^^^^^^^^^^^^^^^^^^^^^^^^^^^^^^^^^^^^^^^^
  File "C:\Users\Putra\AppData\Local\Programs\Python\Python311\Lib\site-packages\sklearn\utils\_param_validation.py", line 213, in wrapper
    return func(*args, **kwargs)
           ^^^^^^^^^^^^^^^^^^^^^
  File "C:\Users\Putra\AppData\Local\Programs\Python\Python311\Lib\site-packages\sklearn\metrics\_ranking.py", line 634, in roc_auc_score
    return _multiclass_roc_auc_score(
           ^^^^^^^^^^^^^^^^^^^^^^^^^^
  File "C:\Users\Putra\AppData\Local\Programs\Python\Python311\Lib\site-packages\sklearn\metrics\_ranking.py", line 707, in _multiclass_roc_auc_score
    raise ValueError(
ValueError: Target scores need to be probabilities for multiclass roc_auc, i.e. they should sum up to 1.0 over classes

  warnings.warn(

2026-09-17 16:05:27,493:WARNING:C:\Users\Putra\AppData\Local\Programs\Python\Python311\Lib\site-packages\pycaret\internal\metrics.py:204: FitFailedWarning: Metric 'make_scorer(roc_auc_score, response_method=('decision_function', 'predict_proba'), average=weighted, multi_class=ovr)' failed and error score 0.0 has been returned instead. If this is a custom metric, this usually means that the error is in the metric code. Full exception below:
Traceback (most recent call last):
  File "C:\Users\Putra\AppData\Local\Programs\Python\Python311\Lib\site-packages\pycaret\internal\metrics.py", line 196, in _score
    return super()._score(
           ^^^^^^^^^^^^^^^
  File "C:\Users\Putra\AppData\Local\Programs\Python\Python311\Lib\site-packages\sklearn\metrics\_scorer.py", line 350, in _score
    return self._sign * self._score_func(y_true, y_pred, **scoring_kwargs)
                        ^^^^^^^^^^^^^^^^^^^^^^^^^^^^^^^^^^^^^^^^^^^^^^^^^^
  File "C:\Users\Putra\AppData\Local\Programs\Python\Python311\Lib\site-packages\pycaret\internal\metrics.py", line 144, in __call__
    return self.score_func(y_true, y_pred, **kwargs)
           ^^^^^^^^^^^^^^^^^^^^^^^^^^^^^^^^^^^^^^^^^
  File "C:\Users\Putra\AppData\Local\Programs\Python\Python311\Lib\site-packages\sklearn\utils\_param_validation.py", line 213, in wrapper
    return func(*args, **kwargs)
           ^^^^^^^^^^^^^^^^^^^^^
  File "C:\Users\Putra\AppData\Local\Programs\Python\Python311\Lib\site-packages\sklearn\metrics\_ranking.py", line 634, in roc_auc_score
    return _multiclass_roc_auc_score(
           ^^^^^^^^^^^^^^^^^^^^^^^^^^
  File "C:\Users\Putra\AppData\Local\Programs\Python\Python311\Lib\site-packages\sklearn\metrics\_ranking.py", line 707, in _multiclass_roc_auc_score
    raise ValueError(
ValueError: Target scores need to be probabilities for multiclass roc_auc, i.e. they should sum up to 1.0 over classes

  warnings.warn(

2026-09-17 16:05:27,519:WARNING:C:\Users\Putra\AppData\Local\Programs\Python\Python311\Lib\site-packages\pycaret\internal\metrics.py:204: FitFailedWarning: Metric 'make_scorer(roc_auc_score, response_method=('decision_function', 'predict_proba'), average=weighted, multi_class=ovr)' failed and error score 0.0 has been returned instead. If this is a custom metric, this usually means that the error is in the metric code. Full exception below:
Traceback (most recent call last):
  File "C:\Users\Putra\AppData\Local\Programs\Python\Python311\Lib\site-packages\pycaret\internal\metrics.py", line 196, in _score
    return super()._score(
           ^^^^^^^^^^^^^^^
  File "C:\Users\Putra\AppData\Local\Programs\Python\Python311\Lib\site-packages\sklearn\metrics\_scorer.py", line 350, in _score
    return self._sign * self._score_func(y_true, y_pred, **scoring_kwargs)
                        ^^^^^^^^^^^^^^^^^^^^^^^^^^^^^^^^^^^^^^^^^^^^^^^^^^
  File "C:\Users\Putra\AppData\Local\Programs\Python\Python311\Lib\site-packages\pycaret\internal\metrics.py", line 144, in __call__
    return self.score_func(y_true, y_pred, **kwargs)
           ^^^^^^^^^^^^^^^^^^^^^^^^^^^^^^^^^^^^^^^^^
  File "C:\Users\Putra\AppData\Local\Programs\Python\Python311\Lib\site-packages\sklearn\utils\_param_validation.py", line 213, in wrapper
    return func(*args, **kwargs)
           ^^^^^^^^^^^^^^^^^^^^^
  File "C:\Users\Putra\AppData\Local\Programs\Python\Python311\Lib\site-packages\sklearn\metrics\_ranking.py", line 634, in roc_auc_score
    return _multiclass_roc_auc_score(
           ^^^^^^^^^^^^^^^^^^^^^^^^^^
  File "C:\Users\Putra\AppData\Local\Programs\Python\Python311\Lib\site-packages\sklearn\metrics\_ranking.py", line 707, in _multiclass_roc_auc_score
    raise ValueError(
ValueError: Target scores need to be probabilities for multiclass roc_auc, i.e. they should sum up to 1.0 over classes

  warnings.warn(

2026-09-17 16:05:27,521:WARNING:C:\Users\Putra\AppData\Local\Programs\Python\Python311\Lib\site-packages\pycaret\internal\metrics.py:204: FitFailedWarning: Metric 'make_scorer(roc_auc_score, response_method=('decision_function', 'predict_proba'), average=weighted, multi_class=ovr)' failed and error score 0.0 has been returned instead. If this is a custom metric, this usually means that the error is in the metric code. Full exception below:
Traceback (most recent call last):
  File "C:\Users\Putra\AppData\Local\Programs\Python\Python311\Lib\site-packages\pycaret\internal\metrics.py", line 196, in _score
    return super()._score(
           ^^^^^^^^^^^^^^^
  File "C:\Users\Putra\AppData\Local\Programs\Python\Python311\Lib\site-packages\sklearn\metrics\_scorer.py", line 350, in _score
    return self._sign * self._score_func(y_true, y_pred, **scoring_kwargs)
                        ^^^^^^^^^^^^^^^^^^^^^^^^^^^^^^^^^^^^^^^^^^^^^^^^^^
  File "C:\Users\Putra\AppData\Local\Programs\Python\Python311\Lib\site-packages\pycaret\internal\metrics.py", line 144, in __call__
    return self.score_func(y_true, y_pred, **kwargs)
           ^^^^^^^^^^^^^^^^^^^^^^^^^^^^^^^^^^^^^^^^^
  File "C:\Users\Putra\AppData\Local\Programs\Python\Python311\Lib\site-packages\sklearn\utils\_param_validation.py", line 213, in wrapper
    return func(*args, **kwargs)
           ^^^^^^^^^^^^^^^^^^^^^
  File "C:\Users\Putra\AppData\Local\Programs\Python\Python311\Lib\site-packages\sklearn\metrics\_ranking.py", line 634, in roc_auc_score
    return _multiclass_roc_auc_score(
           ^^^^^^^^^^^^^^^^^^^^^^^^^^
  File "C:\Users\Putra\AppData\Local\Programs\Python\Python311\Lib\site-packages\sklearn\metrics\_ranking.py", line 707, in _multiclass_roc_auc_score
    raise ValueError(
ValueError: Target scores need to be probabilities for multiclass roc_auc, i.e. they should sum up to 1.0 over classes

  warnings.warn(

2026-09-17 16:05:27,524:WARNING:C:\Users\Putra\AppData\Local\Programs\Python\Python311\Lib\site-packages\pycaret\internal\metrics.py:204: FitFailedWarning: Metric 'make_scorer(roc_auc_score, response_method=('decision_function', 'predict_proba'), average=weighted, multi_class=ovr)' failed and error score 0.0 has been returned instead. If this is a custom metric, this usually means that the error is in the metric code. Full exception below:
Traceback (most recent call last):
  File "C:\Users\Putra\AppData\Local\Programs\Python\Python311\Lib\site-packages\pycaret\internal\metrics.py", line 196, in _score
    return super()._score(
           ^^^^^^^^^^^^^^^
  File "C:\Users\Putra\AppData\Local\Programs\Python\Python311\Lib\site-packages\sklearn\metrics\_scorer.py", line 350, in _score
    return self._sign * self._score_func(y_true, y_pred, **scoring_kwargs)
                        ^^^^^^^^^^^^^^^^^^^^^^^^^^^^^^^^^^^^^^^^^^^^^^^^^^
  File "C:\Users\Putra\AppData\Local\Programs\Python\Python311\Lib\site-packages\pycaret\internal\metrics.py", line 144, in __call__
    return self.score_func(y_true, y_pred, **kwargs)
           ^^^^^^^^^^^^^^^^^^^^^^^^^^^^^^^^^^^^^^^^^
  File "C:\Users\Putra\AppData\Local\Programs\Python\Python311\Lib\site-packages\sklearn\utils\_param_validation.py", line 213, in wrapper
    return func(*args, **kwargs)
           ^^^^^^^^^^^^^^^^^^^^^
  File "C:\Users\Putra\AppData\Local\Programs\Python\Python311\Lib\site-packages\sklearn\metrics\_ranking.py", line 634, in roc_auc_score
    return _multiclass_roc_auc_score(
           ^^^^^^^^^^^^^^^^^^^^^^^^^^
  File "C:\Users\Putra\AppData\Local\Programs\Python\Python311\Lib\site-packages\sklearn\metrics\_ranking.py", line 707, in _multiclass_roc_auc_score
    raise ValueError(
ValueError: Target scores need to be probabilities for multiclass roc_auc, i.e. they should sum up to 1.0 over classes

  warnings.warn(

2026-09-17 16:05:27,529:WARNING:C:\Users\Putra\AppData\Local\Programs\Python\Python311\Lib\site-packages\pycaret\internal\metrics.py:204: FitFailedWarning: Metric 'make_scorer(roc_auc_score, response_method=('decision_function', 'predict_proba'), average=weighted, multi_class=ovr)' failed and error score 0.0 has been returned instead. If this is a custom metric, this usually means that the error is in the metric code. Full exception below:
Traceback (most recent call last):
  File "C:\Users\Putra\AppData\Local\Programs\Python\Python311\Lib\site-packages\pycaret\internal\metrics.py", line 196, in _score
    return super()._score(
           ^^^^^^^^^^^^^^^
  File "C:\Users\Putra\AppData\Local\Programs\Python\Python311\Lib\site-packages\sklearn\metrics\_scorer.py", line 350, in _score
    return self._sign * self._score_func(y_true, y_pred, **scoring_kwargs)
                        ^^^^^^^^^^^^^^^^^^^^^^^^^^^^^^^^^^^^^^^^^^^^^^^^^^
  File "C:\Users\Putra\AppData\Local\Programs\Python\Python311\Lib\site-packages\pycaret\internal\metrics.py", line 144, in __call__
    return self.score_func(y_true, y_pred, **kwargs)
           ^^^^^^^^^^^^^^^^^^^^^^^^^^^^^^^^^^^^^^^^^
  File "C:\Users\Putra\AppData\Local\Programs\Python\Python311\Lib\site-packages\sklearn\utils\_param_validation.py", line 213, in wrapper
    return func(*args, **kwargs)
           ^^^^^^^^^^^^^^^^^^^^^
  File "C:\Users\Putra\AppData\Local\Programs\Python\Python311\Lib\site-packages\sklearn\metrics\_ranking.py", line 634, in roc_auc_score
    return _multiclass_roc_auc_score(
           ^^^^^^^^^^^^^^^^^^^^^^^^^^
  File "C:\Users\Putra\AppData\Local\Programs\Python\Python311\Lib\site-packages\sklearn\metrics\_ranking.py", line 707, in _multiclass_roc_auc_score
    raise ValueError(
ValueError: Target scores need to be probabilities for multiclass roc_auc, i.e. they should sum up to 1.0 over classes

  warnings.warn(

2026-09-17 16:05:27,533:WARNING:C:\Users\Putra\AppData\Local\Programs\Python\Python311\Lib\site-packages\pycaret\internal\metrics.py:204: FitFailedWarning: Metric 'make_scorer(roc_auc_score, response_method=('decision_function', 'predict_proba'), average=weighted, multi_class=ovr)' failed and error score 0.0 has been returned instead. If this is a custom metric, this usually means that the error is in the metric code. Full exception below:
Traceback (most recent call last):
  File "C:\Users\Putra\AppData\Local\Programs\Python\Python311\Lib\site-packages\pycaret\internal\metrics.py", line 196, in _score
    return super()._score(
           ^^^^^^^^^^^^^^^
  File "C:\Users\Putra\AppData\Local\Programs\Python\Python311\Lib\site-packages\sklearn\metrics\_scorer.py", line 350, in _score
    return self._sign * self._score_func(y_true, y_pred, **scoring_kwargs)
                        ^^^^^^^^^^^^^^^^^^^^^^^^^^^^^^^^^^^^^^^^^^^^^^^^^^
  File "C:\Users\Putra\AppData\Local\Programs\Python\Python311\Lib\site-packages\pycaret\internal\metrics.py", line 144, in __call__
    return self.score_func(y_true, y_pred, **kwargs)
           ^^^^^^^^^^^^^^^^^^^^^^^^^^^^^^^^^^^^^^^^^
  File "C:\Users\Putra\AppData\Local\Programs\Python\Python311\Lib\site-packages\sklearn\utils\_param_validation.py", line 213, in wrapper
    return func(*args, **kwargs)
           ^^^^^^^^^^^^^^^^^^^^^
  File "C:\Users\Putra\AppData\Local\Programs\Python\Python311\Lib\site-packages\sklearn\metrics\_ranking.py", line 634, in roc_auc_score
    return _multiclass_roc_auc_score(
           ^^^^^^^^^^^^^^^^^^^^^^^^^^
  File "C:\Users\Putra\AppData\Local\Programs\Python\Python311\Lib\site-packages\sklearn\metrics\_ranking.py", line 707, in _multiclass_roc_auc_score
    raise ValueError(
ValueError: Target scores need to be probabilities for multiclass roc_auc, i.e. they should sum up to 1.0 over classes

  warnings.warn(

2026-09-17 16:05:27,536:WARNING:C:\Users\Putra\AppData\Local\Programs\Python\Python311\Lib\site-packages\pycaret\internal\metrics.py:204: FitFailedWarning: Metric 'make_scorer(roc_auc_score, response_method=('decision_function', 'predict_proba'), average=weighted, multi_class=ovr)' failed and error score 0.0 has been returned instead. If this is a custom metric, this usually means that the error is in the metric code. Full exception below:
Traceback (most recent call last):
  File "C:\Users\Putra\AppData\Local\Programs\Python\Python311\Lib\site-packages\pycaret\internal\metrics.py", line 196, in _score
    return super()._score(
           ^^^^^^^^^^^^^^^
  File "C:\Users\Putra\AppData\Local\Programs\Python\Python311\Lib\site-packages\sklearn\metrics\_scorer.py", line 350, in _score
    return self._sign * self._score_func(y_true, y_pred, **scoring_kwargs)
                        ^^^^^^^^^^^^^^^^^^^^^^^^^^^^^^^^^^^^^^^^^^^^^^^^^^
  File "C:\Users\Putra\AppData\Local\Programs\Python\Python311\Lib\site-packages\pycaret\internal\metrics.py", line 144, in __call__
    return self.score_func(y_true, y_pred, **kwargs)
           ^^^^^^^^^^^^^^^^^^^^^^^^^^^^^^^^^^^^^^^^^
  File "C:\Users\Putra\AppData\Local\Programs\Python\Python311\Lib\site-packages\sklearn\utils\_param_validation.py", line 213, in wrapper
    return func(*args, **kwargs)
           ^^^^^^^^^^^^^^^^^^^^^
  File "C:\Users\Putra\AppData\Local\Programs\Python\Python311\Lib\site-packages\sklearn\metrics\_ranking.py", line 634, in roc_auc_score
    return _multiclass_roc_auc_score(
           ^^^^^^^^^^^^^^^^^^^^^^^^^^
  File "C:\Users\Putra\AppData\Local\Programs\Python\Python311\Lib\site-packages\sklearn\metrics\_ranking.py", line 707, in _multiclass_roc_auc_score
    raise ValueError(
ValueError: Target scores need to be probabilities for multiclass roc_auc, i.e. they should sum up to 1.0 over classes

  warnings.warn(

2026-09-17 16:05:27,537:WARNING:C:\Users\Putra\AppData\Local\Programs\Python\Python311\Lib\site-packages\pycaret\internal\metrics.py:204: FitFailedWarning: Metric 'make_scorer(roc_auc_score, response_method=('decision_function', 'predict_proba'), average=weighted, multi_class=ovr)' failed and error score 0.0 has been returned instead. If this is a custom metric, this usually means that the error is in the metric code. Full exception below:
Traceback (most recent call last):
  File "C:\Users\Putra\AppData\Local\Programs\Python\Python311\Lib\site-packages\pycaret\internal\metrics.py", line 196, in _score
    return super()._score(
           ^^^^^^^^^^^^^^^
  File "C:\Users\Putra\AppData\Local\Programs\Python\Python311\Lib\site-packages\sklearn\metrics\_scorer.py", line 350, in _score
    return self._sign * self._score_func(y_true, y_pred, **scoring_kwargs)
                        ^^^^^^^^^^^^^^^^^^^^^^^^^^^^^^^^^^^^^^^^^^^^^^^^^^
  File "C:\Users\Putra\AppData\Local\Programs\Python\Python311\Lib\site-packages\pycaret\internal\metrics.py", line 144, in __call__
    return self.score_func(y_true, y_pred, **kwargs)
           ^^^^^^^^^^^^^^^^^^^^^^^^^^^^^^^^^^^^^^^^^
  File "C:\Users\Putra\AppData\Local\Programs\Python\Python311\Lib\site-packages\sklearn\utils\_param_validation.py", line 213, in wrapper
    return func(*args, **kwargs)
           ^^^^^^^^^^^^^^^^^^^^^
  File "C:\Users\Putra\AppData\Local\Programs\Python\Python311\Lib\site-packages\sklearn\metrics\_ranking.py", line 634, in roc_auc_score
    return _multiclass_roc_auc_score(
           ^^^^^^^^^^^^^^^^^^^^^^^^^^
  File "C:\Users\Putra\AppData\Local\Programs\Python\Python311\Lib\site-packages\sklearn\metrics\_ranking.py", line 707, in _multiclass_roc_auc_score
    raise ValueError(
ValueError: Target scores need to be probabilities for multiclass roc_auc, i.e. they should sum up to 1.0 over classes

  warnings.warn(

2026-09-17 16:05:27,552:INFO:Calculating mean and std
2026-09-17 16:05:27,552:INFO:Creating metrics dataframe
2026-09-17 16:05:27,553:INFO:Uploading results into container
2026-09-17 16:05:27,554:INFO:Uploading model into container now
2026-09-17 16:05:27,554:INFO:_master_model_container: 10
2026-09-17 16:05:27,554:INFO:_display_container: 2
2026-09-17 16:05:27,554:INFO:GradientBoostingClassifier(ccp_alpha=0.0, criterion='friedman_mse', init=None,
                           learning_rate=0.1, loss='log_loss', max_depth=3,
                           max_features=None, max_leaf_nodes=None,
                           min_impurity_decrease=0.0, min_samples_leaf=1,
                           min_samples_split=2, min_weight_fraction_leaf=0.0,
                           n_estimators=100, n_iter_no_change=None,
                           random_state=2955, subsample=1.0, tol=0.0001,
                           validation_fraction=0.1, verbose=0,
                           warm_start=False)
2026-09-17 16:05:27,554:INFO:create_model() successfully completed......................................
2026-09-17 16:05:27,622:INFO:SubProcess create_model() end ==================================
2026-09-17 16:05:27,622:INFO:Creating metrics dataframe
2026-09-17 16:05:27,624:INFO:Initializing Linear Discriminant Analysis
2026-09-17 16:05:27,624:INFO:Total runtime is 0.18982039292653402 minutes
2026-09-17 16:05:27,624:INFO:SubProcess create_model() called ==================================
2026-09-17 16:05:27,624:INFO:Initializing create_model()
2026-09-17 16:05:27,624:INFO:create_model(self=<pycaret.classification.oop.ClassificationExperiment object at 0x0000023D51878B10>, estimator=lda, fold=StratifiedKFold(n_splits=10, random_state=None, shuffle=False), round=4, cross_validation=True, predict=True, fit_kwargs={}, groups=None, refit=False, probability_threshold=None, experiment_custom_tags=None, verbose=False, system=False, add_to_model_list=True, metrics=None, display=<pycaret.internal.display.display.CommonDisplay object at 0x0000023D5938BD10>, model_only=True, return_train_score=False, error_score=0.0, kwargs={})
2026-09-17 16:05:27,624:INFO:Checking exceptions
2026-09-17 16:05:27,624:INFO:Importing libraries
2026-09-17 16:05:27,624:INFO:Copying training dataset
2026-09-17 16:05:27,625:INFO:Defining folds
2026-09-17 16:05:27,625:INFO:Declaring metric variables
2026-09-17 16:05:27,625:INFO:Importing untrained model
2026-09-17 16:05:27,625:INFO:Linear Discriminant Analysis Imported successfully
2026-09-17 16:05:27,625:INFO:Starting cross validation
2026-09-17 16:05:27,627:INFO:Cross validating with StratifiedKFold(n_splits=10, random_state=None, shuffle=False), n_jobs=-1
2026-09-17 16:05:27,660:WARNING:C:\Users\Putra\AppData\Local\Programs\Python\Python311\Lib\site-packages\pycaret\internal\metrics.py:204: FitFailedWarning: Metric 'make_scorer(roc_auc_score, response_method=('decision_function', 'predict_proba'), average=weighted, multi_class=ovr)' failed and error score 0.0 has been returned instead. If this is a custom metric, this usually means that the error is in the metric code. Full exception below:
Traceback (most recent call last):
  File "C:\Users\Putra\AppData\Local\Programs\Python\Python311\Lib\site-packages\pycaret\internal\metrics.py", line 196, in _score
    return super()._score(
           ^^^^^^^^^^^^^^^
  File "C:\Users\Putra\AppData\Local\Programs\Python\Python311\Lib\site-packages\sklearn\metrics\_scorer.py", line 350, in _score
    return self._sign * self._score_func(y_true, y_pred, **scoring_kwargs)
                        ^^^^^^^^^^^^^^^^^^^^^^^^^^^^^^^^^^^^^^^^^^^^^^^^^^
  File "C:\Users\Putra\AppData\Local\Programs\Python\Python311\Lib\site-packages\pycaret\internal\metrics.py", line 144, in __call__
    return self.score_func(y_true, y_pred, **kwargs)
           ^^^^^^^^^^^^^^^^^^^^^^^^^^^^^^^^^^^^^^^^^
  File "C:\Users\Putra\AppData\Local\Programs\Python\Python311\Lib\site-packages\sklearn\utils\_param_validation.py", line 213, in wrapper
    return func(*args, **kwargs)
           ^^^^^^^^^^^^^^^^^^^^^
  File "C:\Users\Putra\AppData\Local\Programs\Python\Python311\Lib\site-packages\sklearn\metrics\_ranking.py", line 634, in roc_auc_score
    return _multiclass_roc_auc_score(
           ^^^^^^^^^^^^^^^^^^^^^^^^^^
  File "C:\Users\Putra\AppData\Local\Programs\Python\Python311\Lib\site-packages\sklearn\metrics\_ranking.py", line 707, in _multiclass_roc_auc_score
    raise ValueError(
ValueError: Target scores need to be probabilities for multiclass roc_auc, i.e. they should sum up to 1.0 over classes

  warnings.warn(

2026-09-17 16:05:27,660:WARNING:C:\Users\Putra\AppData\Local\Programs\Python\Python311\Lib\site-packages\pycaret\internal\metrics.py:204: FitFailedWarning: Metric 'make_scorer(roc_auc_score, response_method=('decision_function', 'predict_proba'), average=weighted, multi_class=ovr)' failed and error score 0.0 has been returned instead. If this is a custom metric, this usually means that the error is in the metric code. Full exception below:
Traceback (most recent call last):
  File "C:\Users\Putra\AppData\Local\Programs\Python\Python311\Lib\site-packages\pycaret\internal\metrics.py", line 196, in _score
    return super()._score(
           ^^^^^^^^^^^^^^^
  File "C:\Users\Putra\AppData\Local\Programs\Python\Python311\Lib\site-packages\sklearn\metrics\_scorer.py", line 350, in _score
    return self._sign * self._score_func(y_true, y_pred, **scoring_kwargs)
                        ^^^^^^^^^^^^^^^^^^^^^^^^^^^^^^^^^^^^^^^^^^^^^^^^^^
  File "C:\Users\Putra\AppData\Local\Programs\Python\Python311\Lib\site-packages\pycaret\internal\metrics.py", line 144, in __call__
    return self.score_func(y_true, y_pred, **kwargs)
           ^^^^^^^^^^^^^^^^^^^^^^^^^^^^^^^^^^^^^^^^^
  File "C:\Users\Putra\AppData\Local\Programs\Python\Python311\Lib\site-packages\sklearn\utils\_param_validation.py", line 213, in wrapper
    return func(*args, **kwargs)
           ^^^^^^^^^^^^^^^^^^^^^
  File "C:\Users\Putra\AppData\Local\Programs\Python\Python311\Lib\site-packages\sklearn\metrics\_ranking.py", line 634, in roc_auc_score
    return _multiclass_roc_auc_score(
           ^^^^^^^^^^^^^^^^^^^^^^^^^^
  File "C:\Users\Putra\AppData\Local\Programs\Python\Python311\Lib\site-packages\sklearn\metrics\_ranking.py", line 707, in _multiclass_roc_auc_score
    raise ValueError(
ValueError: Target scores need to be probabilities for multiclass roc_auc, i.e. they should sum up to 1.0 over classes

  warnings.warn(

2026-09-17 16:05:27,660:WARNING:C:\Users\Putra\AppData\Local\Programs\Python\Python311\Lib\site-packages\pycaret\internal\metrics.py:204: FitFailedWarning: Metric 'make_scorer(roc_auc_score, response_method=('decision_function', 'predict_proba'), average=weighted, multi_class=ovr)' failed and error score 0.0 has been returned instead. If this is a custom metric, this usually means that the error is in the metric code. Full exception below:
Traceback (most recent call last):
  File "C:\Users\Putra\AppData\Local\Programs\Python\Python311\Lib\site-packages\pycaret\internal\metrics.py", line 196, in _score
    return super()._score(
           ^^^^^^^^^^^^^^^
  File "C:\Users\Putra\AppData\Local\Programs\Python\Python311\Lib\site-packages\sklearn\metrics\_scorer.py", line 350, in _score
    return self._sign * self._score_func(y_true, y_pred, **scoring_kwargs)
                        ^^^^^^^^^^^^^^^^^^^^^^^^^^^^^^^^^^^^^^^^^^^^^^^^^^
  File "C:\Users\Putra\AppData\Local\Programs\Python\Python311\Lib\site-packages\pycaret\internal\metrics.py", line 144, in __call__
    return self.score_func(y_true, y_pred, **kwargs)
           ^^^^^^^^^^^^^^^^^^^^^^^^^^^^^^^^^^^^^^^^^
  File "C:\Users\Putra\AppData\Local\Programs\Python\Python311\Lib\site-packages\sklearn\utils\_param_validation.py", line 213, in wrapper
    return func(*args, **kwargs)
           ^^^^^^^^^^^^^^^^^^^^^
  File "C:\Users\Putra\AppData\Local\Programs\Python\Python311\Lib\site-packages\sklearn\metrics\_ranking.py", line 634, in roc_auc_score
    return _multiclass_roc_auc_score(
           ^^^^^^^^^^^^^^^^^^^^^^^^^^
  File "C:\Users\Putra\AppData\Local\Programs\Python\Python311\Lib\site-packages\sklearn\metrics\_ranking.py", line 707, in _multiclass_roc_auc_score
    raise ValueError(
ValueError: Target scores need to be probabilities for multiclass roc_auc, i.e. they should sum up to 1.0 over classes

  warnings.warn(

2026-09-17 16:05:27,660:WARNING:C:\Users\Putra\AppData\Local\Programs\Python\Python311\Lib\site-packages\pycaret\internal\metrics.py:204: FitFailedWarning: Metric 'make_scorer(roc_auc_score, response_method=('decision_function', 'predict_proba'), average=weighted, multi_class=ovr)' failed and error score 0.0 has been returned instead. If this is a custom metric, this usually means that the error is in the metric code. Full exception below:
Traceback (most recent call last):
  File "C:\Users\Putra\AppData\Local\Programs\Python\Python311\Lib\site-packages\pycaret\internal\metrics.py", line 196, in _score
    return super()._score(
           ^^^^^^^^^^^^^^^
  File "C:\Users\Putra\AppData\Local\Programs\Python\Python311\Lib\site-packages\sklearn\metrics\_scorer.py", line 350, in _score
    return self._sign * self._score_func(y_true, y_pred, **scoring_kwargs)
                        ^^^^^^^^^^^^^^^^^^^^^^^^^^^^^^^^^^^^^^^^^^^^^^^^^^
  File "C:\Users\Putra\AppData\Local\Programs\Python\Python311\Lib\site-packages\pycaret\internal\metrics.py", line 144, in __call__
    return self.score_func(y_true, y_pred, **kwargs)
           ^^^^^^^^^^^^^^^^^^^^^^^^^^^^^^^^^^^^^^^^^
  File "C:\Users\Putra\AppData\Local\Programs\Python\Python311\Lib\site-packages\sklearn\utils\_param_validation.py", line 213, in wrapper
    return func(*args, **kwargs)
           ^^^^^^^^^^^^^^^^^^^^^
  File "C:\Users\Putra\AppData\Local\Programs\Python\Python311\Lib\site-packages\sklearn\metrics\_ranking.py", line 634, in roc_auc_score
    return _multiclass_roc_auc_score(
           ^^^^^^^^^^^^^^^^^^^^^^^^^^
  File "C:\Users\Putra\AppData\Local\Programs\Python\Python311\Lib\site-packages\sklearn\metrics\_ranking.py", line 707, in _multiclass_roc_auc_score
    raise ValueError(
ValueError: Target scores need to be probabilities for multiclass roc_auc, i.e. they should sum up to 1.0 over classes

  warnings.warn(

2026-09-17 16:05:27,660:WARNING:C:\Users\Putra\AppData\Local\Programs\Python\Python311\Lib\site-packages\pycaret\internal\metrics.py:204: FitFailedWarning: Metric 'make_scorer(roc_auc_score, response_method=('decision_function', 'predict_proba'), average=weighted, multi_class=ovr)' failed and error score 0.0 has been returned instead. If this is a custom metric, this usually means that the error is in the metric code. Full exception below:
Traceback (most recent call last):
  File "C:\Users\Putra\AppData\Local\Programs\Python\Python311\Lib\site-packages\pycaret\internal\metrics.py", line 196, in _score
    return super()._score(
           ^^^^^^^^^^^^^^^
  File "C:\Users\Putra\AppData\Local\Programs\Python\Python311\Lib\site-packages\sklearn\metrics\_scorer.py", line 350, in _score
    return self._sign * self._score_func(y_true, y_pred, **scoring_kwargs)
                        ^^^^^^^^^^^^^^^^^^^^^^^^^^^^^^^^^^^^^^^^^^^^^^^^^^
  File "C:\Users\Putra\AppData\Local\Programs\Python\Python311\Lib\site-packages\pycaret\internal\metrics.py", line 144, in __call__
    return self.score_func(y_true, y_pred, **kwargs)
           ^^^^^^^^^^^^^^^^^^^^^^^^^^^^^^^^^^^^^^^^^
  File "C:\Users\Putra\AppData\Local\Programs\Python\Python311\Lib\site-packages\sklearn\utils\_param_validation.py", line 213, in wrapper
    return func(*args, **kwargs)
           ^^^^^^^^^^^^^^^^^^^^^
  File "C:\Users\Putra\AppData\Local\Programs\Python\Python311\Lib\site-packages\sklearn\metrics\_ranking.py", line 634, in roc_auc_score
    return _multiclass_roc_auc_score(
           ^^^^^^^^^^^^^^^^^^^^^^^^^^
  File "C:\Users\Putra\AppData\Local\Programs\Python\Python311\Lib\site-packages\sklearn\metrics\_ranking.py", line 707, in _multiclass_roc_auc_score
    raise ValueError(
ValueError: Target scores need to be probabilities for multiclass roc_auc, i.e. they should sum up to 1.0 over classes

  warnings.warn(

2026-09-17 16:05:27,660:WARNING:C:\Users\Putra\AppData\Local\Programs\Python\Python311\Lib\site-packages\pycaret\internal\metrics.py:204: FitFailedWarning: Metric 'make_scorer(roc_auc_score, response_method=('decision_function', 'predict_proba'), average=weighted, multi_class=ovr)' failed and error score 0.0 has been returned instead. If this is a custom metric, this usually means that the error is in the metric code. Full exception below:
Traceback (most recent call last):
  File "C:\Users\Putra\AppData\Local\Programs\Python\Python311\Lib\site-packages\pycaret\internal\metrics.py", line 196, in _score
    return super()._score(
           ^^^^^^^^^^^^^^^
  File "C:\Users\Putra\AppData\Local\Programs\Python\Python311\Lib\site-packages\sklearn\metrics\_scorer.py", line 350, in _score
    return self._sign * self._score_func(y_true, y_pred, **scoring_kwargs)
                        ^^^^^^^^^^^^^^^^^^^^^^^^^^^^^^^^^^^^^^^^^^^^^^^^^^
  File "C:\Users\Putra\AppData\Local\Programs\Python\Python311\Lib\site-packages\pycaret\internal\metrics.py", line 144, in __call__
    return self.score_func(y_true, y_pred, **kwargs)
           ^^^^^^^^^^^^^^^^^^^^^^^^^^^^^^^^^^^^^^^^^
  File "C:\Users\Putra\AppData\Local\Programs\Python\Python311\Lib\site-packages\sklearn\utils\_param_validation.py", line 213, in wrapper
    return func(*args, **kwargs)
           ^^^^^^^^^^^^^^^^^^^^^
  File "C:\Users\Putra\AppData\Local\Programs\Python\Python311\Lib\site-packages\sklearn\metrics\_ranking.py", line 634, in roc_auc_score
    return _multiclass_roc_auc_score(
           ^^^^^^^^^^^^^^^^^^^^^^^^^^
  File "C:\Users\Putra\AppData\Local\Programs\Python\Python311\Lib\site-packages\sklearn\metrics\_ranking.py", line 707, in _multiclass_roc_auc_score
    raise ValueError(
ValueError: Target scores need to be probabilities for multiclass roc_auc, i.e. they should sum up to 1.0 over classes

  warnings.warn(

2026-09-17 16:05:27,662:WARNING:C:\Users\Putra\AppData\Local\Programs\Python\Python311\Lib\site-packages\pycaret\internal\metrics.py:204: FitFailedWarning: Metric 'make_scorer(roc_auc_score, response_method=('decision_function', 'predict_proba'), average=weighted, multi_class=ovr)' failed and error score 0.0 has been returned instead. If this is a custom metric, this usually means that the error is in the metric code. Full exception below:
Traceback (most recent call last):
  File "C:\Users\Putra\AppData\Local\Programs\Python\Python311\Lib\site-packages\pycaret\internal\metrics.py", line 196, in _score
    return super()._score(
           ^^^^^^^^^^^^^^^
  File "C:\Users\Putra\AppData\Local\Programs\Python\Python311\Lib\site-packages\sklearn\metrics\_scorer.py", line 350, in _score
    return self._sign * self._score_func(y_true, y_pred, **scoring_kwargs)
                        ^^^^^^^^^^^^^^^^^^^^^^^^^^^^^^^^^^^^^^^^^^^^^^^^^^
  File "C:\Users\Putra\AppData\Local\Programs\Python\Python311\Lib\site-packages\pycaret\internal\metrics.py", line 144, in __call__
    return self.score_func(y_true, y_pred, **kwargs)
           ^^^^^^^^^^^^^^^^^^^^^^^^^^^^^^^^^^^^^^^^^
  File "C:\Users\Putra\AppData\Local\Programs\Python\Python311\Lib\site-packages\sklearn\utils\_param_validation.py", line 213, in wrapper
    return func(*args, **kwargs)
           ^^^^^^^^^^^^^^^^^^^^^
  File "C:\Users\Putra\AppData\Local\Programs\Python\Python311\Lib\site-packages\sklearn\metrics\_ranking.py", line 634, in roc_auc_score
    return _multiclass_roc_auc_score(
           ^^^^^^^^^^^^^^^^^^^^^^^^^^
  File "C:\Users\Putra\AppData\Local\Programs\Python\Python311\Lib\site-packages\sklearn\metrics\_ranking.py", line 707, in _multiclass_roc_auc_score
    raise ValueError(
ValueError: Target scores need to be probabilities for multiclass roc_auc, i.e. they should sum up to 1.0 over classes

  warnings.warn(

2026-09-17 16:05:27,663:WARNING:C:\Users\Putra\AppData\Local\Programs\Python\Python311\Lib\site-packages\pycaret\internal\metrics.py:204: FitFailedWarning: Metric 'make_scorer(roc_auc_score, response_method=('decision_function', 'predict_proba'), average=weighted, multi_class=ovr)' failed and error score 0.0 has been returned instead. If this is a custom metric, this usually means that the error is in the metric code. Full exception below:
Traceback (most recent call last):
  File "C:\Users\Putra\AppData\Local\Programs\Python\Python311\Lib\site-packages\pycaret\internal\metrics.py", line 196, in _score
    return super()._score(
           ^^^^^^^^^^^^^^^
  File "C:\Users\Putra\AppData\Local\Programs\Python\Python311\Lib\site-packages\sklearn\metrics\_scorer.py", line 350, in _score
    return self._sign * self._score_func(y_true, y_pred, **scoring_kwargs)
                        ^^^^^^^^^^^^^^^^^^^^^^^^^^^^^^^^^^^^^^^^^^^^^^^^^^
  File "C:\Users\Putra\AppData\Local\Programs\Python\Python311\Lib\site-packages\pycaret\internal\metrics.py", line 144, in __call__
    return self.score_func(y_true, y_pred, **kwargs)
           ^^^^^^^^^^^^^^^^^^^^^^^^^^^^^^^^^^^^^^^^^
  File "C:\Users\Putra\AppData\Local\Programs\Python\Python311\Lib\site-packages\sklearn\utils\_param_validation.py", line 213, in wrapper
    return func(*args, **kwargs)
           ^^^^^^^^^^^^^^^^^^^^^
  File "C:\Users\Putra\AppData\Local\Programs\Python\Python311\Lib\site-packages\sklearn\metrics\_ranking.py", line 634, in roc_auc_score
    return _multiclass_roc_auc_score(
           ^^^^^^^^^^^^^^^^^^^^^^^^^^
  File "C:\Users\Putra\AppData\Local\Programs\Python\Python311\Lib\site-packages\sklearn\metrics\_ranking.py", line 707, in _multiclass_roc_auc_score
    raise ValueError(
ValueError: Target scores need to be probabilities for multiclass roc_auc, i.e. they should sum up to 1.0 over classes

  warnings.warn(

2026-09-17 16:05:27,663:WARNING:C:\Users\Putra\AppData\Local\Programs\Python\Python311\Lib\site-packages\pycaret\internal\metrics.py:204: FitFailedWarning: Metric 'make_scorer(roc_auc_score, response_method=('decision_function', 'predict_proba'), average=weighted, multi_class=ovr)' failed and error score 0.0 has been returned instead. If this is a custom metric, this usually means that the error is in the metric code. Full exception below:
Traceback (most recent call last):
  File "C:\Users\Putra\AppData\Local\Programs\Python\Python311\Lib\site-packages\pycaret\internal\metrics.py", line 196, in _score
    return super()._score(
           ^^^^^^^^^^^^^^^
  File "C:\Users\Putra\AppData\Local\Programs\Python\Python311\Lib\site-packages\sklearn\metrics\_scorer.py", line 350, in _score
    return self._sign * self._score_func(y_true, y_pred, **scoring_kwargs)
                        ^^^^^^^^^^^^^^^^^^^^^^^^^^^^^^^^^^^^^^^^^^^^^^^^^^
  File "C:\Users\Putra\AppData\Local\Programs\Python\Python311\Lib\site-packages\pycaret\internal\metrics.py", line 144, in __call__
    return self.score_func(y_true, y_pred, **kwargs)
           ^^^^^^^^^^^^^^^^^^^^^^^^^^^^^^^^^^^^^^^^^
  File "C:\Users\Putra\AppData\Local\Programs\Python\Python311\Lib\site-packages\sklearn\utils\_param_validation.py", line 213, in wrapper
    return func(*args, **kwargs)
           ^^^^^^^^^^^^^^^^^^^^^
  File "C:\Users\Putra\AppData\Local\Programs\Python\Python311\Lib\site-packages\sklearn\metrics\_ranking.py", line 634, in roc_auc_score
    return _multiclass_roc_auc_score(
           ^^^^^^^^^^^^^^^^^^^^^^^^^^
  File "C:\Users\Putra\AppData\Local\Programs\Python\Python311\Lib\site-packages\sklearn\metrics\_ranking.py", line 707, in _multiclass_roc_auc_score
    raise ValueError(
ValueError: Target scores need to be probabilities for multiclass roc_auc, i.e. they should sum up to 1.0 over classes

  warnings.warn(

2026-09-17 16:05:27,673:INFO:Calculating mean and std
2026-09-17 16:05:27,673:INFO:Creating metrics dataframe
2026-09-17 16:05:27,675:INFO:Uploading results into container
2026-09-17 16:05:27,675:INFO:Uploading model into container now
2026-09-17 16:05:27,675:INFO:_master_model_container: 11
2026-09-17 16:05:27,675:INFO:_display_container: 2
2026-09-17 16:05:27,675:INFO:LinearDiscriminantAnalysis(covariance_estimator=None, n_components=None,
                           priors=None, shrinkage=None, solver='svd',
                           store_covariance=False, tol=0.0001)
2026-09-17 16:05:27,675:INFO:create_model() successfully completed......................................
2026-09-17 16:05:27,749:INFO:SubProcess create_model() end ==================================
2026-09-17 16:05:27,749:INFO:Creating metrics dataframe
2026-09-17 16:05:27,750:INFO:Initializing Extra Trees Classifier
2026-09-17 16:05:27,750:INFO:Total runtime is 0.19191898902257284 minutes
2026-09-17 16:05:27,750:INFO:SubProcess create_model() called ==================================
2026-09-17 16:05:27,750:INFO:Initializing create_model()
2026-09-17 16:05:27,750:INFO:create_model(self=<pycaret.classification.oop.ClassificationExperiment object at 0x0000023D51878B10>, estimator=et, fold=StratifiedKFold(n_splits=10, random_state=None, shuffle=False), round=4, cross_validation=True, predict=True, fit_kwargs={}, groups=None, refit=False, probability_threshold=None, experiment_custom_tags=None, verbose=False, system=False, add_to_model_list=True, metrics=None, display=<pycaret.internal.display.display.CommonDisplay object at 0x0000023D5938BD10>, model_only=True, return_train_score=False, error_score=0.0, kwargs={})
2026-09-17 16:05:27,750:INFO:Checking exceptions
2026-09-17 16:05:27,750:INFO:Importing libraries
2026-09-17 16:05:27,750:INFO:Copying training dataset
2026-09-17 16:05:27,751:INFO:Defining folds
2026-09-17 16:05:27,752:INFO:Declaring metric variables
2026-09-17 16:05:27,752:INFO:Importing untrained model
2026-09-17 16:05:27,752:INFO:Extra Trees Classifier Imported successfully
2026-09-17 16:05:27,752:INFO:Starting cross validation
2026-09-17 16:05:27,752:INFO:Cross validating with StratifiedKFold(n_splits=10, random_state=None, shuffle=False), n_jobs=-1
2026-09-17 16:05:28,016:INFO:Calculating mean and std
2026-09-17 16:05:28,016:INFO:Creating metrics dataframe
2026-09-17 16:05:28,018:INFO:Uploading results into container
2026-09-17 16:05:28,018:INFO:Uploading model into container now
2026-09-17 16:05:28,019:INFO:_master_model_container: 12
2026-09-17 16:05:28,019:INFO:_display_container: 2
2026-09-17 16:05:28,019:INFO:ExtraTreesClassifier(bootstrap=False, ccp_alpha=0.0, class_weight=None,
                     criterion='gini', max_depth=None, max_features='sqrt',
                     max_leaf_nodes=None, max_samples=None,
                     min_impurity_decrease=0.0, min_samples_leaf=1,
                     min_samples_split=2, min_weight_fraction_leaf=0.0,
                     monotonic_cst=None, n_estimators=100, n_jobs=-1,
                     oob_score=False, random_state=2955, verbose=0,
                     warm_start=False)
2026-09-17 16:05:28,019:INFO:create_model() successfully completed......................................
2026-09-17 16:05:28,086:INFO:SubProcess create_model() end ==================================
2026-09-17 16:05:28,086:INFO:Creating metrics dataframe
2026-09-17 16:05:28,089:INFO:Initializing Extreme Gradient Boosting
2026-09-17 16:05:28,089:INFO:Total runtime is 0.1975620786348979 minutes
2026-09-17 16:05:28,089:INFO:SubProcess create_model() called ==================================
2026-09-17 16:05:28,089:INFO:Initializing create_model()
2026-09-17 16:05:28,089:INFO:create_model(self=<pycaret.classification.oop.ClassificationExperiment object at 0x0000023D51878B10>, estimator=xgboost, fold=StratifiedKFold(n_splits=10, random_state=None, shuffle=False), round=4, cross_validation=True, predict=True, fit_kwargs={}, groups=None, refit=False, probability_threshold=None, experiment_custom_tags=None, verbose=False, system=False, add_to_model_list=True, metrics=None, display=<pycaret.internal.display.display.CommonDisplay object at 0x0000023D5938BD10>, model_only=True, return_train_score=False, error_score=0.0, kwargs={})
2026-09-17 16:05:28,089:INFO:Checking exceptions
2026-09-17 16:05:28,089:INFO:Importing libraries
2026-09-17 16:05:28,089:INFO:Copying training dataset
2026-09-17 16:05:28,090:INFO:Defining folds
2026-09-17 16:05:28,091:INFO:Declaring metric variables
2026-09-17 16:05:28,091:INFO:Importing untrained model
2026-09-17 16:05:28,092:INFO:Extreme Gradient Boosting Imported successfully
2026-09-17 16:05:28,092:INFO:Starting cross validation
2026-09-17 16:05:28,093:INFO:Cross validating with StratifiedKFold(n_splits=10, random_state=None, shuffle=False), n_jobs=-1
2026-09-17 16:05:30,730:INFO:Calculating mean and std
2026-09-17 16:05:30,731:INFO:Creating metrics dataframe
2026-09-17 16:05:30,734:INFO:Uploading results into container
2026-09-17 16:05:30,734:INFO:Uploading model into container now
2026-09-17 16:05:30,734:INFO:_master_model_container: 13
2026-09-17 16:05:30,734:INFO:_display_container: 2
2026-09-17 16:05:30,735:INFO:XGBClassifier(base_score=None, booster='gbtree', callbacks=None,
              colsample_bylevel=None, colsample_bynode=None,
              colsample_bytree=None, device='cpu', early_stopping_rounds=None,
              enable_categorical=False, eval_metric=None, feature_types=None,
              gamma=None, grow_policy=None, importance_type=None,
              interaction_constraints=None, learning_rate=None, max_bin=None,
              max_cat_threshold=None, max_cat_to_onehot=None,
              max_delta_step=None, max_depth=None, max_leaves=None,
              min_child_weight=None, missing=nan, monotone_constraints=None,
              multi_strategy=None, n_estimators=None, n_jobs=-1,
              num_parallel_tree=None, objective='binary:logistic', ...)
2026-09-17 16:05:30,735:INFO:create_model() successfully completed......................................
2026-09-17 16:05:30,862:INFO:SubProcess create_model() end ==================================
2026-09-17 16:05:30,862:INFO:Creating metrics dataframe
2026-09-17 16:05:30,865:INFO:Initializing Light Gradient Boosting Machine
2026-09-17 16:05:30,865:INFO:Total runtime is 0.2438298026720683 minutes
2026-09-17 16:05:30,865:INFO:SubProcess create_model() called ==================================
2026-09-17 16:05:30,865:INFO:Initializing create_model()
2026-09-17 16:05:30,865:INFO:create_model(self=<pycaret.classification.oop.ClassificationExperiment object at 0x0000023D51878B10>, estimator=lightgbm, fold=StratifiedKFold(n_splits=10, random_state=None, shuffle=False), round=4, cross_validation=True, predict=True, fit_kwargs={}, groups=None, refit=False, probability_threshold=None, experiment_custom_tags=None, verbose=False, system=False, add_to_model_list=True, metrics=None, display=<pycaret.internal.display.display.CommonDisplay object at 0x0000023D5938BD10>, model_only=True, return_train_score=False, error_score=0.0, kwargs={})
2026-09-17 16:05:30,865:INFO:Checking exceptions
2026-09-17 16:05:30,865:INFO:Importing libraries
2026-09-17 16:05:30,865:INFO:Copying training dataset
2026-09-17 16:05:30,868:INFO:Defining folds
2026-09-17 16:05:30,868:INFO:Declaring metric variables
2026-09-17 16:05:30,868:INFO:Importing untrained model
2026-09-17 16:05:30,869:INFO:Light Gradient Boosting Machine Imported successfully
2026-09-17 16:05:30,869:INFO:Starting cross validation
2026-09-17 16:05:30,870:INFO:Cross validating with StratifiedKFold(n_splits=10, random_state=None, shuffle=False), n_jobs=-1
2026-09-17 16:05:30,987:WARNING:create_model() for lightgbm raised an exception or returned all 0.0, trying without fit_kwargs:
2026-09-17 16:05:30,990:WARNING:Traceback (most recent call last):
  File "C:\Users\Putra\AppData\Local\Programs\Python\Python311\Lib\site-packages\pycaret\internal\pycaret_experiment\supervised_experiment.py", line 794, in compare_models
    model, model_fit_time = self._create_model(**create_model_args)
                            ^^^^^^^^^^^^^^^^^^^^^^^^^^^^^^^^^^^^^^^
  File "C:\Users\Putra\AppData\Local\Programs\Python\Python311\Lib\site-packages\pycaret\internal\pycaret_experiment\supervised_experiment.py", line 1533, in _create_model
    model, model_fit_time, model_results, _ = self._create_model_with_cv(
                                              ^^^^^^^^^^^^^^^^^^^^^^^^^^^
  File "C:\Users\Putra\AppData\Local\Programs\Python\Python311\Lib\site-packages\pycaret\internal\pycaret_experiment\supervised_experiment.py", line 1126, in _create_model_with_cv
    scores = cross_validate(
             ^^^^^^^^^^^^^^^
  File "C:\Users\Putra\AppData\Local\Programs\Python\Python311\Lib\site-packages\sklearn\utils\_param_validation.py", line 213, in wrapper
    return func(*args, **kwargs)
           ^^^^^^^^^^^^^^^^^^^^^
  File "C:\Users\Putra\AppData\Local\Programs\Python\Python311\Lib\site-packages\sklearn\model_selection\_validation.py", line 450, in cross_validate
    _warn_or_raise_about_fit_failures(results, error_score)
  File "C:\Users\Putra\AppData\Local\Programs\Python\Python311\Lib\site-packages\sklearn\model_selection\_validation.py", line 536, in _warn_or_raise_about_fit_failures
    raise ValueError(all_fits_failed_message)
ValueError: 
All the 10 fits failed.
It is very likely that your model is misconfigured.
You can try to debug the error by setting error_score='raise'.

Below are more details about the failures:
--------------------------------------------------------------------------------
10 fits failed with the following error:
Traceback (most recent call last):
  File "C:\Users\Putra\AppData\Local\Programs\Python\Python311\Lib\site-packages\sklearn\model_selection\_validation.py", line 895, in _fit_and_score
    estimator.fit(X_train, y_train, **fit_params)
  File "C:\Users\Putra\AppData\Local\Programs\Python\Python311\Lib\site-packages\pycaret\internal\pipeline.py", line 278, in fit
    fitted_estimator = self._memory_fit(
                       ^^^^^^^^^^^^^^^^^
  File "C:\Users\Putra\AppData\Local\Programs\Python\Python311\Lib\site-packages\joblib\memory.py", line 353, in __call__
    return self.func(*args, **kwargs)
           ^^^^^^^^^^^^^^^^^^^^^^^^^^
  File "C:\Users\Putra\AppData\Local\Programs\Python\Python311\Lib\site-packages\pycaret\internal\pipeline.py", line 69, in _fit_one
    transformer.fit(*args)
  File "C:\Users\Putra\AppData\Local\Programs\Python\Python311\Lib\site-packages\lightgbm\sklearn.py", line 1704, in fit
    super().fit(
  File "C:\Users\Putra\AppData\Local\Programs\Python\Python311\Lib\site-packages\lightgbm\sklearn.py", line 1171, in fit
    self._Booster = train(
                    ^^^^^^
  File "C:\Users\Putra\AppData\Local\Programs\Python\Python311\Lib\site-packages\lightgbm\engine.py", line 296, in train
    booster = Booster(params=params, train_set=train_set)
              ^^^^^^^^^^^^^^^^^^^^^^^^^^^^^^^^^^^^^^^^^^^
  File "C:\Users\Putra\AppData\Local\Programs\Python\Python311\Lib\site-packages\lightgbm\basic.py", line 3758, in __init__
    train_set.construct()
  File "C:\Users\Putra\AppData\Local\Programs\Python\Python311\Lib\site-packages\lightgbm\basic.py", line 2574, in construct
    self._lazy_init(
  File "C:\Users\Putra\AppData\Local\Programs\Python\Python311\Lib\site-packages\lightgbm\basic.py", line 2189, in _lazy_init
    self.set_label(label)
  File "C:\Users\Putra\AppData\Local\Programs\Python\Python311\Lib\site-packages\lightgbm\basic.py", line 3097, in set_label
    self.set_field("label", label_array)
  File "C:\Users\Putra\AppData\Local\Programs\Python\Python311\Lib\site-packages\lightgbm\basic.py", line 2860, in set_field
    _LIB.LGBM_DatasetSetField(
OSError: exception: access violation reading 0x0000000000000000


2026-09-17 16:05:30,992:INFO:Initializing create_model()
2026-09-17 16:05:30,992:INFO:create_model(self=<pycaret.classification.oop.ClassificationExperiment object at 0x0000023D51878B10>, estimator=lightgbm, fold=StratifiedKFold(n_splits=10, random_state=None, shuffle=False), round=4, cross_validation=True, predict=True, fit_kwargs={}, groups=None, refit=False, probability_threshold=None, experiment_custom_tags=None, verbose=False, system=False, add_to_model_list=True, metrics=None, display=<pycaret.internal.display.display.CommonDisplay object at 0x0000023D5938BD10>, model_only=True, return_train_score=False, error_score=0.0, kwargs={})
2026-09-17 16:05:30,992:INFO:Checking exceptions
2026-09-17 16:05:30,992:INFO:Importing libraries
2026-09-17 16:05:30,992:INFO:Copying training dataset
2026-09-17 16:05:30,995:INFO:Defining folds
2026-09-17 16:05:30,995:INFO:Declaring metric variables
2026-09-17 16:05:30,995:INFO:Importing untrained model
2026-09-17 16:05:30,996:INFO:Light Gradient Boosting Machine Imported successfully
2026-09-17 16:05:30,996:INFO:Starting cross validation
2026-09-17 16:05:30,997:INFO:Cross validating with StratifiedKFold(n_splits=10, random_state=None, shuffle=False), n_jobs=-1
2026-09-17 16:05:31,129:ERROR:create_model() for lightgbm raised an exception or returned all 0.0:
2026-09-17 16:05:31,131:ERROR:Traceback (most recent call last):
  File "C:\Users\Putra\AppData\Local\Programs\Python\Python311\Lib\site-packages\pycaret\internal\pycaret_experiment\supervised_experiment.py", line 794, in compare_models
    model, model_fit_time = self._create_model(**create_model_args)
                            ^^^^^^^^^^^^^^^^^^^^^^^^^^^^^^^^^^^^^^^
  File "C:\Users\Putra\AppData\Local\Programs\Python\Python311\Lib\site-packages\pycaret\internal\pycaret_experiment\supervised_experiment.py", line 1533, in _create_model
    model, model_fit_time, model_results, _ = self._create_model_with_cv(
                                              ^^^^^^^^^^^^^^^^^^^^^^^^^^^
  File "C:\Users\Putra\AppData\Local\Programs\Python\Python311\Lib\site-packages\pycaret\internal\pycaret_experiment\supervised_experiment.py", line 1126, in _create_model_with_cv
    scores = cross_validate(
             ^^^^^^^^^^^^^^^
  File "C:\Users\Putra\AppData\Local\Programs\Python\Python311\Lib\site-packages\sklearn\utils\_param_validation.py", line 213, in wrapper
    return func(*args, **kwargs)
           ^^^^^^^^^^^^^^^^^^^^^
  File "C:\Users\Putra\AppData\Local\Programs\Python\Python311\Lib\site-packages\sklearn\model_selection\_validation.py", line 450, in cross_validate
    _warn_or_raise_about_fit_failures(results, error_score)
  File "C:\Users\Putra\AppData\Local\Programs\Python\Python311\Lib\site-packages\sklearn\model_selection\_validation.py", line 536, in _warn_or_raise_about_fit_failures
    raise ValueError(all_fits_failed_message)
ValueError: 
All the 10 fits failed.
It is very likely that your model is misconfigured.
You can try to debug the error by setting error_score='raise'.

Below are more details about the failures:
--------------------------------------------------------------------------------
10 fits failed with the following error:
Traceback (most recent call last):
  File "C:\Users\Putra\AppData\Local\Programs\Python\Python311\Lib\site-packages\sklearn\model_selection\_validation.py", line 895, in _fit_and_score
    estimator.fit(X_train, y_train, **fit_params)
  File "C:\Users\Putra\AppData\Local\Programs\Python\Python311\Lib\site-packages\pycaret\internal\pipeline.py", line 278, in fit
    fitted_estimator = self._memory_fit(
                       ^^^^^^^^^^^^^^^^^
  File "C:\Users\Putra\AppData\Local\Programs\Python\Python311\Lib\site-packages\joblib\memory.py", line 353, in __call__
    return self.func(*args, **kwargs)
           ^^^^^^^^^^^^^^^^^^^^^^^^^^
  File "C:\Users\Putra\AppData\Local\Programs\Python\Python311\Lib\site-packages\pycaret\internal\pipeline.py", line 69, in _fit_one
    transformer.fit(*args)
  File "C:\Users\Putra\AppData\Local\Programs\Python\Python311\Lib\site-packages\lightgbm\sklearn.py", line 1704, in fit
    super().fit(
  File "C:\Users\Putra\AppData\Local\Programs\Python\Python311\Lib\site-packages\lightgbm\sklearn.py", line 1171, in fit
    self._Booster = train(
                    ^^^^^^
  File "C:\Users\Putra\AppData\Local\Programs\Python\Python311\Lib\site-packages\lightgbm\engine.py", line 296, in train
    booster = Booster(params=params, train_set=train_set)
              ^^^^^^^^^^^^^^^^^^^^^^^^^^^^^^^^^^^^^^^^^^^
  File "C:\Users\Putra\AppData\Local\Programs\Python\Python311\Lib\site-packages\lightgbm\basic.py", line 3758, in __init__
    train_set.construct()
  File "C:\Users\Putra\AppData\Local\Programs\Python\Python311\Lib\site-packages\lightgbm\basic.py", line 2574, in construct
    self._lazy_init(
  File "C:\Users\Putra\AppData\Local\Programs\Python\Python311\Lib\site-packages\lightgbm\basic.py", line 2189, in _lazy_init
    self.set_label(label)
  File "C:\Users\Putra\AppData\Local\Programs\Python\Python311\Lib\site-packages\lightgbm\basic.py", line 3097, in set_label
    self.set_field("label", label_array)
  File "C:\Users\Putra\AppData\Local\Programs\Python\Python311\Lib\site-packages\lightgbm\basic.py", line 2860, in set_field
    _LIB.LGBM_DatasetSetField(
OSError: exception: access violation reading 0x0000000000000000


During handling of the above exception, another exception occurred:

Traceback (most recent call last):
  File "C:\Users\Putra\AppData\Local\Programs\Python\Python311\Lib\site-packages\pycaret\internal\pycaret_experiment\supervised_experiment.py", line 815, in compare_models
    model, model_fit_time = self._create_model(**create_model_args)
                            ^^^^^^^^^^^^^^^^^^^^^^^^^^^^^^^^^^^^^^^
  File "C:\Users\Putra\AppData\Local\Programs\Python\Python311\Lib\site-packages\pycaret\internal\pycaret_experiment\supervised_experiment.py", line 1533, in _create_model
    model, model_fit_time, model_results, _ = self._create_model_with_cv(
                                              ^^^^^^^^^^^^^^^^^^^^^^^^^^^
  File "C:\Users\Putra\AppData\Local\Programs\Python\Python311\Lib\site-packages\pycaret\internal\pycaret_experiment\supervised_experiment.py", line 1126, in _create_model_with_cv
    scores = cross_validate(
             ^^^^^^^^^^^^^^^
  File "C:\Users\Putra\AppData\Local\Programs\Python\Python311\Lib\site-packages\sklearn\utils\_param_validation.py", line 213, in wrapper
    return func(*args, **kwargs)
           ^^^^^^^^^^^^^^^^^^^^^
  File "C:\Users\Putra\AppData\Local\Programs\Python\Python311\Lib\site-packages\sklearn\model_selection\_validation.py", line 450, in cross_validate
    _warn_or_raise_about_fit_failures(results, error_score)
  File "C:\Users\Putra\AppData\Local\Programs\Python\Python311\Lib\site-packages\sklearn\model_selection\_validation.py", line 536, in _warn_or_raise_about_fit_failures
    raise ValueError(all_fits_failed_message)
ValueError: 
All the 10 fits failed.
It is very likely that your model is misconfigured.
You can try to debug the error by setting error_score='raise'.

Below are more details about the failures:
--------------------------------------------------------------------------------
10 fits failed with the following error:
Traceback (most recent call last):
  File "C:\Users\Putra\AppData\Local\Programs\Python\Python311\Lib\site-packages\sklearn\model_selection\_validation.py", line 895, in _fit_and_score
    estimator.fit(X_train, y_train, **fit_params)
  File "C:\Users\Putra\AppData\Local\Programs\Python\Python311\Lib\site-packages\pycaret\internal\pipeline.py", line 278, in fit
    fitted_estimator = self._memory_fit(
                       ^^^^^^^^^^^^^^^^^
  File "C:\Users\Putra\AppData\Local\Programs\Python\Python311\Lib\site-packages\joblib\memory.py", line 353, in __call__
    return self.func(*args, **kwargs)
           ^^^^^^^^^^^^^^^^^^^^^^^^^^
  File "C:\Users\Putra\AppData\Local\Programs\Python\Python311\Lib\site-packages\pycaret\internal\pipeline.py", line 69, in _fit_one
    transformer.fit(*args)
  File "C:\Users\Putra\AppData\Local\Programs\Python\Python311\Lib\site-packages\lightgbm\sklearn.py", line 1704, in fit
    super().fit(
  File "C:\Users\Putra\AppData\Local\Programs\Python\Python311\Lib\site-packages\lightgbm\sklearn.py", line 1171, in fit
    self._Booster = train(
                    ^^^^^^
  File "C:\Users\Putra\AppData\Local\Programs\Python\Python311\Lib\site-packages\lightgbm\engine.py", line 296, in train
    booster = Booster(params=params, train_set=train_set)
              ^^^^^^^^^^^^^^^^^^^^^^^^^^^^^^^^^^^^^^^^^^^
  File "C:\Users\Putra\AppData\Local\Programs\Python\Python311\Lib\site-packages\lightgbm\basic.py", line 3758, in __init__
    train_set.construct()
  File "C:\Users\Putra\AppData\Local\Programs\Python\Python311\Lib\site-packages\lightgbm\basic.py", line 2574, in construct
    self._lazy_init(
  File "C:\Users\Putra\AppData\Local\Programs\Python\Python311\Lib\site-packages\lightgbm\basic.py", line 2189, in _lazy_init
    self.set_label(label)
  File "C:\Users\Putra\AppData\Local\Programs\Python\Python311\Lib\site-packages\lightgbm\basic.py", line 3097, in set_label
    self.set_field("label", label_array)
  File "C:\Users\Putra\AppData\Local\Programs\Python\Python311\Lib\site-packages\lightgbm\basic.py", line 2860, in set_field
    _LIB.LGBM_DatasetSetField(
OSError: exception: access violation reading 0x0000000000000000


2026-09-17 16:05:31,132:INFO:Initializing Dummy Classifier
2026-09-17 16:05:31,132:INFO:Total runtime is 0.24828395048777266 minutes
2026-09-17 16:05:31,132:INFO:SubProcess create_model() called ==================================
2026-09-17 16:05:31,133:INFO:Initializing create_model()
2026-09-17 16:05:31,133:INFO:create_model(self=<pycaret.classification.oop.ClassificationExperiment object at 0x0000023D51878B10>, estimator=dummy, fold=StratifiedKFold(n_splits=10, random_state=None, shuffle=False), round=4, cross_validation=True, predict=True, fit_kwargs={}, groups=None, refit=False, probability_threshold=None, experiment_custom_tags=None, verbose=False, system=False, add_to_model_list=True, metrics=None, display=<pycaret.internal.display.display.CommonDisplay object at 0x0000023D5938BD10>, model_only=True, return_train_score=False, error_score=0.0, kwargs={})
2026-09-17 16:05:31,133:INFO:Checking exceptions
2026-09-17 16:05:31,133:INFO:Importing libraries
2026-09-17 16:05:31,133:INFO:Copying training dataset
2026-09-17 16:05:31,137:INFO:Defining folds
2026-09-17 16:05:31,137:INFO:Declaring metric variables
2026-09-17 16:05:31,137:INFO:Importing untrained model
2026-09-17 16:05:31,139:INFO:Dummy Classifier Imported successfully
2026-09-17 16:05:31,139:INFO:Starting cross validation
2026-09-17 16:05:31,140:INFO:Cross validating with StratifiedKFold(n_splits=10, random_state=None, shuffle=False), n_jobs=-1
2026-09-17 16:05:31,186:WARNING:C:\Users\Putra\AppData\Local\Programs\Python\Python311\Lib\site-packages\sklearn\metrics\_classification.py:1509: UndefinedMetricWarning: Precision is ill-defined and being set to 0.0 in labels with no predicted samples. Use `zero_division` parameter to control this behavior.
  _warn_prf(average, modifier, f"{metric.capitalize()} is", len(result))

2026-09-17 16:05:31,188:WARNING:C:\Users\Putra\AppData\Local\Programs\Python\Python311\Lib\site-packages\sklearn\metrics\_classification.py:1509: UndefinedMetricWarning: Precision is ill-defined and being set to 0.0 in labels with no predicted samples. Use `zero_division` parameter to control this behavior.
  _warn_prf(average, modifier, f"{metric.capitalize()} is", len(result))

2026-09-17 16:05:31,189:WARNING:C:\Users\Putra\AppData\Local\Programs\Python\Python311\Lib\site-packages\sklearn\metrics\_classification.py:1509: UndefinedMetricWarning: Precision is ill-defined and being set to 0.0 in labels with no predicted samples. Use `zero_division` parameter to control this behavior.
  _warn_prf(average, modifier, f"{metric.capitalize()} is", len(result))

2026-09-17 16:05:31,190:WARNING:C:\Users\Putra\AppData\Local\Programs\Python\Python311\Lib\site-packages\sklearn\metrics\_classification.py:1509: UndefinedMetricWarning: Precision is ill-defined and being set to 0.0 in labels with no predicted samples. Use `zero_division` parameter to control this behavior.
  _warn_prf(average, modifier, f"{metric.capitalize()} is", len(result))

2026-09-17 16:05:31,199:WARNING:C:\Users\Putra\AppData\Local\Programs\Python\Python311\Lib\site-packages\sklearn\metrics\_classification.py:1509: UndefinedMetricWarning: Precision is ill-defined and being set to 0.0 in labels with no predicted samples. Use `zero_division` parameter to control this behavior.
  _warn_prf(average, modifier, f"{metric.capitalize()} is", len(result))

2026-09-17 16:05:31,221:WARNING:C:\Users\Putra\AppData\Local\Programs\Python\Python311\Lib\site-packages\sklearn\metrics\_classification.py:1509: UndefinedMetricWarning: Precision is ill-defined and being set to 0.0 in labels with no predicted samples. Use `zero_division` parameter to control this behavior.
  _warn_prf(average, modifier, f"{metric.capitalize()} is", len(result))

2026-09-17 16:05:31,224:WARNING:C:\Users\Putra\AppData\Local\Programs\Python\Python311\Lib\site-packages\sklearn\metrics\_classification.py:1509: UndefinedMetricWarning: Precision is ill-defined and being set to 0.0 in labels with no predicted samples. Use `zero_division` parameter to control this behavior.
  _warn_prf(average, modifier, f"{metric.capitalize()} is", len(result))

2026-09-17 16:05:31,226:WARNING:C:\Users\Putra\AppData\Local\Programs\Python\Python311\Lib\site-packages\sklearn\metrics\_classification.py:1509: UndefinedMetricWarning: Precision is ill-defined and being set to 0.0 in labels with no predicted samples. Use `zero_division` parameter to control this behavior.
  _warn_prf(average, modifier, f"{metric.capitalize()} is", len(result))

2026-09-17 16:05:31,232:WARNING:C:\Users\Putra\AppData\Local\Programs\Python\Python311\Lib\site-packages\sklearn\metrics\_classification.py:1509: UndefinedMetricWarning: Precision is ill-defined and being set to 0.0 in labels with no predicted samples. Use `zero_division` parameter to control this behavior.
  _warn_prf(average, modifier, f"{metric.capitalize()} is", len(result))

2026-09-17 16:05:31,236:WARNING:C:\Users\Putra\AppData\Local\Programs\Python\Python311\Lib\site-packages\sklearn\metrics\_classification.py:1509: UndefinedMetricWarning: Precision is ill-defined and being set to 0.0 in labels with no predicted samples. Use `zero_division` parameter to control this behavior.
  _warn_prf(average, modifier, f"{metric.capitalize()} is", len(result))

2026-09-17 16:05:31,251:INFO:Calculating mean and std
2026-09-17 16:05:31,252:INFO:Creating metrics dataframe
2026-09-17 16:05:31,253:INFO:Uploading results into container
2026-09-17 16:05:31,254:INFO:Uploading model into container now
2026-09-17 16:05:31,255:INFO:_master_model_container: 14
2026-09-17 16:05:31,255:INFO:_display_container: 2
2026-09-17 16:05:31,255:INFO:DummyClassifier(constant=None, random_state=2955, strategy='prior')
2026-09-17 16:05:31,255:INFO:create_model() successfully completed......................................
2026-09-17 16:05:31,364:INFO:SubProcess create_model() end ==================================
2026-09-17 16:05:31,365:INFO:Creating metrics dataframe
2026-09-17 16:05:31,366:WARNING:C:\Users\Putra\AppData\Local\Programs\Python\Python311\Lib\site-packages\pycaret\internal\pycaret_experiment\supervised_experiment.py:339: FutureWarning: Styler.applymap has been deprecated. Use Styler.map instead.
  .applymap(highlight_cols, subset=["TT (Sec)"])

2026-09-17 16:05:31,369:INFO:Initializing create_model()
2026-09-17 16:05:31,369:INFO:create_model(self=<pycaret.classification.oop.ClassificationExperiment object at 0x0000023D51878B10>, estimator=KNeighborsClassifier(algorithm='auto', leaf_size=30, metric='minkowski',
                     metric_params=None, n_jobs=-1, n_neighbors=5, p=2,
                     weights='uniform'), fold=StratifiedKFold(n_splits=10, random_state=None, shuffle=False), round=4, cross_validation=False, predict=False, fit_kwargs={}, groups=None, refit=True, probability_threshold=None, experiment_custom_tags=None, verbose=False, system=False, add_to_model_list=True, metrics=None, display=None, model_only=True, return_train_score=False, error_score=0.0, kwargs={})
2026-09-17 16:05:31,369:INFO:Checking exceptions
2026-09-17 16:05:31,369:INFO:Importing libraries
2026-09-17 16:05:31,369:INFO:Copying training dataset
2026-09-17 16:05:31,371:INFO:Defining folds
2026-09-17 16:05:31,371:INFO:Declaring metric variables
2026-09-17 16:05:31,371:INFO:Importing untrained model
2026-09-17 16:05:31,371:INFO:Declaring custom model
2026-09-17 16:05:31,372:INFO:K Neighbors Classifier Imported successfully
2026-09-17 16:05:31,372:INFO:Cross validation set to False
2026-09-17 16:05:31,372:INFO:Fitting Model
2026-09-17 16:05:31,380:INFO:KNeighborsClassifier(algorithm='auto', leaf_size=30, metric='minkowski',
                     metric_params=None, n_jobs=-1, n_neighbors=5, p=2,
                     weights='uniform')
2026-09-17 16:05:31,380:INFO:create_model() successfully completed......................................
2026-09-17 16:05:31,495:INFO:_master_model_container: 14
2026-09-17 16:05:31,495:INFO:_display_container: 2
2026-09-17 16:05:31,495:INFO:KNeighborsClassifier(algorithm='auto', leaf_size=30, metric='minkowski',
                     metric_params=None, n_jobs=-1, n_neighbors=5, p=2,
                     weights='uniform')
2026-09-17 16:05:31,495:INFO:compare_models() successfully completed......................................
2026-09-17 16:13:04,259:WARNING:
'cuml' is a soft dependency and not included in the pycaret installation. Please run: `pip install cuml` to install.
2026-09-17 16:13:04,260:WARNING:
'cuml' is a soft dependency and not included in the pycaret installation. Please run: `pip install cuml` to install.
2026-09-17 16:13:04,260:WARNING:
'cuml' is a soft dependency and not included in the pycaret installation. Please run: `pip install cuml` to install.
2026-09-17 16:13:04,260:WARNING:
'cuml' is a soft dependency and not included in the pycaret installation. Please run: `pip install cuml` to install.
2026-09-17 16:13:05,001:INFO:PyCaret ClassificationExperiment
2026-09-17 16:13:05,001:INFO:Logging name: clf-default-name
2026-09-17 16:13:05,001:INFO:ML Usecase: MLUsecase.CLASSIFICATION
2026-09-17 16:13:05,001:INFO:version 3.3.2
2026-09-17 16:13:05,001:INFO:Initializing setup()
2026-09-17 16:13:05,001:INFO:self.USI: 2d00
2026-09-17 16:13:05,001:INFO:self._variable_keys: {'y_test', 'X_test', '_available_plots', 'y_train', 'is_multiclass', 'exp_id', 'n_jobs_param', 'fold_shuffle_param', 'seed', 'fix_imbalance', 'fold_generator', 'memory', 'gpu_param', 'html_param', 'USI', 'gpu_n_jobs_param', 'y', 'fold_groups_param', 'log_plots_param', 'pipeline', '_ml_usecase', 'idx', 'exp_name_log', 'X_train', 'target_param', 'X', 'logging_param', 'data'}
2026-09-17 16:13:05,001:INFO:Checking environment
2026-09-17 16:13:05,001:INFO:python_version: 3.11.0
2026-09-17 16:13:05,001:INFO:python_build: ('main', 'Oct 24 2022 18:26:48')
2026-09-17 16:13:05,002:INFO:machine: AMD64
2026-09-17 16:13:05,011:INFO:platform: Windows-10-10.0.26200-SP0
2026-09-17 16:13:05,011:INFO:Memory: svmem(total=16869548032, available=5189525504, percent=69.2, used=11680022528, free=5189525504)
2026-09-17 16:13:05,011:INFO:Physical Core: 14
2026-09-17 16:13:05,011:INFO:Logical Core: 20
2026-09-17 16:13:05,011:INFO:Checking libraries
2026-09-17 16:13:05,011:INFO:System:
2026-09-17 16:13:05,011:INFO:    python: 3.11.0 (main, Oct 24 2022, 18:26:48) [MSC v.1933 64 bit (AMD64)]
2026-09-17 16:13:05,011:INFO:executable: C:\Users\Putra\AppData\Local\Programs\Python\Python311\python.exe
2026-09-17 16:13:05,011:INFO:   machine: Windows-10-10.0.26200-SP0
2026-09-17 16:13:05,011:INFO:PyCaret required dependencies:
2026-09-17 16:13:05,012:WARNING:C:\Users\Putra\AppData\Local\Programs\Python\Python311\Lib\site-packages\_distutils_hack\__init__.py:33: UserWarning: Setuptools is replacing distutils.
  warnings.warn("Setuptools is replacing distutils.")

2026-09-17 16:13:05,034:INFO:                 pip: 26.2.1
2026-09-17 16:13:05,034:INFO:          setuptools: 65.5.0
2026-09-17 16:13:05,034:INFO:             pycaret: 3.3.2
2026-09-17 16:13:05,034:INFO:             IPython: 9.17.1
2026-09-17 16:13:05,034:INFO:          ipywidgets: 8.1.9
2026-09-17 16:13:05,034:INFO:                tqdm: 4.70.1
2026-09-17 16:13:05,034:INFO:               numpy: 1.26.4
2026-09-17 16:13:05,034:INFO:              pandas: 2.1.4
2026-09-17 16:13:05,034:INFO:              jinja2: 3.1.6
2026-09-17 16:13:05,034:INFO:               scipy: 1.11.4
2026-09-17 16:13:05,034:INFO:              joblib: 1.3.2
2026-09-17 16:13:05,034:INFO:             sklearn: 1.4.2
2026-09-17 16:13:05,034:INFO:                pyod: 3.4.0
2026-09-17 16:13:05,034:INFO:            imblearn: 0.14.2
2026-09-17 16:13:05,034:INFO:   category_encoders: 2.7.0
2026-09-17 16:13:05,034:INFO:            lightgbm: 4.7.0
2026-09-17 16:13:05,034:INFO:               numba: 0.67.0
2026-09-17 16:13:05,034:INFO:            requests: 2.34.2
2026-09-17 16:13:05,034:INFO:          matplotlib: 3.7.5
2026-09-17 16:13:05,034:INFO:          scikitplot: 0.3.7
2026-09-17 16:13:05,034:INFO:         yellowbrick: 1.5
2026-09-17 16:13:05,034:INFO:              plotly: 6.9.0
2026-09-17 16:13:05,034:INFO:    plotly-resampler: Not installed
2026-09-17 16:13:05,034:INFO:             kaleido: 1.4.0
2026-09-17 16:13:05,034:INFO:           schemdraw: 0.15
2026-09-17 16:13:05,035:INFO:         statsmodels: 0.15.0
2026-09-17 16:13:05,035:INFO:              sktime: 0.26.0
2026-09-17 16:13:05,035:INFO:               tbats: 1.1.3
2026-09-17 16:13:05,035:INFO:            pmdarima: 2.0.4
2026-09-17 16:13:05,035:INFO:              psutil: 7.2.2
2026-09-17 16:13:05,035:INFO:          markupsafe: 3.0.3
2026-09-17 16:13:05,035:INFO:             pickle5: Not installed
2026-09-17 16:13:05,035:INFO:         cloudpickle: 3.1.2
2026-09-17 16:13:05,035:INFO:         deprecation: 2.1.0
2026-09-17 16:13:05,035:INFO:              xxhash: 4.0.1
2026-09-17 16:13:05,035:INFO:           wurlitzer: Not installed
2026-09-17 16:13:05,035:INFO:PyCaret optional dependencies:
2026-09-17 16:13:05,067:INFO:                shap: Not installed
2026-09-17 16:13:05,067:INFO:           interpret: Not installed
2026-09-17 16:13:05,067:INFO:                umap: Not installed
2026-09-17 16:13:05,067:INFO:     ydata_profiling: Not installed
2026-09-17 16:13:05,067:INFO:  explainerdashboard: Not installed
2026-09-17 16:13:05,067:INFO:             autoviz: Not installed
2026-09-17 16:13:05,067:INFO:           fairlearn: Not installed
2026-09-17 16:13:05,067:INFO:          deepchecks: Not installed
2026-09-17 16:13:05,067:INFO:             xgboost: 2.1.4
2026-09-17 16:13:05,067:INFO:            catboost: Not installed
2026-09-17 16:13:05,067:INFO:              kmodes: Not installed
2026-09-17 16:13:05,067:INFO:             mlxtend: Not installed
2026-09-17 16:13:05,067:INFO:       statsforecast: Not installed
2026-09-17 16:13:05,067:INFO:        tune_sklearn: Not installed
2026-09-17 16:13:05,067:INFO:                 ray: Not installed
2026-09-17 16:13:05,067:INFO:            hyperopt: Not installed
2026-09-17 16:13:05,067:INFO:              optuna: Not installed
2026-09-17 16:13:05,067:INFO:               skopt: Not installed
2026-09-17 16:13:05,067:INFO:              mlflow: Not installed
2026-09-17 16:13:05,067:INFO:              gradio: Not installed
2026-09-17 16:13:05,067:INFO:             fastapi: Not installed
2026-09-17 16:13:05,067:INFO:             uvicorn: Not installed
2026-09-17 16:13:05,067:INFO:              m2cgen: Not installed
2026-09-17 16:13:05,067:INFO:           evidently: Not installed
2026-09-17 16:13:05,067:INFO:               fugue: Not installed
2026-09-17 16:13:05,067:INFO:           streamlit: Not installed
2026-09-17 16:13:05,067:INFO:             prophet: Not installed
2026-09-17 16:13:05,067:INFO:None
2026-09-17 16:13:05,067:INFO:Set up data.
2026-09-17 16:13:05,072:INFO:Set up folding strategy.
2026-09-17 16:13:05,072:INFO:Set up train/test split.
2026-09-17 16:13:05,080:INFO:Set up index.
2026-09-17 16:13:05,081:INFO:Assigning column types.
2026-09-17 16:13:05,084:INFO:Engine successfully changes for model 'lr' to 'sklearn'.
2026-09-17 16:13:05,109:INFO:Engine for model 'knn' has not been set explicitly, hence returning None.
2026-09-17 16:13:05,110:INFO:Engine for model 'rbfsvm' has not been set explicitly, hence returning None.
2026-09-17 16:13:05,132:INFO:Soft dependency imported: xgboost: 2.1.4
2026-09-17 16:13:05,133:WARNING:
'catboost' is a soft dependency and not included in the pycaret installation. Please run: `pip install catboost` to install.
Alternately, you can install this by running `pip install pycaret[models]`
2026-09-17 16:13:05,159:INFO:Engine for model 'knn' has not been set explicitly, hence returning None.
2026-09-17 16:13:05,159:INFO:Engine for model 'rbfsvm' has not been set explicitly, hence returning None.
2026-09-17 16:13:05,175:INFO:Soft dependency imported: xgboost: 2.1.4
2026-09-17 16:13:05,177:WARNING:
'catboost' is a soft dependency and not included in the pycaret installation. Please run: `pip install catboost` to install.
Alternately, you can install this by running `pip install pycaret[models]`
2026-09-17 16:13:05,177:INFO:Engine successfully changes for model 'knn' to 'sklearn'.
2026-09-17 16:13:05,204:INFO:Engine for model 'rbfsvm' has not been set explicitly, hence returning None.
2026-09-17 16:13:05,220:INFO:Soft dependency imported: xgboost: 2.1.4
2026-09-17 16:13:05,222:WARNING:
'catboost' is a soft dependency and not included in the pycaret installation. Please run: `pip install catboost` to install.
Alternately, you can install this by running `pip install pycaret[models]`
2026-09-17 16:13:05,248:INFO:Engine for model 'rbfsvm' has not been set explicitly, hence returning None.
2026-09-17 16:13:05,265:INFO:Soft dependency imported: xgboost: 2.1.4
2026-09-17 16:13:05,266:WARNING:
'catboost' is a soft dependency and not included in the pycaret installation. Please run: `pip install catboost` to install.
Alternately, you can install this by running `pip install pycaret[models]`
2026-09-17 16:13:05,266:INFO:Engine successfully changes for model 'rbfsvm' to 'sklearn'.
2026-09-17 16:13:05,308:INFO:Soft dependency imported: xgboost: 2.1.4
2026-09-17 16:13:05,310:WARNING:
'catboost' is a soft dependency and not included in the pycaret installation. Please run: `pip install catboost` to install.
Alternately, you can install this by running `pip install pycaret[models]`
2026-09-17 16:13:05,354:INFO:Soft dependency imported: xgboost: 2.1.4
2026-09-17 16:13:05,355:WARNING:
'catboost' is a soft dependency and not included in the pycaret installation. Please run: `pip install catboost` to install.
Alternately, you can install this by running `pip install pycaret[models]`
2026-09-17 16:13:05,356:INFO:Preparing preprocessing pipeline...
2026-09-17 16:13:05,360:INFO:Set up simple imputation.
2026-09-17 16:13:05,361:INFO:Set up column name cleaning.
2026-09-17 16:13:05,378:INFO:Finished creating preprocessing pipeline.
2026-09-17 16:13:05,380:INFO:Pipeline: Pipeline(memory=FastMemory(location=C:\Users\Putra\AppData\Local\Temp\joblib),
         steps=[('numerical_imputer',
                 TransformerWrapper(exclude=None,
                                    include=['mean radius', 'mean texture',
                                             'mean perimeter', 'mean area',
                                             'mean smoothness',
                                             'mean compactness',
                                             'mean concavity',
                                             'mean concave points',
                                             'mean symmetry',
                                             'mean fractal dimension',
                                             'radius error', 'texture error',
                                             'perimeter e...
                ('categorical_imputer',
                 TransformerWrapper(exclude=None, include=[],
                                    transformer=SimpleImputer(add_indicator=False,
                                                              copy=True,
                                                              fill_value=None,
                                                              keep_empty_features=False,
                                                              missing_values=nan,
                                                              strategy='most_frequent'))),
                ('clean_column_names',
                 TransformerWrapper(exclude=None, include=None,
                                    transformer=CleanColumnNames(match='[\\]\\[\\,\\{\\}\\"\\:]+')))],
         verbose=False)
2026-09-17 16:13:05,380:INFO:Creating final display dataframe.
2026-09-17 16:13:05,433:INFO:Setup _display_container:                     Description             Value
0                    Session id              5096
1                        Target            Target
2                   Target type            Binary
3           Original data shape         (569, 31)
4        Transformed data shape         (569, 31)
5   Transformed train set shape         (398, 31)
6    Transformed test set shape         (171, 31)
7              Numeric features                30
8                    Preprocess              True
9               Imputation type            simple
10           Numeric imputation              mean
11       Categorical imputation              mode
12               Fold Generator   StratifiedKFold
13                  Fold Number                10
14                     CPU Jobs                -1
15                      Use GPU             False
16               Log Experiment             False
17              Experiment Name  clf-default-name
18                          USI              2d00
2026-09-17 16:13:05,475:INFO:Soft dependency imported: xgboost: 2.1.4
2026-09-17 16:13:05,477:WARNING:
'catboost' is a soft dependency and not included in the pycaret installation. Please run: `pip install catboost` to install.
Alternately, you can install this by running `pip install pycaret[models]`
2026-09-17 16:13:05,518:INFO:Soft dependency imported: xgboost: 2.1.4
2026-09-17 16:13:05,521:WARNING:
'catboost' is a soft dependency and not included in the pycaret installation. Please run: `pip install catboost` to install.
Alternately, you can install this by running `pip install pycaret[models]`
2026-09-17 16:13:05,521:INFO:setup() successfully completed in 0.52s...............
2026-09-17 16:13:05,521:INFO:Initializing compare_models()
2026-09-17 16:13:05,521:INFO:compare_models(self=<pycaret.classification.oop.ClassificationExperiment object at 0x0000013DE9AC1C50>, include=None, exclude=None, fold=None, round=4, cross_validation=True, sort=Accuracy, n_select=1, budget_time=None, turbo=True, errors=ignore, fit_kwargs=None, groups=None, experiment_custom_tags=None, probability_threshold=None, verbose=True, parallel=None, caller_params={'self': <pycaret.classification.oop.ClassificationExperiment object at 0x0000013DE9AC1C50>, 'include': None, 'exclude': None, 'fold': None, 'round': 4, 'cross_validation': True, 'sort': 'Accuracy', 'n_select': 1, 'budget_time': None, 'turbo': True, 'errors': 'ignore', 'fit_kwargs': None, 'groups': None, 'experiment_custom_tags': None, 'probability_threshold': None, 'engine': None, 'verbose': True, 'parallel': None, '__class__': <class 'pycaret.classification.oop.ClassificationExperiment'>})
2026-09-17 16:13:05,521:INFO:Checking exceptions
2026-09-17 16:13:05,527:INFO:Preparing display monitor
2026-09-17 16:13:05,530:INFO:Initializing Logistic Regression
2026-09-17 16:13:05,530:INFO:Total runtime is 0.0 minutes
2026-09-17 16:13:05,530:INFO:SubProcess create_model() called ==================================
2026-09-17 16:13:05,530:INFO:Initializing create_model()
2026-09-17 16:13:05,530:INFO:create_model(self=<pycaret.classification.oop.ClassificationExperiment object at 0x0000013DE9AC1C50>, estimator=lr, fold=StratifiedKFold(n_splits=10, random_state=None, shuffle=False), round=4, cross_validation=True, predict=True, fit_kwargs={}, groups=None, refit=False, probability_threshold=None, experiment_custom_tags=None, verbose=False, system=False, add_to_model_list=True, metrics=None, display=<pycaret.internal.display.display.CommonDisplay object at 0x0000013DF0644890>, model_only=True, return_train_score=False, error_score=0.0, kwargs={})
2026-09-17 16:13:05,530:INFO:Checking exceptions
2026-09-17 16:13:05,530:INFO:Importing libraries
2026-09-17 16:13:05,530:INFO:Copying training dataset
2026-09-17 16:13:05,533:INFO:Defining folds
2026-09-17 16:13:05,533:INFO:Declaring metric variables
2026-09-17 16:13:05,533:INFO:Importing untrained model
2026-09-17 16:13:05,533:INFO:Logistic Regression Imported successfully
2026-09-17 16:13:05,533:INFO:Starting cross validation
2026-09-17 16:13:05,533:INFO:Cross validating with StratifiedKFold(n_splits=10, random_state=None, shuffle=False), n_jobs=-1
2026-09-17 16:13:08,730:WARNING:C:\Users\Putra\AppData\Local\Programs\Python\Python311\Lib\site-packages\_distutils_hack\__init__.py:33: UserWarning: Setuptools is replacing distutils.
  warnings.warn("Setuptools is replacing distutils.")

2026-09-17 16:13:08,745:WARNING:C:\Users\Putra\AppData\Local\Programs\Python\Python311\Lib\site-packages\_distutils_hack\__init__.py:33: UserWarning: Setuptools is replacing distutils.
  warnings.warn("Setuptools is replacing distutils.")

2026-09-17 16:13:08,756:WARNING:C:\Users\Putra\AppData\Local\Programs\Python\Python311\Lib\site-packages\_distutils_hack\__init__.py:33: UserWarning: Setuptools is replacing distutils.
  warnings.warn("Setuptools is replacing distutils.")

2026-09-17 16:13:08,768:WARNING:C:\Users\Putra\AppData\Local\Programs\Python\Python311\Lib\site-packages\_distutils_hack\__init__.py:33: UserWarning: Setuptools is replacing distutils.
  warnings.warn("Setuptools is replacing distutils.")

2026-09-17 16:13:08,782:WARNING:C:\Users\Putra\AppData\Local\Programs\Python\Python311\Lib\site-packages\_distutils_hack\__init__.py:33: UserWarning: Setuptools is replacing distutils.
  warnings.warn("Setuptools is replacing distutils.")

2026-09-17 16:13:08,782:WARNING:C:\Users\Putra\AppData\Local\Programs\Python\Python311\Lib\site-packages\_distutils_hack\__init__.py:33: UserWarning: Setuptools is replacing distutils.
  warnings.warn("Setuptools is replacing distutils.")

2026-09-17 16:13:08,783:WARNING:C:\Users\Putra\AppData\Local\Programs\Python\Python311\Lib\site-packages\_distutils_hack\__init__.py:33: UserWarning: Setuptools is replacing distutils.
  warnings.warn("Setuptools is replacing distutils.")

2026-09-17 16:13:08,787:WARNING:C:\Users\Putra\AppData\Local\Programs\Python\Python311\Lib\site-packages\_distutils_hack\__init__.py:33: UserWarning: Setuptools is replacing distutils.
  warnings.warn("Setuptools is replacing distutils.")

2026-09-17 16:13:08,792:WARNING:C:\Users\Putra\AppData\Local\Programs\Python\Python311\Lib\site-packages\_distutils_hack\__init__.py:33: UserWarning: Setuptools is replacing distutils.
  warnings.warn("Setuptools is replacing distutils.")

2026-09-17 16:13:08,794:WARNING:C:\Users\Putra\AppData\Local\Programs\Python\Python311\Lib\site-packages\_distutils_hack\__init__.py:33: UserWarning: Setuptools is replacing distutils.
  warnings.warn("Setuptools is replacing distutils.")

2026-09-17 16:13:09,350:WARNING:C:\Users\Putra\AppData\Local\Programs\Python\Python311\Lib\site-packages\sklearn\linear_model\_logistic.py:469: ConvergenceWarning: lbfgs failed to converge (status=1):
STOP: TOTAL NO. of ITERATIONS REACHED LIMIT.

Increase the number of iterations (max_iter) or scale the data as shown in:
    https://scikit-learn.org/stable/modules/preprocessing.html
Please also refer to the documentation for alternative solver options:
    https://scikit-learn.org/stable/modules/linear_model.html#logistic-regression
  n_iter_i = _check_optimize_result(

2026-09-17 16:13:09,370:WARNING:C:\Users\Putra\AppData\Local\Programs\Python\Python311\Lib\site-packages\sklearn\linear_model\_logistic.py:469: ConvergenceWarning: lbfgs failed to converge (status=1):
STOP: TOTAL NO. of ITERATIONS REACHED LIMIT.

Increase the number of iterations (max_iter) or scale the data as shown in:
    https://scikit-learn.org/stable/modules/preprocessing.html
Please also refer to the documentation for alternative solver options:
    https://scikit-learn.org/stable/modules/linear_model.html#logistic-regression
  n_iter_i = _check_optimize_result(

2026-09-17 16:13:09,391:WARNING:C:\Users\Putra\AppData\Local\Programs\Python\Python311\Lib\site-packages\sklearn\linear_model\_logistic.py:469: ConvergenceWarning: lbfgs failed to converge (status=1):
STOP: TOTAL NO. of ITERATIONS REACHED LIMIT.

Increase the number of iterations (max_iter) or scale the data as shown in:
    https://scikit-learn.org/stable/modules/preprocessing.html
Please also refer to the documentation for alternative solver options:
    https://scikit-learn.org/stable/modules/linear_model.html#logistic-regression
  n_iter_i = _check_optimize_result(

2026-09-17 16:13:09,395:WARNING:C:\Users\Putra\AppData\Local\Programs\Python\Python311\Lib\site-packages\sklearn\linear_model\_logistic.py:469: ConvergenceWarning: lbfgs failed to converge (status=1):
STOP: TOTAL NO. of ITERATIONS REACHED LIMIT.

Increase the number of iterations (max_iter) or scale the data as shown in:
    https://scikit-learn.org/stable/modules/preprocessing.html
Please also refer to the documentation for alternative solver options:
    https://scikit-learn.org/stable/modules/linear_model.html#logistic-regression
  n_iter_i = _check_optimize_result(

2026-09-17 16:13:09,396:WARNING:C:\Users\Putra\AppData\Local\Programs\Python\Python311\Lib\site-packages\sklearn\linear_model\_logistic.py:469: ConvergenceWarning: lbfgs failed to converge (status=1):
STOP: TOTAL NO. of ITERATIONS REACHED LIMIT.

Increase the number of iterations (max_iter) or scale the data as shown in:
    https://scikit-learn.org/stable/modules/preprocessing.html
Please also refer to the documentation for alternative solver options:
    https://scikit-learn.org/stable/modules/linear_model.html#logistic-regression
  n_iter_i = _check_optimize_result(

2026-09-17 16:13:09,403:WARNING:C:\Users\Putra\AppData\Local\Programs\Python\Python311\Lib\site-packages\sklearn\linear_model\_logistic.py:469: ConvergenceWarning: lbfgs failed to converge (status=1):
STOP: TOTAL NO. of ITERATIONS REACHED LIMIT.

Increase the number of iterations (max_iter) or scale the data as shown in:
    https://scikit-learn.org/stable/modules/preprocessing.html
Please also refer to the documentation for alternative solver options:
    https://scikit-learn.org/stable/modules/linear_model.html#logistic-regression
  n_iter_i = _check_optimize_result(

2026-09-17 16:13:09,409:WARNING:C:\Users\Putra\AppData\Local\Programs\Python\Python311\Lib\site-packages\sklearn\linear_model\_logistic.py:469: ConvergenceWarning: lbfgs failed to converge (status=1):
STOP: TOTAL NO. of ITERATIONS REACHED LIMIT.

Increase the number of iterations (max_iter) or scale the data as shown in:
    https://scikit-learn.org/stable/modules/preprocessing.html
Please also refer to the documentation for alternative solver options:
    https://scikit-learn.org/stable/modules/linear_model.html#logistic-regression
  n_iter_i = _check_optimize_result(

2026-09-17 16:13:09,436:WARNING:C:\Users\Putra\AppData\Local\Programs\Python\Python311\Lib\site-packages\sklearn\linear_model\_logistic.py:469: ConvergenceWarning: lbfgs failed to converge (status=1):
STOP: TOTAL NO. of ITERATIONS REACHED LIMIT.

Increase the number of iterations (max_iter) or scale the data as shown in:
    https://scikit-learn.org/stable/modules/preprocessing.html
Please also refer to the documentation for alternative solver options:
    https://scikit-learn.org/stable/modules/linear_model.html#logistic-regression
  n_iter_i = _check_optimize_result(

2026-09-17 16:13:09,440:WARNING:C:\Users\Putra\AppData\Local\Programs\Python\Python311\Lib\site-packages\sklearn\linear_model\_logistic.py:469: ConvergenceWarning: lbfgs failed to converge (status=1):
STOP: TOTAL NO. of ITERATIONS REACHED LIMIT.

Increase the number of iterations (max_iter) or scale the data as shown in:
    https://scikit-learn.org/stable/modules/preprocessing.html
Please also refer to the documentation for alternative solver options:
    https://scikit-learn.org/stable/modules/linear_model.html#logistic-regression
  n_iter_i = _check_optimize_result(

2026-09-17 16:13:09,449:WARNING:C:\Users\Putra\AppData\Local\Programs\Python\Python311\Lib\site-packages\sklearn\linear_model\_logistic.py:469: ConvergenceWarning: lbfgs failed to converge (status=1):
STOP: TOTAL NO. of ITERATIONS REACHED LIMIT.

Increase the number of iterations (max_iter) or scale the data as shown in:
    https://scikit-learn.org/stable/modules/preprocessing.html
Please also refer to the documentation for alternative solver options:
    https://scikit-learn.org/stable/modules/linear_model.html#logistic-regression
  n_iter_i = _check_optimize_result(

2026-09-17 16:13:09,493:INFO:Calculating mean and std
2026-09-17 16:13:09,495:INFO:Creating metrics dataframe
2026-09-17 16:13:09,499:INFO:Uploading results into container
2026-09-17 16:13:09,500:INFO:Uploading model into container now
2026-09-17 16:13:09,500:INFO:_master_model_container: 1
2026-09-17 16:13:09,500:INFO:_display_container: 2
2026-09-17 16:13:09,502:INFO:LogisticRegression(C=1.0, class_weight=None, dual=False, fit_intercept=True,
                   intercept_scaling=1, l1_ratio=None, max_iter=1000,
                   multi_class='auto', n_jobs=None, penalty='l2',
                   random_state=5096, solver='lbfgs', tol=0.0001, verbose=0,
                   warm_start=False)
2026-09-17 16:13:09,502:INFO:create_model() successfully completed......................................
2026-09-17 16:13:09,639:INFO:SubProcess create_model() end ==================================
2026-09-17 16:13:09,639:INFO:Creating metrics dataframe
2026-09-17 16:13:09,641:INFO:Initializing K Neighbors Classifier
2026-09-17 16:13:09,641:INFO:Total runtime is 0.06852483749389648 minutes
2026-09-17 16:13:09,641:INFO:SubProcess create_model() called ==================================
2026-09-17 16:13:09,641:INFO:Initializing create_model()
2026-09-17 16:13:09,641:INFO:create_model(self=<pycaret.classification.oop.ClassificationExperiment object at 0x0000013DE9AC1C50>, estimator=knn, fold=StratifiedKFold(n_splits=10, random_state=None, shuffle=False), round=4, cross_validation=True, predict=True, fit_kwargs={}, groups=None, refit=False, probability_threshold=None, experiment_custom_tags=None, verbose=False, system=False, add_to_model_list=True, metrics=None, display=<pycaret.internal.display.display.CommonDisplay object at 0x0000013DF0644890>, model_only=True, return_train_score=False, error_score=0.0, kwargs={})
2026-09-17 16:13:09,641:INFO:Checking exceptions
2026-09-17 16:13:09,641:INFO:Importing libraries
2026-09-17 16:13:09,641:INFO:Copying training dataset
2026-09-17 16:13:09,645:INFO:Defining folds
2026-09-17 16:13:09,645:INFO:Declaring metric variables
2026-09-17 16:13:09,645:INFO:Importing untrained model
2026-09-17 16:13:09,645:INFO:K Neighbors Classifier Imported successfully
2026-09-17 16:13:09,646:INFO:Starting cross validation
2026-09-17 16:13:09,646:INFO:Cross validating with StratifiedKFold(n_splits=10, random_state=None, shuffle=False), n_jobs=-1
2026-09-17 16:13:12,989:WARNING:C:\Users\Putra\AppData\Local\Programs\Python\Python311\Lib\site-packages\_distutils_hack\__init__.py:33: UserWarning: Setuptools is replacing distutils.
  warnings.warn("Setuptools is replacing distutils.")

2026-09-17 16:13:12,994:WARNING:C:\Users\Putra\AppData\Local\Programs\Python\Python311\Lib\site-packages\_distutils_hack\__init__.py:33: UserWarning: Setuptools is replacing distutils.
  warnings.warn("Setuptools is replacing distutils.")

2026-09-17 16:13:12,995:WARNING:C:\Users\Putra\AppData\Local\Programs\Python\Python311\Lib\site-packages\_distutils_hack\__init__.py:33: UserWarning: Setuptools is replacing distutils.
  warnings.warn("Setuptools is replacing distutils.")

2026-09-17 16:13:13,003:WARNING:C:\Users\Putra\AppData\Local\Programs\Python\Python311\Lib\site-packages\_distutils_hack\__init__.py:33: UserWarning: Setuptools is replacing distutils.
  warnings.warn("Setuptools is replacing distutils.")

2026-09-17 16:13:13,003:WARNING:C:\Users\Putra\AppData\Local\Programs\Python\Python311\Lib\site-packages\_distutils_hack\__init__.py:33: UserWarning: Setuptools is replacing distutils.
  warnings.warn("Setuptools is replacing distutils.")

2026-09-17 16:13:13,019:WARNING:C:\Users\Putra\AppData\Local\Programs\Python\Python311\Lib\site-packages\_distutils_hack\__init__.py:33: UserWarning: Setuptools is replacing distutils.
  warnings.warn("Setuptools is replacing distutils.")

2026-09-17 16:13:13,022:WARNING:C:\Users\Putra\AppData\Local\Programs\Python\Python311\Lib\site-packages\_distutils_hack\__init__.py:33: UserWarning: Setuptools is replacing distutils.
  warnings.warn("Setuptools is replacing distutils.")

2026-09-17 16:13:13,028:WARNING:C:\Users\Putra\AppData\Local\Programs\Python\Python311\Lib\site-packages\_distutils_hack\__init__.py:33: UserWarning: Setuptools is replacing distutils.
  warnings.warn("Setuptools is replacing distutils.")

2026-09-17 16:13:13,038:WARNING:C:\Users\Putra\AppData\Local\Programs\Python\Python311\Lib\site-packages\_distutils_hack\__init__.py:33: UserWarning: Setuptools is replacing distutils.
  warnings.warn("Setuptools is replacing distutils.")

2026-09-17 16:13:13,909:INFO:Calculating mean and std
2026-09-17 16:13:13,911:INFO:Creating metrics dataframe
2026-09-17 16:13:13,917:INFO:Uploading results into container
2026-09-17 16:13:13,920:INFO:Uploading model into container now
2026-09-17 16:13:13,921:INFO:_master_model_container: 2
2026-09-17 16:13:13,921:INFO:_display_container: 2
2026-09-17 16:13:13,921:INFO:KNeighborsClassifier(algorithm='auto', leaf_size=30, metric='minkowski',
                     metric_params=None, n_jobs=-1, n_neighbors=5, p=2,
                     weights='uniform')
2026-09-17 16:13:13,925:INFO:create_model() successfully completed......................................
2026-09-17 16:13:14,190:INFO:SubProcess create_model() end ==================================
2026-09-17 16:13:14,190:INFO:Creating metrics dataframe
2026-09-17 16:13:14,192:INFO:Initializing Naive Bayes
2026-09-17 16:13:14,192:INFO:Total runtime is 0.14437466859817505 minutes
2026-09-17 16:13:14,192:INFO:SubProcess create_model() called ==================================
2026-09-17 16:13:14,193:INFO:Initializing create_model()
2026-09-17 16:13:14,193:INFO:create_model(self=<pycaret.classification.oop.ClassificationExperiment object at 0x0000013DE9AC1C50>, estimator=nb, fold=StratifiedKFold(n_splits=10, random_state=None, shuffle=False), round=4, cross_validation=True, predict=True, fit_kwargs={}, groups=None, refit=False, probability_threshold=None, experiment_custom_tags=None, verbose=False, system=False, add_to_model_list=True, metrics=None, display=<pycaret.internal.display.display.CommonDisplay object at 0x0000013DF0644890>, model_only=True, return_train_score=False, error_score=0.0, kwargs={})
2026-09-17 16:13:14,193:INFO:Checking exceptions
2026-09-17 16:13:14,193:INFO:Importing libraries
2026-09-17 16:13:14,193:INFO:Copying training dataset
2026-09-17 16:13:14,204:INFO:Defining folds
2026-09-17 16:13:14,204:INFO:Declaring metric variables
2026-09-17 16:13:14,205:INFO:Importing untrained model
2026-09-17 16:13:14,205:INFO:Naive Bayes Imported successfully
2026-09-17 16:13:14,205:INFO:Starting cross validation
2026-09-17 16:13:14,206:INFO:Cross validating with StratifiedKFold(n_splits=10, random_state=None, shuffle=False), n_jobs=-1
2026-09-17 16:13:14,289:INFO:Calculating mean and std
2026-09-17 16:13:14,290:INFO:Creating metrics dataframe
2026-09-17 16:13:14,291:INFO:Uploading results into container
2026-09-17 16:13:14,292:INFO:Uploading model into container now
2026-09-17 16:13:14,292:INFO:_master_model_container: 3
2026-09-17 16:13:14,292:INFO:_display_container: 2
2026-09-17 16:13:14,293:INFO:GaussianNB(priors=None, var_smoothing=1e-09)
2026-09-17 16:13:14,293:INFO:create_model() successfully completed......................................
2026-09-17 16:13:14,361:INFO:SubProcess create_model() end ==================================
2026-09-17 16:13:14,361:INFO:Creating metrics dataframe
2026-09-17 16:13:14,364:INFO:Initializing Decision Tree Classifier
2026-09-17 16:13:14,364:INFO:Total runtime is 0.1472394069035848 minutes
2026-09-17 16:13:14,364:INFO:SubProcess create_model() called ==================================
2026-09-17 16:13:14,365:INFO:Initializing create_model()
2026-09-17 16:13:14,365:INFO:create_model(self=<pycaret.classification.oop.ClassificationExperiment object at 0x0000013DE9AC1C50>, estimator=dt, fold=StratifiedKFold(n_splits=10, random_state=None, shuffle=False), round=4, cross_validation=True, predict=True, fit_kwargs={}, groups=None, refit=False, probability_threshold=None, experiment_custom_tags=None, verbose=False, system=False, add_to_model_list=True, metrics=None, display=<pycaret.internal.display.display.CommonDisplay object at 0x0000013DF0644890>, model_only=True, return_train_score=False, error_score=0.0, kwargs={})
2026-09-17 16:13:14,365:INFO:Checking exceptions
2026-09-17 16:13:14,365:INFO:Importing libraries
2026-09-17 16:13:14,365:INFO:Copying training dataset
2026-09-17 16:13:14,372:INFO:Defining folds
2026-09-17 16:13:14,372:INFO:Declaring metric variables
2026-09-17 16:13:14,372:INFO:Importing untrained model
2026-09-17 16:13:14,372:INFO:Decision Tree Classifier Imported successfully
2026-09-17 16:13:14,373:INFO:Starting cross validation
2026-09-17 16:13:14,373:INFO:Cross validating with StratifiedKFold(n_splits=10, random_state=None, shuffle=False), n_jobs=-1
2026-09-17 16:13:14,470:INFO:Calculating mean and std
2026-09-17 16:13:14,471:INFO:Creating metrics dataframe
2026-09-17 16:13:14,472:INFO:Uploading results into container
2026-09-17 16:13:14,473:INFO:Uploading model into container now
2026-09-17 16:13:14,473:INFO:_master_model_container: 4
2026-09-17 16:13:14,473:INFO:_display_container: 2
2026-09-17 16:13:14,474:INFO:DecisionTreeClassifier(ccp_alpha=0.0, class_weight=None, criterion='gini',
                       max_depth=None, max_features=None, max_leaf_nodes=None,
                       min_impurity_decrease=0.0, min_samples_leaf=1,
                       min_samples_split=2, min_weight_fraction_leaf=0.0,
                       monotonic_cst=None, random_state=5096, splitter='best')
2026-09-17 16:13:14,474:INFO:create_model() successfully completed......................................
2026-09-17 16:13:14,535:INFO:SubProcess create_model() end ==================================
2026-09-17 16:13:14,535:INFO:Creating metrics dataframe
2026-09-17 16:13:14,537:INFO:Initializing SVM - Linear Kernel
2026-09-17 16:13:14,537:INFO:Total runtime is 0.1501199245452881 minutes
2026-09-17 16:13:14,538:INFO:SubProcess create_model() called ==================================
2026-09-17 16:13:14,538:INFO:Initializing create_model()
2026-09-17 16:13:14,538:INFO:create_model(self=<pycaret.classification.oop.ClassificationExperiment object at 0x0000013DE9AC1C50>, estimator=svm, fold=StratifiedKFold(n_splits=10, random_state=None, shuffle=False), round=4, cross_validation=True, predict=True, fit_kwargs={}, groups=None, refit=False, probability_threshold=None, experiment_custom_tags=None, verbose=False, system=False, add_to_model_list=True, metrics=None, display=<pycaret.internal.display.display.CommonDisplay object at 0x0000013DF0644890>, model_only=True, return_train_score=False, error_score=0.0, kwargs={})
2026-09-17 16:13:14,538:INFO:Checking exceptions
2026-09-17 16:13:14,538:INFO:Importing libraries
2026-09-17 16:13:14,538:INFO:Copying training dataset
2026-09-17 16:13:14,545:INFO:Defining folds
2026-09-17 16:13:14,545:INFO:Declaring metric variables
2026-09-17 16:13:14,545:INFO:Importing untrained model
2026-09-17 16:13:14,545:INFO:SVM - Linear Kernel Imported successfully
2026-09-17 16:13:14,546:INFO:Starting cross validation
2026-09-17 16:13:14,546:INFO:Cross validating with StratifiedKFold(n_splits=10, random_state=None, shuffle=False), n_jobs=-1
2026-09-17 16:13:14,618:INFO:Calculating mean and std
2026-09-17 16:13:14,618:INFO:Creating metrics dataframe
2026-09-17 16:13:14,620:INFO:Uploading results into container
2026-09-17 16:13:14,620:INFO:Uploading model into container now
2026-09-17 16:13:14,620:INFO:_master_model_container: 5
2026-09-17 16:13:14,620:INFO:_display_container: 2
2026-09-17 16:13:14,622:INFO:SGDClassifier(alpha=0.0001, average=False, class_weight=None,
              early_stopping=False, epsilon=0.1, eta0=0.001, fit_intercept=True,
              l1_ratio=0.15, learning_rate='optimal', loss='hinge',
              max_iter=1000, n_iter_no_change=5, n_jobs=-1, penalty='l2',
              power_t=0.5, random_state=5096, shuffle=True, tol=0.001,
              validation_fraction=0.1, verbose=0, warm_start=False)
2026-09-17 16:13:14,622:INFO:create_model() successfully completed......................................
2026-09-17 16:13:14,682:INFO:SubProcess create_model() end ==================================
2026-09-17 16:13:14,682:INFO:Creating metrics dataframe
2026-09-17 16:13:14,685:INFO:Initializing Ridge Classifier
2026-09-17 16:13:14,685:INFO:Total runtime is 0.15258149703343712 minutes
2026-09-17 16:13:14,685:INFO:SubProcess create_model() called ==================================
2026-09-17 16:13:14,686:INFO:Initializing create_model()
2026-09-17 16:13:14,686:INFO:create_model(self=<pycaret.classification.oop.ClassificationExperiment object at 0x0000013DE9AC1C50>, estimator=ridge, fold=StratifiedKFold(n_splits=10, random_state=None, shuffle=False), round=4, cross_validation=True, predict=True, fit_kwargs={}, groups=None, refit=False, probability_threshold=None, experiment_custom_tags=None, verbose=False, system=False, add_to_model_list=True, metrics=None, display=<pycaret.internal.display.display.CommonDisplay object at 0x0000013DF0644890>, model_only=True, return_train_score=False, error_score=0.0, kwargs={})
2026-09-17 16:13:14,686:INFO:Checking exceptions
2026-09-17 16:13:14,686:INFO:Importing libraries
2026-09-17 16:13:14,686:INFO:Copying training dataset
2026-09-17 16:13:14,691:INFO:Defining folds
2026-09-17 16:13:14,691:INFO:Declaring metric variables
2026-09-17 16:13:14,693:INFO:Importing untrained model
2026-09-17 16:13:14,693:INFO:Ridge Classifier Imported successfully
2026-09-17 16:13:14,693:INFO:Starting cross validation
2026-09-17 16:13:14,693:INFO:Cross validating with StratifiedKFold(n_splits=10, random_state=None, shuffle=False), n_jobs=-1
2026-09-17 16:13:14,736:WARNING:C:\Users\Putra\AppData\Local\Programs\Python\Python311\Lib\site-packages\sklearn\linear_model\_ridge.py:204: LinAlgWarning: Ill-conditioned matrix (rcond=4.5126e-09): result may not be accurate.
  return linalg.solve(A, Xy, assume_a="pos", overwrite_a=True).T

2026-09-17 16:13:14,736:WARNING:C:\Users\Putra\AppData\Local\Programs\Python\Python311\Lib\site-packages\sklearn\linear_model\_ridge.py:204: LinAlgWarning: Ill-conditioned matrix (rcond=4.80378e-09): result may not be accurate.
  return linalg.solve(A, Xy, assume_a="pos", overwrite_a=True).T

2026-09-17 16:13:14,737:WARNING:C:\Users\Putra\AppData\Local\Programs\Python\Python311\Lib\site-packages\sklearn\linear_model\_ridge.py:204: LinAlgWarning: Ill-conditioned matrix (rcond=4.44181e-09): result may not be accurate.
  return linalg.solve(A, Xy, assume_a="pos", overwrite_a=True).T

2026-09-17 16:13:14,737:WARNING:C:\Users\Putra\AppData\Local\Programs\Python\Python311\Lib\site-packages\sklearn\linear_model\_ridge.py:204: LinAlgWarning: Ill-conditioned matrix (rcond=4.44522e-09): result may not be accurate.
  return linalg.solve(A, Xy, assume_a="pos", overwrite_a=True).T

2026-09-17 16:13:14,737:WARNING:C:\Users\Putra\AppData\Local\Programs\Python\Python311\Lib\site-packages\sklearn\linear_model\_ridge.py:204: LinAlgWarning: Ill-conditioned matrix (rcond=3.95876e-09): result may not be accurate.
  return linalg.solve(A, Xy, assume_a="pos", overwrite_a=True).T

2026-09-17 16:13:14,737:WARNING:C:\Users\Putra\AppData\Local\Programs\Python\Python311\Lib\site-packages\sklearn\linear_model\_ridge.py:204: LinAlgWarning: Ill-conditioned matrix (rcond=4.4981e-09): result may not be accurate.
  return linalg.solve(A, Xy, assume_a="pos", overwrite_a=True).T

2026-09-17 16:13:14,737:WARNING:C:\Users\Putra\AppData\Local\Programs\Python\Python311\Lib\site-packages\sklearn\linear_model\_ridge.py:204: LinAlgWarning: Ill-conditioned matrix (rcond=3.77417e-09): result may not be accurate.
  return linalg.solve(A, Xy, assume_a="pos", overwrite_a=True).T

2026-09-17 16:13:14,739:WARNING:C:\Users\Putra\AppData\Local\Programs\Python\Python311\Lib\site-packages\sklearn\linear_model\_ridge.py:204: LinAlgWarning: Ill-conditioned matrix (rcond=4.30487e-09): result may not be accurate.
  return linalg.solve(A, Xy, assume_a="pos", overwrite_a=True).T

2026-09-17 16:13:14,740:WARNING:C:\Users\Putra\AppData\Local\Programs\Python\Python311\Lib\site-packages\sklearn\linear_model\_ridge.py:204: LinAlgWarning: Ill-conditioned matrix (rcond=4.5458e-09): result may not be accurate.
  return linalg.solve(A, Xy, assume_a="pos", overwrite_a=True).T

2026-09-17 16:13:14,777:INFO:Calculating mean and std
2026-09-17 16:13:14,782:INFO:Creating metrics dataframe
2026-09-17 16:13:14,783:INFO:Uploading results into container
2026-09-17 16:13:14,788:INFO:Uploading model into container now
2026-09-17 16:13:14,789:INFO:_master_model_container: 6
2026-09-17 16:13:14,789:INFO:_display_container: 2
2026-09-17 16:13:14,789:INFO:RidgeClassifier(alpha=1.0, class_weight=None, copy_X=True, fit_intercept=True,
                max_iter=None, positive=False, random_state=5096, solver='auto',
                tol=0.0001)
2026-09-17 16:13:14,789:INFO:create_model() successfully completed......................................
2026-09-17 16:13:14,902:INFO:SubProcess create_model() end ==================================
2026-09-17 16:13:14,902:INFO:Creating metrics dataframe
2026-09-17 16:13:14,905:INFO:Initializing Random Forest Classifier
2026-09-17 16:13:14,906:INFO:Total runtime is 0.15626196463902794 minutes
2026-09-17 16:13:14,906:INFO:SubProcess create_model() called ==================================
2026-09-17 16:13:14,906:INFO:Initializing create_model()
2026-09-17 16:13:14,906:INFO:create_model(self=<pycaret.classification.oop.ClassificationExperiment object at 0x0000013DE9AC1C50>, estimator=rf, fold=StratifiedKFold(n_splits=10, random_state=None, shuffle=False), round=4, cross_validation=True, predict=True, fit_kwargs={}, groups=None, refit=False, probability_threshold=None, experiment_custom_tags=None, verbose=False, system=False, add_to_model_list=True, metrics=None, display=<pycaret.internal.display.display.CommonDisplay object at 0x0000013DF0644890>, model_only=True, return_train_score=False, error_score=0.0, kwargs={})
2026-09-17 16:13:14,906:INFO:Checking exceptions
2026-09-17 16:13:14,906:INFO:Importing libraries
2026-09-17 16:13:14,906:INFO:Copying training dataset
2026-09-17 16:13:14,913:INFO:Defining folds
2026-09-17 16:13:14,913:INFO:Declaring metric variables
2026-09-17 16:13:14,913:INFO:Importing untrained model
2026-09-17 16:13:14,914:INFO:Random Forest Classifier Imported successfully
2026-09-17 16:13:14,914:INFO:Starting cross validation
2026-09-17 16:13:14,915:INFO:Cross validating with StratifiedKFold(n_splits=10, random_state=None, shuffle=False), n_jobs=-1
2026-09-17 16:13:15,364:INFO:Calculating mean and std
2026-09-17 16:13:15,365:INFO:Creating metrics dataframe
2026-09-17 16:13:15,366:INFO:Uploading results into container
2026-09-17 16:13:15,366:INFO:Uploading model into container now
2026-09-17 16:13:15,368:INFO:_master_model_container: 7
2026-09-17 16:13:15,368:INFO:_display_container: 2
2026-09-17 16:13:15,368:INFO:RandomForestClassifier(bootstrap=True, ccp_alpha=0.0, class_weight=None,
                       criterion='gini', max_depth=None, max_features='sqrt',
                       max_leaf_nodes=None, max_samples=None,
                       min_impurity_decrease=0.0, min_samples_leaf=1,
                       min_samples_split=2, min_weight_fraction_leaf=0.0,
                       monotonic_cst=None, n_estimators=100, n_jobs=-1,
                       oob_score=False, random_state=5096, verbose=0,
                       warm_start=False)
2026-09-17 16:13:15,368:INFO:create_model() successfully completed......................................
2026-09-17 16:13:15,428:INFO:SubProcess create_model() end ==================================
2026-09-17 16:13:15,428:INFO:Creating metrics dataframe
2026-09-17 16:13:15,431:INFO:Initializing Quadratic Discriminant Analysis
2026-09-17 16:13:15,431:INFO:Total runtime is 0.1650137543678284 minutes
2026-09-17 16:13:15,431:INFO:SubProcess create_model() called ==================================
2026-09-17 16:13:15,431:INFO:Initializing create_model()
2026-09-17 16:13:15,431:INFO:create_model(self=<pycaret.classification.oop.ClassificationExperiment object at 0x0000013DE9AC1C50>, estimator=qda, fold=StratifiedKFold(n_splits=10, random_state=None, shuffle=False), round=4, cross_validation=True, predict=True, fit_kwargs={}, groups=None, refit=False, probability_threshold=None, experiment_custom_tags=None, verbose=False, system=False, add_to_model_list=True, metrics=None, display=<pycaret.internal.display.display.CommonDisplay object at 0x0000013DF0644890>, model_only=True, return_train_score=False, error_score=0.0, kwargs={})
2026-09-17 16:13:15,431:INFO:Checking exceptions
2026-09-17 16:13:15,431:INFO:Importing libraries
2026-09-17 16:13:15,431:INFO:Copying training dataset
2026-09-17 16:13:15,438:INFO:Defining folds
2026-09-17 16:13:15,438:INFO:Declaring metric variables
2026-09-17 16:13:15,438:INFO:Importing untrained model
2026-09-17 16:13:15,438:INFO:Quadratic Discriminant Analysis Imported successfully
2026-09-17 16:13:15,438:INFO:Starting cross validation
2026-09-17 16:13:15,439:INFO:Cross validating with StratifiedKFold(n_splits=10, random_state=None, shuffle=False), n_jobs=-1
2026-09-17 16:13:15,512:INFO:Calculating mean and std
2026-09-17 16:13:15,512:INFO:Creating metrics dataframe
2026-09-17 16:13:15,513:INFO:Uploading results into container
2026-09-17 16:13:15,515:INFO:Uploading model into container now
2026-09-17 16:13:15,515:INFO:_master_model_container: 8
2026-09-17 16:13:15,515:INFO:_display_container: 2
2026-09-17 16:13:15,515:INFO:QuadraticDiscriminantAnalysis(priors=None, reg_param=0.0,
                              store_covariance=False, tol=0.0001)
2026-09-17 16:13:15,515:INFO:create_model() successfully completed......................................
2026-09-17 16:13:15,575:INFO:SubProcess create_model() end ==================================
2026-09-17 16:13:15,575:INFO:Creating metrics dataframe
2026-09-17 16:13:15,576:INFO:Initializing Ada Boost Classifier
2026-09-17 16:13:15,576:INFO:Total runtime is 0.16744171380996706 minutes
2026-09-17 16:13:15,578:INFO:SubProcess create_model() called ==================================
2026-09-17 16:13:15,578:INFO:Initializing create_model()
2026-09-17 16:13:15,578:INFO:create_model(self=<pycaret.classification.oop.ClassificationExperiment object at 0x0000013DE9AC1C50>, estimator=ada, fold=StratifiedKFold(n_splits=10, random_state=None, shuffle=False), round=4, cross_validation=True, predict=True, fit_kwargs={}, groups=None, refit=False, probability_threshold=None, experiment_custom_tags=None, verbose=False, system=False, add_to_model_list=True, metrics=None, display=<pycaret.internal.display.display.CommonDisplay object at 0x0000013DF0644890>, model_only=True, return_train_score=False, error_score=0.0, kwargs={})
2026-09-17 16:13:15,578:INFO:Checking exceptions
2026-09-17 16:13:15,578:INFO:Importing libraries
2026-09-17 16:13:15,578:INFO:Copying training dataset
2026-09-17 16:13:15,583:INFO:Defining folds
2026-09-17 16:13:15,584:INFO:Declaring metric variables
2026-09-17 16:13:15,584:INFO:Importing untrained model
2026-09-17 16:13:15,584:INFO:Ada Boost Classifier Imported successfully
2026-09-17 16:13:15,584:INFO:Starting cross validation
2026-09-17 16:13:15,586:INFO:Cross validating with StratifiedKFold(n_splits=10, random_state=None, shuffle=False), n_jobs=-1
2026-09-17 16:13:15,616:WARNING:C:\Users\Putra\AppData\Local\Programs\Python\Python311\Lib\site-packages\sklearn\ensemble\_weight_boosting.py:519: FutureWarning: The SAMME.R algorithm (the default) is deprecated and will be removed in 1.6. Use the SAMME algorithm to circumvent this warning.
  warnings.warn(

2026-09-17 16:13:15,617:WARNING:C:\Users\Putra\AppData\Local\Programs\Python\Python311\Lib\site-packages\sklearn\ensemble\_weight_boosting.py:519: FutureWarning: The SAMME.R algorithm (the default) is deprecated and will be removed in 1.6. Use the SAMME algorithm to circumvent this warning.
  warnings.warn(

2026-09-17 16:13:15,617:WARNING:C:\Users\Putra\AppData\Local\Programs\Python\Python311\Lib\site-packages\sklearn\ensemble\_weight_boosting.py:519: FutureWarning: The SAMME.R algorithm (the default) is deprecated and will be removed in 1.6. Use the SAMME algorithm to circumvent this warning.
  warnings.warn(

2026-09-17 16:13:15,617:WARNING:C:\Users\Putra\AppData\Local\Programs\Python\Python311\Lib\site-packages\sklearn\ensemble\_weight_boosting.py:519: FutureWarning: The SAMME.R algorithm (the default) is deprecated and will be removed in 1.6. Use the SAMME algorithm to circumvent this warning.
  warnings.warn(

2026-09-17 16:13:15,617:WARNING:C:\Users\Putra\AppData\Local\Programs\Python\Python311\Lib\site-packages\sklearn\ensemble\_weight_boosting.py:519: FutureWarning: The SAMME.R algorithm (the default) is deprecated and will be removed in 1.6. Use the SAMME algorithm to circumvent this warning.
  warnings.warn(

2026-09-17 16:13:15,622:WARNING:C:\Users\Putra\AppData\Local\Programs\Python\Python311\Lib\site-packages\sklearn\ensemble\_weight_boosting.py:519: FutureWarning: The SAMME.R algorithm (the default) is deprecated and will be removed in 1.6. Use the SAMME algorithm to circumvent this warning.
  warnings.warn(

2026-09-17 16:13:15,623:WARNING:C:\Users\Putra\AppData\Local\Programs\Python\Python311\Lib\site-packages\sklearn\ensemble\_weight_boosting.py:519: FutureWarning: The SAMME.R algorithm (the default) is deprecated and will be removed in 1.6. Use the SAMME algorithm to circumvent this warning.
  warnings.warn(

2026-09-17 16:13:15,624:WARNING:C:\Users\Putra\AppData\Local\Programs\Python\Python311\Lib\site-packages\sklearn\ensemble\_weight_boosting.py:519: FutureWarning: The SAMME.R algorithm (the default) is deprecated and will be removed in 1.6. Use the SAMME algorithm to circumvent this warning.
  warnings.warn(

2026-09-17 16:13:15,625:WARNING:C:\Users\Putra\AppData\Local\Programs\Python\Python311\Lib\site-packages\sklearn\ensemble\_weight_boosting.py:519: FutureWarning: The SAMME.R algorithm (the default) is deprecated and will be removed in 1.6. Use the SAMME algorithm to circumvent this warning.
  warnings.warn(

2026-09-17 16:13:15,626:WARNING:C:\Users\Putra\AppData\Local\Programs\Python\Python311\Lib\site-packages\sklearn\ensemble\_weight_boosting.py:519: FutureWarning: The SAMME.R algorithm (the default) is deprecated and will be removed in 1.6. Use the SAMME algorithm to circumvent this warning.
  warnings.warn(

2026-09-17 16:13:15,868:INFO:Calculating mean and std
2026-09-17 16:13:15,869:INFO:Creating metrics dataframe
2026-09-17 16:13:15,871:INFO:Uploading results into container
2026-09-17 16:13:15,871:INFO:Uploading model into container now
2026-09-17 16:13:15,871:INFO:_master_model_container: 9
2026-09-17 16:13:15,871:INFO:_display_container: 2
2026-09-17 16:13:15,871:INFO:AdaBoostClassifier(algorithm='SAMME.R', estimator=None, learning_rate=1.0,
                   n_estimators=50, random_state=5096)
2026-09-17 16:13:15,871:INFO:create_model() successfully completed......................................
2026-09-17 16:13:15,956:INFO:SubProcess create_model() end ==================================
2026-09-17 16:13:15,956:INFO:Creating metrics dataframe
2026-09-17 16:13:15,959:INFO:Initializing Gradient Boosting Classifier
2026-09-17 16:13:15,959:INFO:Total runtime is 0.17381882270177207 minutes
2026-09-17 16:13:15,959:INFO:SubProcess create_model() called ==================================
2026-09-17 16:13:15,959:INFO:Initializing create_model()
2026-09-17 16:13:15,959:INFO:create_model(self=<pycaret.classification.oop.ClassificationExperiment object at 0x0000013DE9AC1C50>, estimator=gbc, fold=StratifiedKFold(n_splits=10, random_state=None, shuffle=False), round=4, cross_validation=True, predict=True, fit_kwargs={}, groups=None, refit=False, probability_threshold=None, experiment_custom_tags=None, verbose=False, system=False, add_to_model_list=True, metrics=None, display=<pycaret.internal.display.display.CommonDisplay object at 0x0000013DF0644890>, model_only=True, return_train_score=False, error_score=0.0, kwargs={})
2026-09-17 16:13:15,959:INFO:Checking exceptions
2026-09-17 16:13:15,959:INFO:Importing libraries
2026-09-17 16:13:15,959:INFO:Copying training dataset
2026-09-17 16:13:15,967:INFO:Defining folds
2026-09-17 16:13:15,967:INFO:Declaring metric variables
2026-09-17 16:13:15,967:INFO:Importing untrained model
2026-09-17 16:13:15,968:INFO:Gradient Boosting Classifier Imported successfully
2026-09-17 16:13:15,968:INFO:Starting cross validation
2026-09-17 16:13:15,969:INFO:Cross validating with StratifiedKFold(n_splits=10, random_state=None, shuffle=False), n_jobs=-1
2026-09-17 16:13:16,661:INFO:Calculating mean and std
2026-09-17 16:13:16,662:INFO:Creating metrics dataframe
2026-09-17 16:13:16,663:INFO:Uploading results into container
2026-09-17 16:13:16,665:INFO:Uploading model into container now
2026-09-17 16:13:16,665:INFO:_master_model_container: 10
2026-09-17 16:13:16,665:INFO:_display_container: 2
2026-09-17 16:13:16,665:INFO:GradientBoostingClassifier(ccp_alpha=0.0, criterion='friedman_mse', init=None,
                           learning_rate=0.1, loss='log_loss', max_depth=3,
                           max_features=None, max_leaf_nodes=None,
                           min_impurity_decrease=0.0, min_samples_leaf=1,
                           min_samples_split=2, min_weight_fraction_leaf=0.0,
                           n_estimators=100, n_iter_no_change=None,
                           random_state=5096, subsample=1.0, tol=0.0001,
                           validation_fraction=0.1, verbose=0,
                           warm_start=False)
2026-09-17 16:13:16,665:INFO:create_model() successfully completed......................................
2026-09-17 16:13:16,724:INFO:SubProcess create_model() end ==================================
2026-09-17 16:13:16,725:INFO:Creating metrics dataframe
2026-09-17 16:13:16,727:INFO:Initializing Linear Discriminant Analysis
2026-09-17 16:13:16,727:INFO:Total runtime is 0.18661451339721682 minutes
2026-09-17 16:13:16,727:INFO:SubProcess create_model() called ==================================
2026-09-17 16:13:16,727:INFO:Initializing create_model()
2026-09-17 16:13:16,727:INFO:create_model(self=<pycaret.classification.oop.ClassificationExperiment object at 0x0000013DE9AC1C50>, estimator=lda, fold=StratifiedKFold(n_splits=10, random_state=None, shuffle=False), round=4, cross_validation=True, predict=True, fit_kwargs={}, groups=None, refit=False, probability_threshold=None, experiment_custom_tags=None, verbose=False, system=False, add_to_model_list=True, metrics=None, display=<pycaret.internal.display.display.CommonDisplay object at 0x0000013DF0644890>, model_only=True, return_train_score=False, error_score=0.0, kwargs={})
2026-09-17 16:13:16,727:INFO:Checking exceptions
2026-09-17 16:13:16,727:INFO:Importing libraries
2026-09-17 16:13:16,727:INFO:Copying training dataset
2026-09-17 16:13:16,734:INFO:Defining folds
2026-09-17 16:13:16,735:INFO:Declaring metric variables
2026-09-17 16:13:16,735:INFO:Importing untrained model
2026-09-17 16:13:16,735:INFO:Linear Discriminant Analysis Imported successfully
2026-09-17 16:13:16,735:INFO:Starting cross validation
2026-09-17 16:13:16,736:INFO:Cross validating with StratifiedKFold(n_splits=10, random_state=None, shuffle=False), n_jobs=-1
2026-09-17 16:13:16,850:INFO:Calculating mean and std
2026-09-17 16:13:16,850:INFO:Creating metrics dataframe
2026-09-17 16:13:16,852:INFO:Uploading results into container
2026-09-17 16:13:16,852:INFO:Uploading model into container now
2026-09-17 16:13:16,853:INFO:_master_model_container: 11
2026-09-17 16:13:16,853:INFO:_display_container: 2
2026-09-17 16:13:16,853:INFO:LinearDiscriminantAnalysis(covariance_estimator=None, n_components=None,
                           priors=None, shrinkage=None, solver='svd',
                           store_covariance=False, tol=0.0001)
2026-09-17 16:13:16,853:INFO:create_model() successfully completed......................................
2026-09-17 16:13:16,975:INFO:SubProcess create_model() end ==================================
2026-09-17 16:13:16,975:INFO:Creating metrics dataframe
2026-09-17 16:13:16,977:INFO:Initializing Extra Trees Classifier
2026-09-17 16:13:16,977:INFO:Total runtime is 0.19077967802683515 minutes
2026-09-17 16:13:16,977:INFO:SubProcess create_model() called ==================================
2026-09-17 16:13:16,977:INFO:Initializing create_model()
2026-09-17 16:13:16,977:INFO:create_model(self=<pycaret.classification.oop.ClassificationExperiment object at 0x0000013DE9AC1C50>, estimator=et, fold=StratifiedKFold(n_splits=10, random_state=None, shuffle=False), round=4, cross_validation=True, predict=True, fit_kwargs={}, groups=None, refit=False, probability_threshold=None, experiment_custom_tags=None, verbose=False, system=False, add_to_model_list=True, metrics=None, display=<pycaret.internal.display.display.CommonDisplay object at 0x0000013DF0644890>, model_only=True, return_train_score=False, error_score=0.0, kwargs={})
2026-09-17 16:13:16,977:INFO:Checking exceptions
2026-09-17 16:13:16,977:INFO:Importing libraries
2026-09-17 16:13:16,977:INFO:Copying training dataset
2026-09-17 16:13:16,983:INFO:Defining folds
2026-09-17 16:13:16,983:INFO:Declaring metric variables
2026-09-17 16:13:16,983:INFO:Importing untrained model
2026-09-17 16:13:16,985:INFO:Extra Trees Classifier Imported successfully
2026-09-17 16:13:16,985:INFO:Starting cross validation
2026-09-17 16:13:16,986:INFO:Cross validating with StratifiedKFold(n_splits=10, random_state=None, shuffle=False), n_jobs=-1
2026-09-17 16:13:17,321:INFO:Calculating mean and std
2026-09-17 16:13:17,322:INFO:Creating metrics dataframe
2026-09-17 16:13:17,323:INFO:Uploading results into container
2026-09-17 16:13:17,323:INFO:Uploading model into container now
2026-09-17 16:13:17,323:INFO:_master_model_container: 12
2026-09-17 16:13:17,323:INFO:_display_container: 2
2026-09-17 16:13:17,324:INFO:ExtraTreesClassifier(bootstrap=False, ccp_alpha=0.0, class_weight=None,
                     criterion='gini', max_depth=None, max_features='sqrt',
                     max_leaf_nodes=None, max_samples=None,
                     min_impurity_decrease=0.0, min_samples_leaf=1,
                     min_samples_split=2, min_weight_fraction_leaf=0.0,
                     monotonic_cst=None, n_estimators=100, n_jobs=-1,
                     oob_score=False, random_state=5096, verbose=0,
                     warm_start=False)
2026-09-17 16:13:17,324:INFO:create_model() successfully completed......................................
2026-09-17 16:13:17,396:INFO:SubProcess create_model() end ==================================
2026-09-17 16:13:17,396:INFO:Creating metrics dataframe
2026-09-17 16:13:17,399:INFO:Initializing Extreme Gradient Boosting
2026-09-17 16:13:17,399:INFO:Total runtime is 0.1978187998135885 minutes
2026-09-17 16:13:17,399:INFO:SubProcess create_model() called ==================================
2026-09-17 16:13:17,399:INFO:Initializing create_model()
2026-09-17 16:13:17,399:INFO:create_model(self=<pycaret.classification.oop.ClassificationExperiment object at 0x0000013DE9AC1C50>, estimator=xgboost, fold=StratifiedKFold(n_splits=10, random_state=None, shuffle=False), round=4, cross_validation=True, predict=True, fit_kwargs={}, groups=None, refit=False, probability_threshold=None, experiment_custom_tags=None, verbose=False, system=False, add_to_model_list=True, metrics=None, display=<pycaret.internal.display.display.CommonDisplay object at 0x0000013DF0644890>, model_only=True, return_train_score=False, error_score=0.0, kwargs={})
2026-09-17 16:13:17,399:INFO:Checking exceptions
2026-09-17 16:13:17,399:INFO:Importing libraries
2026-09-17 16:13:17,399:INFO:Copying training dataset
2026-09-17 16:13:17,402:INFO:Defining folds
2026-09-17 16:13:17,402:INFO:Declaring metric variables
2026-09-17 16:13:17,402:INFO:Importing untrained model
2026-09-17 16:13:17,404:INFO:Extreme Gradient Boosting Imported successfully
2026-09-17 16:13:17,404:INFO:Starting cross validation
2026-09-17 16:13:17,404:INFO:Cross validating with StratifiedKFold(n_splits=10, random_state=None, shuffle=False), n_jobs=-1
2026-09-17 16:13:19,452:INFO:Calculating mean and std
2026-09-17 16:13:19,452:INFO:Creating metrics dataframe
2026-09-17 16:13:19,453:INFO:Uploading results into container
2026-09-17 16:13:19,455:INFO:Uploading model into container now
2026-09-17 16:13:19,455:INFO:_master_model_container: 13
2026-09-17 16:13:19,455:INFO:_display_container: 2
2026-09-17 16:13:19,455:INFO:XGBClassifier(base_score=None, booster='gbtree', callbacks=None,
              colsample_bylevel=None, colsample_bynode=None,
              colsample_bytree=None, device='cpu', early_stopping_rounds=None,
              enable_categorical=False, eval_metric=None, feature_types=None,
              gamma=None, grow_policy=None, importance_type=None,
              interaction_constraints=None, learning_rate=None, max_bin=None,
              max_cat_threshold=None, max_cat_to_onehot=None,
              max_delta_step=None, max_depth=None, max_leaves=None,
              min_child_weight=None, missing=nan, monotone_constraints=None,
              multi_strategy=None, n_estimators=None, n_jobs=-1,
              num_parallel_tree=None, objective='binary:logistic', ...)
2026-09-17 16:13:19,455:INFO:create_model() successfully completed......................................
2026-09-17 16:13:19,516:INFO:SubProcess create_model() end ==================================
2026-09-17 16:13:19,516:INFO:Creating metrics dataframe
2026-09-17 16:13:19,518:INFO:Initializing Light Gradient Boosting Machine
2026-09-17 16:13:19,518:INFO:Total runtime is 0.23313688437143965 minutes
2026-09-17 16:13:19,518:INFO:SubProcess create_model() called ==================================
2026-09-17 16:13:19,518:INFO:Initializing create_model()
2026-09-17 16:13:19,518:INFO:create_model(self=<pycaret.classification.oop.ClassificationExperiment object at 0x0000013DE9AC1C50>, estimator=lightgbm, fold=StratifiedKFold(n_splits=10, random_state=None, shuffle=False), round=4, cross_validation=True, predict=True, fit_kwargs={}, groups=None, refit=False, probability_threshold=None, experiment_custom_tags=None, verbose=False, system=False, add_to_model_list=True, metrics=None, display=<pycaret.internal.display.display.CommonDisplay object at 0x0000013DF0644890>, model_only=True, return_train_score=False, error_score=0.0, kwargs={})
2026-09-17 16:13:19,518:INFO:Checking exceptions
2026-09-17 16:13:19,518:INFO:Importing libraries
2026-09-17 16:13:19,518:INFO:Copying training dataset
2026-09-17 16:13:19,521:INFO:Defining folds
2026-09-17 16:13:19,521:INFO:Declaring metric variables
2026-09-17 16:13:19,521:INFO:Importing untrained model
2026-09-17 16:13:19,521:INFO:Light Gradient Boosting Machine Imported successfully
2026-09-17 16:13:19,521:INFO:Starting cross validation
2026-09-17 16:13:19,522:INFO:Cross validating with StratifiedKFold(n_splits=10, random_state=None, shuffle=False), n_jobs=-1
2026-09-17 16:13:19,591:WARNING:create_model() for lightgbm raised an exception or returned all 0.0, trying without fit_kwargs:
2026-09-17 16:13:19,595:WARNING:Traceback (most recent call last):
  File "C:\Users\Putra\AppData\Local\Programs\Python\Python311\Lib\site-packages\pycaret\internal\pycaret_experiment\supervised_experiment.py", line 794, in compare_models
    model, model_fit_time = self._create_model(**create_model_args)
                            ^^^^^^^^^^^^^^^^^^^^^^^^^^^^^^^^^^^^^^^
  File "C:\Users\Putra\AppData\Local\Programs\Python\Python311\Lib\site-packages\pycaret\internal\pycaret_experiment\supervised_experiment.py", line 1533, in _create_model
    model, model_fit_time, model_results, _ = self._create_model_with_cv(
                                              ^^^^^^^^^^^^^^^^^^^^^^^^^^^
  File "C:\Users\Putra\AppData\Local\Programs\Python\Python311\Lib\site-packages\pycaret\internal\pycaret_experiment\supervised_experiment.py", line 1126, in _create_model_with_cv
    scores = cross_validate(
             ^^^^^^^^^^^^^^^
  File "C:\Users\Putra\AppData\Local\Programs\Python\Python311\Lib\site-packages\sklearn\utils\_param_validation.py", line 213, in wrapper
    return func(*args, **kwargs)
           ^^^^^^^^^^^^^^^^^^^^^
  File "C:\Users\Putra\AppData\Local\Programs\Python\Python311\Lib\site-packages\sklearn\model_selection\_validation.py", line 450, in cross_validate
    _warn_or_raise_about_fit_failures(results, error_score)
  File "C:\Users\Putra\AppData\Local\Programs\Python\Python311\Lib\site-packages\sklearn\model_selection\_validation.py", line 536, in _warn_or_raise_about_fit_failures
    raise ValueError(all_fits_failed_message)
ValueError: 
All the 10 fits failed.
It is very likely that your model is misconfigured.
You can try to debug the error by setting error_score='raise'.

Below are more details about the failures:
--------------------------------------------------------------------------------
10 fits failed with the following error:
Traceback (most recent call last):
  File "C:\Users\Putra\AppData\Local\Programs\Python\Python311\Lib\site-packages\sklearn\model_selection\_validation.py", line 895, in _fit_and_score
    estimator.fit(X_train, y_train, **fit_params)
  File "C:\Users\Putra\AppData\Local\Programs\Python\Python311\Lib\site-packages\pycaret\internal\pipeline.py", line 278, in fit
    fitted_estimator = self._memory_fit(
                       ^^^^^^^^^^^^^^^^^
  File "C:\Users\Putra\AppData\Local\Programs\Python\Python311\Lib\site-packages\joblib\memory.py", line 353, in __call__
    return self.func(*args, **kwargs)
           ^^^^^^^^^^^^^^^^^^^^^^^^^^
  File "C:\Users\Putra\AppData\Local\Programs\Python\Python311\Lib\site-packages\pycaret\internal\pipeline.py", line 69, in _fit_one
    transformer.fit(*args)
  File "C:\Users\Putra\AppData\Local\Programs\Python\Python311\Lib\site-packages\lightgbm\sklearn.py", line 1704, in fit
    super().fit(
  File "C:\Users\Putra\AppData\Local\Programs\Python\Python311\Lib\site-packages\lightgbm\sklearn.py", line 1171, in fit
    self._Booster = train(
                    ^^^^^^
  File "C:\Users\Putra\AppData\Local\Programs\Python\Python311\Lib\site-packages\lightgbm\engine.py", line 296, in train
    booster = Booster(params=params, train_set=train_set)
              ^^^^^^^^^^^^^^^^^^^^^^^^^^^^^^^^^^^^^^^^^^^
  File "C:\Users\Putra\AppData\Local\Programs\Python\Python311\Lib\site-packages\lightgbm\basic.py", line 3758, in __init__
    train_set.construct()
  File "C:\Users\Putra\AppData\Local\Programs\Python\Python311\Lib\site-packages\lightgbm\basic.py", line 2574, in construct
    self._lazy_init(
  File "C:\Users\Putra\AppData\Local\Programs\Python\Python311\Lib\site-packages\lightgbm\basic.py", line 2189, in _lazy_init
    self.set_label(label)
  File "C:\Users\Putra\AppData\Local\Programs\Python\Python311\Lib\site-packages\lightgbm\basic.py", line 3097, in set_label
    self.set_field("label", label_array)
  File "C:\Users\Putra\AppData\Local\Programs\Python\Python311\Lib\site-packages\lightgbm\basic.py", line 2860, in set_field
    _LIB.LGBM_DatasetSetField(
OSError: exception: access violation reading 0x0000000000000000


2026-09-17 16:13:19,595:INFO:Initializing create_model()
2026-09-17 16:13:19,595:INFO:create_model(self=<pycaret.classification.oop.ClassificationExperiment object at 0x0000013DE9AC1C50>, estimator=lightgbm, fold=StratifiedKFold(n_splits=10, random_state=None, shuffle=False), round=4, cross_validation=True, predict=True, fit_kwargs={}, groups=None, refit=False, probability_threshold=None, experiment_custom_tags=None, verbose=False, system=False, add_to_model_list=True, metrics=None, display=<pycaret.internal.display.display.CommonDisplay object at 0x0000013DF0644890>, model_only=True, return_train_score=False, error_score=0.0, kwargs={})
2026-09-17 16:13:19,595:INFO:Checking exceptions
2026-09-17 16:13:19,595:INFO:Importing libraries
2026-09-17 16:13:19,595:INFO:Copying training dataset
2026-09-17 16:13:19,602:INFO:Defining folds
2026-09-17 16:13:19,602:INFO:Declaring metric variables
2026-09-17 16:13:19,602:INFO:Importing untrained model
2026-09-17 16:13:19,603:INFO:Light Gradient Boosting Machine Imported successfully
2026-09-17 16:13:19,603:INFO:Starting cross validation
2026-09-17 16:13:19,604:INFO:Cross validating with StratifiedKFold(n_splits=10, random_state=None, shuffle=False), n_jobs=-1
2026-09-17 16:13:19,712:ERROR:create_model() for lightgbm raised an exception or returned all 0.0:
2026-09-17 16:13:19,714:ERROR:Traceback (most recent call last):
  File "C:\Users\Putra\AppData\Local\Programs\Python\Python311\Lib\site-packages\pycaret\internal\pycaret_experiment\supervised_experiment.py", line 794, in compare_models
    model, model_fit_time = self._create_model(**create_model_args)
                            ^^^^^^^^^^^^^^^^^^^^^^^^^^^^^^^^^^^^^^^
  File "C:\Users\Putra\AppData\Local\Programs\Python\Python311\Lib\site-packages\pycaret\internal\pycaret_experiment\supervised_experiment.py", line 1533, in _create_model
    model, model_fit_time, model_results, _ = self._create_model_with_cv(
                                              ^^^^^^^^^^^^^^^^^^^^^^^^^^^
  File "C:\Users\Putra\AppData\Local\Programs\Python\Python311\Lib\site-packages\pycaret\internal\pycaret_experiment\supervised_experiment.py", line 1126, in _create_model_with_cv
    scores = cross_validate(
             ^^^^^^^^^^^^^^^
  File "C:\Users\Putra\AppData\Local\Programs\Python\Python311\Lib\site-packages\sklearn\utils\_param_validation.py", line 213, in wrapper
    return func(*args, **kwargs)
           ^^^^^^^^^^^^^^^^^^^^^
  File "C:\Users\Putra\AppData\Local\Programs\Python\Python311\Lib\site-packages\sklearn\model_selection\_validation.py", line 450, in cross_validate
    _warn_or_raise_about_fit_failures(results, error_score)
  File "C:\Users\Putra\AppData\Local\Programs\Python\Python311\Lib\site-packages\sklearn\model_selection\_validation.py", line 536, in _warn_or_raise_about_fit_failures
    raise ValueError(all_fits_failed_message)
ValueError: 
All the 10 fits failed.
It is very likely that your model is misconfigured.
You can try to debug the error by setting error_score='raise'.

Below are more details about the failures:
--------------------------------------------------------------------------------
10 fits failed with the following error:
Traceback (most recent call last):
  File "C:\Users\Putra\AppData\Local\Programs\Python\Python311\Lib\site-packages\sklearn\model_selection\_validation.py", line 895, in _fit_and_score
    estimator.fit(X_train, y_train, **fit_params)
  File "C:\Users\Putra\AppData\Local\Programs\Python\Python311\Lib\site-packages\pycaret\internal\pipeline.py", line 278, in fit
    fitted_estimator = self._memory_fit(
                       ^^^^^^^^^^^^^^^^^
  File "C:\Users\Putra\AppData\Local\Programs\Python\Python311\Lib\site-packages\joblib\memory.py", line 353, in __call__
    return self.func(*args, **kwargs)
           ^^^^^^^^^^^^^^^^^^^^^^^^^^
  File "C:\Users\Putra\AppData\Local\Programs\Python\Python311\Lib\site-packages\pycaret\internal\pipeline.py", line 69, in _fit_one
    transformer.fit(*args)
  File "C:\Users\Putra\AppData\Local\Programs\Python\Python311\Lib\site-packages\lightgbm\sklearn.py", line 1704, in fit
    super().fit(
  File "C:\Users\Putra\AppData\Local\Programs\Python\Python311\Lib\site-packages\lightgbm\sklearn.py", line 1171, in fit
    self._Booster = train(
                    ^^^^^^
  File "C:\Users\Putra\AppData\Local\Programs\Python\Python311\Lib\site-packages\lightgbm\engine.py", line 296, in train
    booster = Booster(params=params, train_set=train_set)
              ^^^^^^^^^^^^^^^^^^^^^^^^^^^^^^^^^^^^^^^^^^^
  File "C:\Users\Putra\AppData\Local\Programs\Python\Python311\Lib\site-packages\lightgbm\basic.py", line 3758, in __init__
    train_set.construct()
  File "C:\Users\Putra\AppData\Local\Programs\Python\Python311\Lib\site-packages\lightgbm\basic.py", line 2574, in construct
    self._lazy_init(
  File "C:\Users\Putra\AppData\Local\Programs\Python\Python311\Lib\site-packages\lightgbm\basic.py", line 2189, in _lazy_init
    self.set_label(label)
  File "C:\Users\Putra\AppData\Local\Programs\Python\Python311\Lib\site-packages\lightgbm\basic.py", line 3097, in set_label
    self.set_field("label", label_array)
  File "C:\Users\Putra\AppData\Local\Programs\Python\Python311\Lib\site-packages\lightgbm\basic.py", line 2860, in set_field
    _LIB.LGBM_DatasetSetField(
OSError: exception: access violation reading 0x0000000000000000


During handling of the above exception, another exception occurred:

Traceback (most recent call last):
  File "C:\Users\Putra\AppData\Local\Programs\Python\Python311\Lib\site-packages\pycaret\internal\pycaret_experiment\supervised_experiment.py", line 815, in compare_models
    model, model_fit_time = self._create_model(**create_model_args)
                            ^^^^^^^^^^^^^^^^^^^^^^^^^^^^^^^^^^^^^^^
  File "C:\Users\Putra\AppData\Local\Programs\Python\Python311\Lib\site-packages\pycaret\internal\pycaret_experiment\supervised_experiment.py", line 1533, in _create_model
    model, model_fit_time, model_results, _ = self._create_model_with_cv(
                                              ^^^^^^^^^^^^^^^^^^^^^^^^^^^
  File "C:\Users\Putra\AppData\Local\Programs\Python\Python311\Lib\site-packages\pycaret\internal\pycaret_experiment\supervised_experiment.py", line 1126, in _create_model_with_cv
    scores = cross_validate(
             ^^^^^^^^^^^^^^^
  File "C:\Users\Putra\AppData\Local\Programs\Python\Python311\Lib\site-packages\sklearn\utils\_param_validation.py", line 213, in wrapper
    return func(*args, **kwargs)
           ^^^^^^^^^^^^^^^^^^^^^
  File "C:\Users\Putra\AppData\Local\Programs\Python\Python311\Lib\site-packages\sklearn\model_selection\_validation.py", line 450, in cross_validate
    _warn_or_raise_about_fit_failures(results, error_score)
  File "C:\Users\Putra\AppData\Local\Programs\Python\Python311\Lib\site-packages\sklearn\model_selection\_validation.py", line 536, in _warn_or_raise_about_fit_failures
    raise ValueError(all_fits_failed_message)
ValueError: 
All the 10 fits failed.
It is very likely that your model is misconfigured.
You can try to debug the error by setting error_score='raise'.

Below are more details about the failures:
--------------------------------------------------------------------------------
10 fits failed with the following error:
Traceback (most recent call last):
  File "C:\Users\Putra\AppData\Local\Programs\Python\Python311\Lib\site-packages\sklearn\model_selection\_validation.py", line 895, in _fit_and_score
    estimator.fit(X_train, y_train, **fit_params)
  File "C:\Users\Putra\AppData\Local\Programs\Python\Python311\Lib\site-packages\pycaret\internal\pipeline.py", line 278, in fit
    fitted_estimator = self._memory_fit(
                       ^^^^^^^^^^^^^^^^^
  File "C:\Users\Putra\AppData\Local\Programs\Python\Python311\Lib\site-packages\joblib\memory.py", line 353, in __call__
    return self.func(*args, **kwargs)
           ^^^^^^^^^^^^^^^^^^^^^^^^^^
  File "C:\Users\Putra\AppData\Local\Programs\Python\Python311\Lib\site-packages\pycaret\internal\pipeline.py", line 69, in _fit_one
    transformer.fit(*args)
  File "C:\Users\Putra\AppData\Local\Programs\Python\Python311\Lib\site-packages\lightgbm\sklearn.py", line 1704, in fit
    super().fit(
  File "C:\Users\Putra\AppData\Local\Programs\Python\Python311\Lib\site-packages\lightgbm\sklearn.py", line 1171, in fit
    self._Booster = train(
                    ^^^^^^
  File "C:\Users\Putra\AppData\Local\Programs\Python\Python311\Lib\site-packages\lightgbm\engine.py", line 296, in train
    booster = Booster(params=params, train_set=train_set)
              ^^^^^^^^^^^^^^^^^^^^^^^^^^^^^^^^^^^^^^^^^^^
  File "C:\Users\Putra\AppData\Local\Programs\Python\Python311\Lib\site-packages\lightgbm\basic.py", line 3758, in __init__
    train_set.construct()
  File "C:\Users\Putra\AppData\Local\Programs\Python\Python311\Lib\site-packages\lightgbm\basic.py", line 2574, in construct
    self._lazy_init(
  File "C:\Users\Putra\AppData\Local\Programs\Python\Python311\Lib\site-packages\lightgbm\basic.py", line 2189, in _lazy_init
    self.set_label(label)
  File "C:\Users\Putra\AppData\Local\Programs\Python\Python311\Lib\site-packages\lightgbm\basic.py", line 3097, in set_label
    self.set_field("label", label_array)
  File "C:\Users\Putra\AppData\Local\Programs\Python\Python311\Lib\site-packages\lightgbm\basic.py", line 2860, in set_field
    _LIB.LGBM_DatasetSetField(
OSError: exception: access violation reading 0x0000000000000000


2026-09-17 16:13:19,714:INFO:Initializing Dummy Classifier
2026-09-17 16:13:19,714:INFO:Total runtime is 0.23639790614446007 minutes
2026-09-17 16:13:19,715:INFO:SubProcess create_model() called ==================================
2026-09-17 16:13:19,715:INFO:Initializing create_model()
2026-09-17 16:13:19,715:INFO:create_model(self=<pycaret.classification.oop.ClassificationExperiment object at 0x0000013DE9AC1C50>, estimator=dummy, fold=StratifiedKFold(n_splits=10, random_state=None, shuffle=False), round=4, cross_validation=True, predict=True, fit_kwargs={}, groups=None, refit=False, probability_threshold=None, experiment_custom_tags=None, verbose=False, system=False, add_to_model_list=True, metrics=None, display=<pycaret.internal.display.display.CommonDisplay object at 0x0000013DF0644890>, model_only=True, return_train_score=False, error_score=0.0, kwargs={})
2026-09-17 16:13:19,715:INFO:Checking exceptions
2026-09-17 16:13:19,715:INFO:Importing libraries
2026-09-17 16:13:19,715:INFO:Copying training dataset
2026-09-17 16:13:19,721:INFO:Defining folds
2026-09-17 16:13:19,721:INFO:Declaring metric variables
2026-09-17 16:13:19,721:INFO:Importing untrained model
2026-09-17 16:13:19,722:INFO:Dummy Classifier Imported successfully
2026-09-17 16:13:19,722:INFO:Starting cross validation
2026-09-17 16:13:19,723:INFO:Cross validating with StratifiedKFold(n_splits=10, random_state=None, shuffle=False), n_jobs=-1
2026-09-17 16:13:19,815:INFO:Calculating mean and std
2026-09-17 16:13:19,815:INFO:Creating metrics dataframe
2026-09-17 16:13:19,816:INFO:Uploading results into container
2026-09-17 16:13:19,816:INFO:Uploading model into container now
2026-09-17 16:13:19,817:INFO:_master_model_container: 14
2026-09-17 16:13:19,817:INFO:_display_container: 2
2026-09-17 16:13:19,817:INFO:DummyClassifier(constant=None, random_state=5096, strategy='prior')
2026-09-17 16:13:19,817:INFO:create_model() successfully completed......................................
2026-09-17 16:13:19,879:INFO:SubProcess create_model() end ==================================
2026-09-17 16:13:19,879:INFO:Creating metrics dataframe
2026-09-17 16:13:19,882:WARNING:C:\Users\Putra\AppData\Local\Programs\Python\Python311\Lib\site-packages\pycaret\internal\pycaret_experiment\supervised_experiment.py:339: FutureWarning: Styler.applymap has been deprecated. Use Styler.map instead.
  .applymap(highlight_cols, subset=["TT (Sec)"])

2026-09-17 16:13:19,883:INFO:Initializing create_model()
2026-09-17 16:13:19,883:INFO:create_model(self=<pycaret.classification.oop.ClassificationExperiment object at 0x0000013DE9AC1C50>, estimator=ExtraTreesClassifier(bootstrap=False, ccp_alpha=0.0, class_weight=None,
                     criterion='gini', max_depth=None, max_features='sqrt',
                     max_leaf_nodes=None, max_samples=None,
                     min_impurity_decrease=0.0, min_samples_leaf=1,
                     min_samples_split=2, min_weight_fraction_leaf=0.0,
                     monotonic_cst=None, n_estimators=100, n_jobs=-1,
                     oob_score=False, random_state=5096, verbose=0,
                     warm_start=False), fold=StratifiedKFold(n_splits=10, random_state=None, shuffle=False), round=4, cross_validation=False, predict=False, fit_kwargs={}, groups=None, refit=True, probability_threshold=None, experiment_custom_tags=None, verbose=False, system=False, add_to_model_list=True, metrics=None, display=None, model_only=True, return_train_score=False, error_score=0.0, kwargs={})
2026-09-17 16:13:19,883:INFO:Checking exceptions
2026-09-17 16:13:19,883:INFO:Importing libraries
2026-09-17 16:13:19,883:INFO:Copying training dataset
2026-09-17 16:13:19,889:INFO:Defining folds
2026-09-17 16:13:19,889:INFO:Declaring metric variables
2026-09-17 16:13:19,890:INFO:Importing untrained model
2026-09-17 16:13:19,890:INFO:Declaring custom model
2026-09-17 16:13:19,890:INFO:Extra Trees Classifier Imported successfully
2026-09-17 16:13:19,890:INFO:Cross validation set to False
2026-09-17 16:13:19,890:INFO:Fitting Model
2026-09-17 16:13:19,974:INFO:ExtraTreesClassifier(bootstrap=False, ccp_alpha=0.0, class_weight=None,
                     criterion='gini', max_depth=None, max_features='sqrt',
                     max_leaf_nodes=None, max_samples=None,
                     min_impurity_decrease=0.0, min_samples_leaf=1,
                     min_samples_split=2, min_weight_fraction_leaf=0.0,
                     monotonic_cst=None, n_estimators=100, n_jobs=-1,
                     oob_score=False, random_state=5096, verbose=0,
                     warm_start=False)
2026-09-17 16:13:19,974:INFO:create_model() successfully completed......................................
2026-09-17 16:13:20,047:INFO:_master_model_container: 14
2026-09-17 16:13:20,047:INFO:_display_container: 2
2026-09-17 16:13:20,047:INFO:ExtraTreesClassifier(bootstrap=False, ccp_alpha=0.0, class_weight=None,
                     criterion='gini', max_depth=None, max_features='sqrt',
                     max_leaf_nodes=None, max_samples=None,
                     min_impurity_decrease=0.0, min_samples_leaf=1,
                     min_samples_split=2, min_weight_fraction_leaf=0.0,
                     monotonic_cst=None, n_estimators=100, n_jobs=-1,
                     oob_score=False, random_state=5096, verbose=0,
                     warm_start=False)
2026-09-17 16:13:20,047:INFO:compare_models() successfully completed......................................
